2026-05-20 12:22:52,371 - src.base.trainer - INFO - the number of parameters: 46488
2026-05-20 12:26:27,194 - src.base.trainer - INFO - the number of parameters: 46488
2026-05-20 12:27:04,051 - src.base.trainer - INFO - the number of parameters: 46488
2026-05-20 12:28:55,047 - src.base.trainer - INFO - the number of parameters: 46488
2026-05-20 12:28:55,051 - src.base.trainer - INFO - start training !!!!!
2026-05-20 12:29:00,348 - src.base.trainer - INFO - epoch complete
2026-05-20 12:29:00,348 - src.base.trainer - INFO - evaluating now!
2026-05-20 12:29:01,220 - src.base.trainer - INFO - Epoch [0/250] (159) train_mae: 12.1807, val_mae: 12.6270, lr: 0.000010, 5.3s
2026-05-20 12:29:01,223 - src.base.trainer - INFO - Val loss decrease from inf to 12.6270, saving to True
2026-05-20 12:29:06,269 - src.base.trainer - INFO - epoch complete
2026-05-20 12:29:06,269 - src.base.trainer - INFO - evaluating now!
2026-05-20 12:29:07,173 - src.base.trainer - INFO - Epoch [1/250] (318) train_mae: 9.8229, val_mae: 10.7191, lr: 0.000010, 5.0s
2026-05-20 12:29:07,174 - src.base.trainer - INFO - Val loss decrease from 12.6270 to 10.7191, saving to True
2026-05-20 12:29:10,752 - src.base.trainer - INFO - Epoch [2/250] (400) train_mae: 8.3637, val_mae: 9.8951 
2026-05-20 12:29:10,753 - src.base.trainer - INFO - Val loss decrease from 10.7191 to 9.8951, saving to True
2026-05-20 12:29:13,234 - src.base.trainer - INFO - epoch complete
2026-05-20 12:29:13,234 - src.base.trainer - INFO - evaluating now!
2026-05-20 12:29:14,114 - src.base.trainer - INFO - Epoch [2/250] (477) train_mae: 8.0323, val_mae: 9.3412, lr: 0.000010, 6.1s
2026-05-20 12:29:14,115 - src.base.trainer - INFO - Val loss decrease from 9.8951 to 9.3412, saving to True
2026-05-20 12:29:19,148 - src.base.trainer - INFO - epoch complete
2026-05-20 12:29:19,148 - src.base.trainer - INFO - evaluating now!
2026-05-20 12:29:20,008 - src.base.trainer - INFO - Epoch [3/250] (636) train_mae: 6.9843, val_mae: 8.4547, lr: 0.000010, 5.0s
2026-05-20 12:29:20,009 - src.base.trainer - INFO - Val loss decrease from 9.3412 to 8.4547, saving to True
2026-05-20 12:29:25,187 - src.base.trainer - INFO - epoch complete
2026-05-20 12:29:25,187 - src.base.trainer - INFO - evaluating now!
2026-05-20 12:29:26,132 - src.base.trainer - INFO - Epoch [4/250] (795) train_mae: 6.2937, val_mae: 7.7188, lr: 0.000010, 5.2s
2026-05-20 12:29:26,133 - src.base.trainer - INFO - Val loss decrease from 8.4547 to 7.7188, saving to True
2026-05-20 12:29:27,266 - src.base.trainer - INFO - Epoch [5/250] (800) train_mae: 5.4013, val_mae: 7.6952 
2026-05-20 12:29:27,267 - src.base.trainer - INFO - Val loss decrease from 7.7188 to 7.6952, saving to True
2026-05-20 12:29:32,256 - src.base.trainer - INFO - epoch complete
2026-05-20 12:29:32,259 - src.base.trainer - INFO - evaluating now!
2026-05-20 12:29:33,121 - src.base.trainer - INFO - Epoch [5/250] (954) train_mae: 5.7868, val_mae: 7.1144, lr: 0.000010, 6.1s
2026-05-20 12:29:33,122 - src.base.trainer - INFO - Val loss decrease from 7.6952 to 7.1144, saving to True
2026-05-20 12:29:38,243 - src.base.trainer - INFO - epoch complete
2026-05-20 12:29:38,243 - src.base.trainer - INFO - evaluating now!
2026-05-20 12:29:39,121 - src.base.trainer - INFO - Epoch [6/250] (1113) train_mae: 5.3748, val_mae: 6.6163, lr: 0.000010, 5.1s
2026-05-20 12:29:39,122 - src.base.trainer - INFO - Val loss decrease from 7.1144 to 6.6163, saving to True
2026-05-20 12:29:42,761 - src.base.trainer - INFO - Epoch [7/250] (1200) train_mae: 5.1348, val_mae: 6.3716 
2026-05-20 12:29:42,762 - src.base.trainer - INFO - Val loss decrease from 6.6163 to 6.3716, saving to True
2026-05-20 12:29:45,052 - src.base.trainer - INFO - epoch complete
2026-05-20 12:29:45,053 - src.base.trainer - INFO - evaluating now!
2026-05-20 12:29:45,924 - src.base.trainer - INFO - Epoch [7/250] (1272) train_mae: 5.0365, val_mae: 6.1977, lr: 0.000010, 5.9s
2026-05-20 12:29:45,925 - src.base.trainer - INFO - Val loss decrease from 6.3716 to 6.1977, saving to True
2026-05-20 12:29:51,137 - src.base.trainer - INFO - epoch complete
2026-05-20 12:29:51,137 - src.base.trainer - INFO - evaluating now!
2026-05-20 12:29:52,013 - src.base.trainer - INFO - Epoch [8/250] (1431) train_mae: 4.7587, val_mae: 5.8384, lr: 0.000010, 5.2s
2026-05-20 12:29:52,014 - src.base.trainer - INFO - Val loss decrease from 6.1977 to 5.8384, saving to True
2026-05-20 12:29:57,255 - src.base.trainer - INFO - epoch complete
2026-05-20 12:29:57,255 - src.base.trainer - INFO - evaluating now!
2026-05-20 12:29:58,125 - src.base.trainer - INFO - Epoch [9/250] (1590) train_mae: 4.5142, val_mae: 5.5367, lr: 0.000007, 5.2s
2026-05-20 12:29:58,126 - src.base.trainer - INFO - Val loss decrease from 5.8384 to 5.5367, saving to True
2026-05-20 12:29:59,348 - src.base.trainer - INFO - Epoch [10/250] (1600) train_mae: 4.7367, val_mae: 5.5233 
2026-05-20 12:29:59,349 - src.base.trainer - INFO - Val loss decrease from 5.5367 to 5.5233, saving to True
2026-05-20 12:30:04,138 - src.base.trainer - INFO - epoch complete
2026-05-20 12:30:04,138 - src.base.trainer - INFO - evaluating now!
2026-05-20 12:30:05,012 - src.base.trainer - INFO - Epoch [10/250] (1749) train_mae: 4.3359, val_mae: 5.3446, lr: 0.000007, 6.0s
2026-05-20 12:30:05,013 - src.base.trainer - INFO - Val loss decrease from 5.5233 to 5.3446, saving to True
2026-05-20 12:30:10,082 - src.base.trainer - INFO - epoch complete
2026-05-20 12:30:10,083 - src.base.trainer - INFO - evaluating now!
2026-05-20 12:30:10,949 - src.base.trainer - INFO - Epoch [11/250] (1908) train_mae: 4.2057, val_mae: 5.1780, lr: 0.000007, 5.1s
2026-05-20 12:30:10,950 - src.base.trainer - INFO - Val loss decrease from 5.3446 to 5.1780, saving to True
2026-05-20 12:30:14,824 - src.base.trainer - INFO - Epoch [12/250] (2000) train_mae: 4.1452, val_mae: 5.0920 
2026-05-20 12:30:14,825 - src.base.trainer - INFO - Val loss decrease from 5.1780 to 5.0920, saving to True
2026-05-20 12:30:16,972 - src.base.trainer - INFO - epoch complete
2026-05-20 12:30:16,972 - src.base.trainer - INFO - evaluating now!
2026-05-20 12:30:17,879 - src.base.trainer - INFO - Epoch [12/250] (2067) train_mae: 4.0917, val_mae: 5.0339, lr: 0.000007, 6.0s
2026-05-20 12:30:17,880 - src.base.trainer - INFO - Val loss decrease from 5.0920 to 5.0339, saving to True
2026-05-20 12:30:22,973 - src.base.trainer - INFO - epoch complete
2026-05-20 12:30:22,973 - src.base.trainer - INFO - evaluating now!
2026-05-20 12:30:23,852 - src.base.trainer - INFO - Epoch [13/250] (2226) train_mae: 3.9931, val_mae: 4.9071, lr: 0.000007, 5.1s
2026-05-20 12:30:23,853 - src.base.trainer - INFO - Val loss decrease from 5.0339 to 4.9071, saving to True
2026-05-20 12:30:28,970 - src.base.trainer - INFO - epoch complete
2026-05-20 12:30:28,970 - src.base.trainer - INFO - evaluating now!
2026-05-20 12:30:30,371 - src.base.trainer - INFO - Epoch [14/250] (2385) train_mae: 3.9067, val_mae: 4.7976, lr: 0.000007, 5.1s
2026-05-20 12:30:30,375 - src.base.trainer - INFO - Val loss decrease from 4.9071 to 4.7976, saving to True
2026-05-20 12:30:32,313 - src.base.trainer - INFO - Epoch [15/250] (2400) train_mae: 3.7716, val_mae: 4.7886 
2026-05-20 12:30:32,314 - src.base.trainer - INFO - Val loss decrease from 4.7976 to 4.7886, saving to True
2026-05-20 12:30:37,094 - src.base.trainer - INFO - epoch complete
2026-05-20 12:30:37,094 - src.base.trainer - INFO - evaluating now!
2026-05-20 12:30:38,236 - src.base.trainer - INFO - Epoch [15/250] (2544) train_mae: 3.8258, val_mae: 4.6940, lr: 0.000007, 6.7s
2026-05-20 12:30:38,237 - src.base.trainer - INFO - Val loss decrease from 4.7886 to 4.6940, saving to True
2026-05-20 12:30:44,121 - src.base.trainer - INFO - epoch complete
2026-05-20 12:30:44,121 - src.base.trainer - INFO - evaluating now!
2026-05-20 12:30:45,088 - src.base.trainer - INFO - Epoch [16/250] (2703) train_mae: 3.7532, val_mae: 4.6007, lr: 0.000007, 5.9s
2026-05-20 12:30:45,090 - src.base.trainer - INFO - Val loss decrease from 4.6940 to 4.6007, saving to True
2026-05-20 12:30:49,609 - src.base.trainer - INFO - Epoch [17/250] (2800) train_mae: 3.7372, val_mae: 4.5484 
2026-05-20 12:30:49,610 - src.base.trainer - INFO - Val loss decrease from 4.6007 to 4.5484, saving to True
2026-05-20 12:30:51,870 - src.base.trainer - INFO - epoch complete
2026-05-20 12:30:51,871 - src.base.trainer - INFO - evaluating now!
2026-05-20 12:30:52,860 - src.base.trainer - INFO - Epoch [17/250] (2862) train_mae: 3.6846, val_mae: 4.5177, lr: 0.000007, 6.8s
2026-05-20 12:30:52,861 - src.base.trainer - INFO - Val loss decrease from 4.5484 to 4.5177, saving to True
2026-05-20 12:30:58,887 - src.base.trainer - INFO - epoch complete
2026-05-20 12:30:58,887 - src.base.trainer - INFO - evaluating now!
2026-05-20 12:30:59,937 - src.base.trainer - INFO - Epoch [18/250] (3021) train_mae: 3.6225, val_mae: 4.4368, lr: 0.000007, 6.0s
2026-05-20 12:30:59,938 - src.base.trainer - INFO - Val loss decrease from 4.5177 to 4.4368, saving to True
2026-05-20 12:31:05,835 - src.base.trainer - INFO - epoch complete
2026-05-20 12:31:05,835 - src.base.trainer - INFO - evaluating now!
2026-05-20 12:31:06,934 - src.base.trainer - INFO - Epoch [19/250] (3180) train_mae: 3.5647, val_mae: 4.3626, lr: 0.000005, 5.9s
2026-05-20 12:31:06,935 - src.base.trainer - INFO - Val loss decrease from 4.4368 to 4.3626, saving to True
2026-05-20 12:31:08,818 - src.base.trainer - INFO - Epoch [20/250] (3200) train_mae: 3.5817, val_mae: 4.3554 
2026-05-20 12:31:08,819 - src.base.trainer - INFO - Val loss decrease from 4.3626 to 4.3554, saving to True
2026-05-20 12:31:14,481 - src.base.trainer - INFO - epoch complete
2026-05-20 12:31:14,481 - src.base.trainer - INFO - evaluating now!
2026-05-20 12:31:15,373 - src.base.trainer - INFO - Epoch [20/250] (3339) train_mae: 3.5171, val_mae: 4.3136, lr: 0.000005, 7.5s
2026-05-20 12:31:15,374 - src.base.trainer - INFO - Val loss decrease from 4.3554 to 4.3136, saving to True
2026-05-20 12:31:20,566 - src.base.trainer - INFO - epoch complete
2026-05-20 12:31:20,566 - src.base.trainer - INFO - evaluating now!
2026-05-20 12:31:21,443 - src.base.trainer - INFO - Epoch [21/250] (3498) train_mae: 3.4801, val_mae: 4.2685, lr: 0.000005, 5.2s
2026-05-20 12:31:21,444 - src.base.trainer - INFO - Val loss decrease from 4.3136 to 4.2685, saving to True
2026-05-20 12:31:25,594 - src.base.trainer - INFO - Epoch [22/250] (3600) train_mae: 3.4241, val_mae: 4.2386 
2026-05-20 12:31:25,595 - src.base.trainer - INFO - Val loss decrease from 4.2685 to 4.2386, saving to True
2026-05-20 12:31:27,426 - src.base.trainer - INFO - epoch complete
2026-05-20 12:31:27,426 - src.base.trainer - INFO - evaluating now!
2026-05-20 12:31:28,301 - src.base.trainer - INFO - Epoch [22/250] (3657) train_mae: 3.4419, val_mae: 4.2249, lr: 0.000005, 6.0s
2026-05-20 12:31:28,302 - src.base.trainer - INFO - Val loss decrease from 4.2386 to 4.2249, saving to True
2026-05-20 12:31:33,727 - src.base.trainer - INFO - epoch complete
2026-05-20 12:31:33,727 - src.base.trainer - INFO - evaluating now!
2026-05-20 12:31:34,614 - src.base.trainer - INFO - Epoch [23/250] (3816) train_mae: 3.4110, val_mae: 4.1849, lr: 0.000005, 5.4s
2026-05-20 12:31:34,615 - src.base.trainer - INFO - Val loss decrease from 4.2249 to 4.1849, saving to True
2026-05-20 12:31:39,789 - src.base.trainer - INFO - epoch complete
2026-05-20 12:31:39,789 - src.base.trainer - INFO - evaluating now!
2026-05-20 12:31:40,668 - src.base.trainer - INFO - Epoch [24/250] (3975) train_mae: 3.3802, val_mae: 4.1517, lr: 0.000005, 5.2s
2026-05-20 12:31:40,669 - src.base.trainer - INFO - Val loss decrease from 4.1849 to 4.1517, saving to True
2026-05-20 12:31:42,378 - src.base.trainer - INFO - Epoch [25/250] (4000) train_mae: 3.2766, val_mae: 4.1448 
2026-05-20 12:31:42,379 - src.base.trainer - INFO - Val loss decrease from 4.1517 to 4.1448, saving to True
2026-05-20 12:31:46,752 - src.base.trainer - INFO - epoch complete
2026-05-20 12:31:46,752 - src.base.trainer - INFO - evaluating now!
2026-05-20 12:31:47,634 - src.base.trainer - INFO - Epoch [25/250] (4134) train_mae: 3.3527, val_mae: 4.1113, lr: 0.000005, 6.1s
2026-05-20 12:31:47,635 - src.base.trainer - INFO - Val loss decrease from 4.1448 to 4.1113, saving to True
2026-05-20 12:31:52,801 - src.base.trainer - INFO - epoch complete
2026-05-20 12:31:52,801 - src.base.trainer - INFO - evaluating now!
2026-05-20 12:31:53,682 - src.base.trainer - INFO - Epoch [26/250] (4293) train_mae: 3.3250, val_mae: 4.0809, lr: 0.000005, 5.2s
2026-05-20 12:31:53,683 - src.base.trainer - INFO - Val loss decrease from 4.1113 to 4.0809, saving to True
2026-05-20 12:31:58,055 - src.base.trainer - INFO - Epoch [27/250] (4400) train_mae: 3.2829, val_mae: 4.0566 
2026-05-20 12:31:58,057 - src.base.trainer - INFO - Val loss decrease from 4.0809 to 4.0566, saving to True
2026-05-20 12:31:59,732 - src.base.trainer - INFO - epoch complete
2026-05-20 12:31:59,732 - src.base.trainer - INFO - evaluating now!
2026-05-20 12:32:00,609 - src.base.trainer - INFO - Epoch [27/250] (4452) train_mae: 3.2998, val_mae: 4.0440, lr: 0.000005, 6.0s
2026-05-20 12:32:00,610 - src.base.trainer - INFO - Val loss decrease from 4.0566 to 4.0440, saving to True
2026-05-20 12:32:05,729 - src.base.trainer - INFO - epoch complete
2026-05-20 12:32:05,730 - src.base.trainer - INFO - evaluating now!
2026-05-20 12:32:06,602 - src.base.trainer - INFO - Epoch [28/250] (4611) train_mae: 3.2748, val_mae: 4.0189, lr: 0.000005, 5.1s
2026-05-20 12:32:06,603 - src.base.trainer - INFO - Val loss decrease from 4.0440 to 4.0189, saving to True
2026-05-20 12:32:11,748 - src.base.trainer - INFO - epoch complete
2026-05-20 12:32:11,749 - src.base.trainer - INFO - evaluating now!
2026-05-20 12:32:12,687 - src.base.trainer - INFO - Epoch [29/250] (4770) train_mae: 3.2551, val_mae: 3.9937, lr: 0.000003, 5.1s
2026-05-20 12:32:12,688 - src.base.trainer - INFO - Val loss decrease from 4.0189 to 3.9937, saving to True
2026-05-20 12:32:14,597 - src.base.trainer - INFO - Epoch [30/250] (4800) train_mae: 3.3418, val_mae: 3.9890 
2026-05-20 12:32:14,598 - src.base.trainer - INFO - Val loss decrease from 3.9937 to 3.9890, saving to True
2026-05-20 12:32:18,849 - src.base.trainer - INFO - epoch complete
2026-05-20 12:32:18,849 - src.base.trainer - INFO - evaluating now!
2026-05-20 12:32:19,732 - src.base.trainer - INFO - Epoch [30/250] (4929) train_mae: 3.2331, val_mae: 3.9725, lr: 0.000003, 6.2s
2026-05-20 12:32:19,733 - src.base.trainer - INFO - Val loss decrease from 3.9890 to 3.9725, saving to True
2026-05-20 12:32:24,945 - src.base.trainer - INFO - epoch complete
2026-05-20 12:32:24,945 - src.base.trainer - INFO - evaluating now!
2026-05-20 12:32:25,819 - src.base.trainer - INFO - Epoch [31/250] (5088) train_mae: 3.2209, val_mae: 3.9532, lr: 0.000003, 5.2s
2026-05-20 12:32:25,820 - src.base.trainer - INFO - Val loss decrease from 3.9725 to 3.9532, saving to True
2026-05-20 12:32:30,339 - src.base.trainer - INFO - Epoch [32/250] (5200) train_mae: 3.1916, val_mae: 3.9425 
2026-05-20 12:32:30,340 - src.base.trainer - INFO - Val loss decrease from 3.9532 to 3.9425, saving to True
2026-05-20 12:32:31,909 - src.base.trainer - INFO - epoch complete
2026-05-20 12:32:31,909 - src.base.trainer - INFO - evaluating now!
2026-05-20 12:32:32,865 - src.base.trainer - INFO - Epoch [32/250] (5247) train_mae: 3.2040, val_mae: 3.9348, lr: 0.000003, 6.1s
2026-05-20 12:32:32,866 - src.base.trainer - INFO - Val loss decrease from 3.9425 to 3.9348, saving to True
2026-05-20 12:32:38,287 - src.base.trainer - INFO - epoch complete
2026-05-20 12:32:38,287 - src.base.trainer - INFO - evaluating now!
2026-05-20 12:32:39,263 - src.base.trainer - INFO - Epoch [33/250] (5406) train_mae: 3.1898, val_mae: 3.9164, lr: 0.000003, 5.4s
2026-05-20 12:32:39,264 - src.base.trainer - INFO - Val loss decrease from 3.9348 to 3.9164, saving to True
2026-05-20 12:32:44,478 - src.base.trainer - INFO - epoch complete
2026-05-20 12:32:44,478 - src.base.trainer - INFO - evaluating now!
2026-05-20 12:32:45,368 - src.base.trainer - INFO - Epoch [34/250] (5565) train_mae: 3.1772, val_mae: 3.8995, lr: 0.000003, 5.2s
2026-05-20 12:32:45,369 - src.base.trainer - INFO - Val loss decrease from 3.9164 to 3.8995, saving to True
2026-05-20 12:32:47,415 - src.base.trainer - INFO - Epoch [35/250] (5600) train_mae: 3.3260, val_mae: 3.8963 
2026-05-20 12:32:47,416 - src.base.trainer - INFO - Val loss decrease from 3.8995 to 3.8963, saving to True
2026-05-20 12:32:51,593 - src.base.trainer - INFO - epoch complete
2026-05-20 12:32:51,596 - src.base.trainer - INFO - evaluating now!
2026-05-20 12:32:52,470 - src.base.trainer - INFO - Epoch [35/250] (5724) train_mae: 3.1624, val_mae: 3.8832, lr: 0.000003, 6.2s
2026-05-20 12:32:52,471 - src.base.trainer - INFO - Val loss decrease from 3.8963 to 3.8832, saving to True
2026-05-20 12:32:57,654 - src.base.trainer - INFO - epoch complete
2026-05-20 12:32:57,654 - src.base.trainer - INFO - evaluating now!
2026-05-20 12:32:58,526 - src.base.trainer - INFO - Epoch [36/250] (5883) train_mae: 3.1498, val_mae: 3.8688, lr: 0.000003, 5.2s
2026-05-20 12:32:58,527 - src.base.trainer - INFO - Val loss decrease from 3.8832 to 3.8688, saving to True
2026-05-20 12:33:03,221 - src.base.trainer - INFO - Epoch [37/250] (6000) train_mae: 3.1615, val_mae: 3.8570 
2026-05-20 12:33:03,222 - src.base.trainer - INFO - Val loss decrease from 3.8688 to 3.8570, saving to True
2026-05-20 12:33:04,642 - src.base.trainer - INFO - epoch complete
2026-05-20 12:33:04,642 - src.base.trainer - INFO - evaluating now!
2026-05-20 12:33:05,541 - src.base.trainer - INFO - Epoch [37/250] (6042) train_mae: 3.1379, val_mae: 3.8545, lr: 0.000003, 6.1s
2026-05-20 12:33:05,544 - src.base.trainer - INFO - Val loss decrease from 3.8570 to 3.8545, saving to True
2026-05-20 12:33:10,769 - src.base.trainer - INFO - epoch complete
2026-05-20 12:33:10,769 - src.base.trainer - INFO - evaluating now!
2026-05-20 12:33:11,656 - src.base.trainer - INFO - Epoch [38/250] (6201) train_mae: 3.1264, val_mae: 3.8381, lr: 0.000003, 5.2s
2026-05-20 12:33:11,657 - src.base.trainer - INFO - Val loss decrease from 3.8545 to 3.8381, saving to True
2026-05-20 12:33:16,810 - src.base.trainer - INFO - epoch complete
2026-05-20 12:33:16,810 - src.base.trainer - INFO - evaluating now!
2026-05-20 12:33:17,684 - src.base.trainer - INFO - Epoch [39/250] (6360) train_mae: 3.1159, val_mae: 3.8238, lr: 0.000002, 5.2s
2026-05-20 12:33:17,685 - src.base.trainer - INFO - Val loss decrease from 3.8381 to 3.8238, saving to True
2026-05-20 12:33:19,890 - src.base.trainer - INFO - Epoch [40/250] (6400) train_mae: 3.0608, val_mae: 3.8222 
2026-05-20 12:33:19,891 - src.base.trainer - INFO - Val loss decrease from 3.8238 to 3.8222, saving to True
2026-05-20 12:33:23,703 - src.base.trainer - INFO - epoch complete
2026-05-20 12:33:23,704 - src.base.trainer - INFO - evaluating now!
2026-05-20 12:33:24,586 - src.base.trainer - INFO - Epoch [40/250] (6519) train_mae: 3.1073, val_mae: 3.8152, lr: 0.000002, 6.0s
2026-05-20 12:33:24,587 - src.base.trainer - INFO - Val loss decrease from 3.8222 to 3.8152, saving to True
2026-05-20 12:33:29,690 - src.base.trainer - INFO - epoch complete
2026-05-20 12:33:29,690 - src.base.trainer - INFO - evaluating now!
2026-05-20 12:33:30,563 - src.base.trainer - INFO - Epoch [41/250] (6678) train_mae: 3.0978, val_mae: 3.8050, lr: 0.000002, 5.1s
2026-05-20 12:33:30,564 - src.base.trainer - INFO - Val loss decrease from 3.8152 to 3.8050, saving to True
2026-05-20 12:33:35,583 - src.base.trainer - INFO - Epoch [42/250] (6800) train_mae: 3.1206, val_mae: 3.7983 
2026-05-20 12:33:35,584 - src.base.trainer - INFO - Val loss decrease from 3.8050 to 3.7983, saving to True
2026-05-20 12:33:36,803 - src.base.trainer - INFO - epoch complete
2026-05-20 12:33:36,803 - src.base.trainer - INFO - evaluating now!
2026-05-20 12:33:37,691 - src.base.trainer - INFO - Epoch [42/250] (6837) train_mae: 3.0885, val_mae: 3.7967, lr: 0.000002, 6.2s
2026-05-20 12:33:37,692 - src.base.trainer - INFO - Val loss decrease from 3.7983 to 3.7967, saving to True
2026-05-20 12:33:42,892 - src.base.trainer - INFO - epoch complete
2026-05-20 12:33:42,892 - src.base.trainer - INFO - evaluating now!
2026-05-20 12:33:43,772 - src.base.trainer - INFO - Epoch [43/250] (6996) train_mae: 3.0826, val_mae: 3.7886, lr: 0.000002, 5.2s
2026-05-20 12:33:43,773 - src.base.trainer - INFO - Val loss decrease from 3.7967 to 3.7886, saving to True
2026-05-20 12:33:48,969 - src.base.trainer - INFO - epoch complete
2026-05-20 12:33:48,969 - src.base.trainer - INFO - evaluating now!
2026-05-20 12:33:49,846 - src.base.trainer - INFO - Epoch [44/250] (7155) train_mae: 3.0745, val_mae: 3.7765, lr: 0.000002, 5.2s
2026-05-20 12:33:49,847 - src.base.trainer - INFO - Val loss decrease from 3.7886 to 3.7765, saving to True
2026-05-20 12:33:52,194 - src.base.trainer - INFO - Epoch [45/250] (7200) train_mae: 2.9982, val_mae: 3.7760 
2026-05-20 12:33:52,195 - src.base.trainer - INFO - Val loss decrease from 3.7765 to 3.7760, saving to True
2026-05-20 12:33:55,884 - src.base.trainer - INFO - epoch complete
2026-05-20 12:33:55,885 - src.base.trainer - INFO - evaluating now!
2026-05-20 12:33:56,757 - src.base.trainer - INFO - Epoch [45/250] (7314) train_mae: 3.0674, val_mae: 3.7689, lr: 0.000002, 6.0s
2026-05-20 12:33:56,758 - src.base.trainer - INFO - Val loss decrease from 3.7760 to 3.7689, saving to True
2026-05-20 12:34:01,924 - src.base.trainer - INFO - epoch complete
2026-05-20 12:34:01,924 - src.base.trainer - INFO - evaluating now!
2026-05-20 12:34:02,800 - src.base.trainer - INFO - Epoch [46/250] (7473) train_mae: 3.0597, val_mae: 3.7609, lr: 0.000002, 5.2s
2026-05-20 12:34:02,801 - src.base.trainer - INFO - Val loss decrease from 3.7689 to 3.7609, saving to True
2026-05-20 12:34:07,818 - src.base.trainer - INFO - Epoch [47/250] (7600) train_mae: 3.0594, val_mae: 3.7513 
2026-05-20 12:34:07,819 - src.base.trainer - INFO - Val loss decrease from 3.7609 to 3.7513, saving to True
2026-05-20 12:34:08,857 - src.base.trainer - INFO - epoch complete
2026-05-20 12:34:08,860 - src.base.trainer - INFO - evaluating now!
2026-05-20 12:34:09,738 - src.base.trainer - INFO - Epoch [47/250] (7632) train_mae: 3.0532, val_mae: 3.7501, lr: 0.000002, 6.1s
2026-05-20 12:34:09,739 - src.base.trainer - INFO - Val loss decrease from 3.7513 to 3.7501, saving to True
2026-05-20 12:34:15,212 - src.base.trainer - INFO - epoch complete
2026-05-20 12:34:15,212 - src.base.trainer - INFO - evaluating now!
2026-05-20 12:34:16,104 - src.base.trainer - INFO - Epoch [48/250] (7791) train_mae: 3.0468, val_mae: 3.7442, lr: 0.000002, 5.5s
2026-05-20 12:34:16,105 - src.base.trainer - INFO - Val loss decrease from 3.7501 to 3.7442, saving to True
2026-05-20 12:34:21,260 - src.base.trainer - INFO - epoch complete
2026-05-20 12:34:21,261 - src.base.trainer - INFO - evaluating now!
2026-05-20 12:34:22,136 - src.base.trainer - INFO - Epoch [49/250] (7950) train_mae: 3.0396, val_mae: 3.7347, lr: 0.000002, 5.2s
2026-05-20 12:34:22,137 - src.base.trainer - INFO - Val loss decrease from 3.7442 to 3.7347, saving to True
2026-05-20 12:34:24,676 - src.base.trainer - INFO - Epoch [50/250] (8000) train_mae: 2.9764, val_mae: 3.7337 
2026-05-20 12:34:24,677 - src.base.trainer - INFO - Val loss decrease from 3.7347 to 3.7337, saving to True
2026-05-20 12:34:28,235 - src.base.trainer - INFO - epoch complete
2026-05-20 12:34:28,236 - src.base.trainer - INFO - evaluating now!
2026-05-20 12:34:29,131 - src.base.trainer - INFO - Epoch [50/250] (8109) train_mae: 3.0330, val_mae: 3.7295, lr: 0.000002, 6.1s
2026-05-20 12:34:29,132 - src.base.trainer - INFO - Val loss decrease from 3.7337 to 3.7295, saving to True
2026-05-20 12:34:34,292 - src.base.trainer - INFO - epoch complete
2026-05-20 12:34:34,292 - src.base.trainer - INFO - evaluating now!
2026-05-20 12:34:35,205 - src.base.trainer - INFO - Epoch [51/250] (8268) train_mae: 3.0297, val_mae: 3.7236, lr: 0.000002, 5.2s
2026-05-20 12:34:35,206 - src.base.trainer - INFO - Val loss decrease from 3.7295 to 3.7236, saving to True
2026-05-20 12:34:40,390 - src.base.trainer - INFO - Epoch [52/250] (8400) train_mae: 3.0287, val_mae: 3.7170 
2026-05-20 12:34:40,391 - src.base.trainer - INFO - Val loss decrease from 3.7236 to 3.7170, saving to True
2026-05-20 12:34:41,271 - src.base.trainer - INFO - epoch complete
2026-05-20 12:34:41,271 - src.base.trainer - INFO - evaluating now!
2026-05-20 12:34:42,145 - src.base.trainer - INFO - Epoch [52/250] (8427) train_mae: 3.0250, val_mae: 3.7167, lr: 0.000002, 6.1s
2026-05-20 12:34:42,146 - src.base.trainer - INFO - Val loss decrease from 3.7170 to 3.7167, saving to True
2026-05-20 12:34:47,382 - src.base.trainer - INFO - epoch complete
2026-05-20 12:34:47,382 - src.base.trainer - INFO - evaluating now!
2026-05-20 12:34:48,274 - src.base.trainer - INFO - Epoch [53/250] (8586) train_mae: 3.0206, val_mae: 3.7110, lr: 0.000002, 5.2s
2026-05-20 12:34:48,275 - src.base.trainer - INFO - Val loss decrease from 3.7167 to 3.7110, saving to True
2026-05-20 12:34:53,466 - src.base.trainer - INFO - epoch complete
2026-05-20 12:34:53,466 - src.base.trainer - INFO - evaluating now!
2026-05-20 12:34:54,349 - src.base.trainer - INFO - Epoch [54/250] (8745) train_mae: 3.0147, val_mae: 3.7063, lr: 0.000002, 5.2s
2026-05-20 12:34:54,350 - src.base.trainer - INFO - Val loss decrease from 3.7110 to 3.7063, saving to True
2026-05-20 12:34:57,017 - src.base.trainer - INFO - Epoch [55/250] (8800) train_mae: 2.9616, val_mae: 3.7050 
2026-05-20 12:34:57,018 - src.base.trainer - INFO - Val loss decrease from 3.7063 to 3.7050, saving to True
2026-05-20 12:35:00,432 - src.base.trainer - INFO - epoch complete
2026-05-20 12:35:00,432 - src.base.trainer - INFO - evaluating now!
2026-05-20 12:35:01,329 - src.base.trainer - INFO - Epoch [55/250] (8904) train_mae: 3.0094, val_mae: 3.7002, lr: 0.000002, 6.1s
2026-05-20 12:35:01,330 - src.base.trainer - INFO - Val loss decrease from 3.7050 to 3.7002, saving to True
2026-05-20 12:35:06,616 - src.base.trainer - INFO - epoch complete
2026-05-20 12:35:06,616 - src.base.trainer - INFO - evaluating now!
2026-05-20 12:35:07,508 - src.base.trainer - INFO - Epoch [56/250] (9063) train_mae: 3.0060, val_mae: 3.6964, lr: 0.000002, 5.3s
2026-05-20 12:35:07,509 - src.base.trainer - INFO - Val loss decrease from 3.7002 to 3.6964, saving to True
2026-05-20 12:35:12,967 - src.base.trainer - INFO - Epoch [57/250] (9200) train_mae: 2.9987, val_mae: 3.6903 
2026-05-20 12:35:12,968 - src.base.trainer - INFO - Val loss decrease from 3.6964 to 3.6903, saving to True
2026-05-20 12:35:13,687 - src.base.trainer - INFO - epoch complete
2026-05-20 12:35:13,687 - src.base.trainer - INFO - evaluating now!
2026-05-20 12:35:14,582 - src.base.trainer - INFO - Epoch [57/250] (9222) train_mae: 3.0029, val_mae: 3.6894, lr: 0.000002, 6.2s
2026-05-20 12:35:14,583 - src.base.trainer - INFO - Val loss decrease from 3.6903 to 3.6894, saving to True
2026-05-20 12:35:19,775 - src.base.trainer - INFO - epoch complete
2026-05-20 12:35:19,775 - src.base.trainer - INFO - evaluating now!
2026-05-20 12:35:20,758 - src.base.trainer - INFO - Epoch [58/250] (9381) train_mae: 2.9966, val_mae: 3.6839, lr: 0.000002, 5.2s
2026-05-20 12:35:20,759 - src.base.trainer - INFO - Val loss decrease from 3.6894 to 3.6839, saving to True
2026-05-20 12:35:26,085 - src.base.trainer - INFO - epoch complete
2026-05-20 12:35:26,087 - src.base.trainer - INFO - evaluating now!
2026-05-20 12:35:26,978 - src.base.trainer - INFO - Epoch [59/250] (9540) train_mae: 2.9937, val_mae: 3.6785, lr: 0.000002, 5.3s
2026-05-20 12:35:26,979 - src.base.trainer - INFO - Val loss decrease from 3.6839 to 3.6785, saving to True
2026-05-20 12:35:29,858 - src.base.trainer - INFO - Epoch [60/250] (9600) train_mae: 2.9566, val_mae: 3.6766 
2026-05-20 12:35:29,859 - src.base.trainer - INFO - Val loss decrease from 3.6785 to 3.6766, saving to True
2026-05-20 12:35:33,217 - src.base.trainer - INFO - epoch complete
2026-05-20 12:35:33,217 - src.base.trainer - INFO - evaluating now!
2026-05-20 12:35:34,123 - src.base.trainer - INFO - Epoch [60/250] (9699) train_mae: 2.9897, val_mae: 3.6736, lr: 0.000002, 6.2s
2026-05-20 12:35:34,124 - src.base.trainer - INFO - Val loss decrease from 3.6766 to 3.6736, saving to True
2026-05-20 12:35:39,517 - src.base.trainer - INFO - epoch complete
2026-05-20 12:35:39,517 - src.base.trainer - INFO - evaluating now!
2026-05-20 12:35:40,419 - src.base.trainer - INFO - Epoch [61/250] (9858) train_mae: 2.9868, val_mae: 3.6699, lr: 0.000002, 5.4s
2026-05-20 12:35:40,421 - src.base.trainer - INFO - Val loss decrease from 3.6736 to 3.6699, saving to True
2026-05-20 12:35:46,105 - src.base.trainer - INFO - Epoch [62/250] (10000) train_mae: 2.9933, val_mae: 3.6648 
2026-05-20 12:35:46,107 - src.base.trainer - INFO - Val loss decrease from 3.6699 to 3.6648, saving to True
2026-05-20 12:35:46,635 - src.base.trainer - INFO - epoch complete
2026-05-20 12:35:46,635 - src.base.trainer - INFO - evaluating now!
2026-05-20 12:35:47,559 - src.base.trainer - INFO - Epoch [62/250] (10017) train_mae: 2.9830, val_mae: 3.6659, lr: 0.000002, 6.2s
2026-05-20 12:35:52,749 - src.base.trainer - INFO - epoch complete
2026-05-20 12:35:52,749 - src.base.trainer - INFO - evaluating now!
2026-05-20 12:35:53,661 - src.base.trainer - INFO - Epoch [63/250] (10176) train_mae: 2.9788, val_mae: 3.6602, lr: 0.000002, 5.2s
2026-05-20 12:35:53,663 - src.base.trainer - INFO - Val loss decrease from 3.6648 to 3.6602, saving to True
2026-05-20 12:35:58,939 - src.base.trainer - INFO - epoch complete
2026-05-20 12:35:58,939 - src.base.trainer - INFO - evaluating now!
2026-05-20 12:35:59,831 - src.base.trainer - INFO - Epoch [64/250] (10335) train_mae: 2.9748, val_mae: 3.6553, lr: 0.000002, 5.3s
2026-05-20 12:35:59,832 - src.base.trainer - INFO - Val loss decrease from 3.6602 to 3.6553, saving to True
2026-05-20 12:36:02,864 - src.base.trainer - INFO - Epoch [65/250] (10400) train_mae: 3.0058, val_mae: 3.6523 
2026-05-20 12:36:02,865 - src.base.trainer - INFO - Val loss decrease from 3.6553 to 3.6523, saving to True
2026-05-20 12:36:05,930 - src.base.trainer - INFO - epoch complete
2026-05-20 12:36:05,930 - src.base.trainer - INFO - evaluating now!
2026-05-20 12:36:06,815 - src.base.trainer - INFO - Epoch [65/250] (10494) train_mae: 2.9703, val_mae: 3.6490, lr: 0.000002, 6.1s
2026-05-20 12:36:06,816 - src.base.trainer - INFO - Val loss decrease from 3.6523 to 3.6490, saving to True
2026-05-20 12:36:12,042 - src.base.trainer - INFO - epoch complete
2026-05-20 12:36:12,042 - src.base.trainer - INFO - evaluating now!
2026-05-20 12:36:12,920 - src.base.trainer - INFO - Epoch [66/250] (10653) train_mae: 2.9659, val_mae: 3.6445, lr: 0.000002, 5.2s
2026-05-20 12:36:12,921 - src.base.trainer - INFO - Val loss decrease from 3.6490 to 3.6445, saving to True
2026-05-20 12:36:18,711 - src.base.trainer - INFO - Epoch [67/250] (10800) train_mae: 2.9619, val_mae: 3.6416 
2026-05-20 12:36:18,712 - src.base.trainer - INFO - Val loss decrease from 3.6445 to 3.6416, saving to True
2026-05-20 12:36:19,130 - src.base.trainer - INFO - epoch complete
2026-05-20 12:36:19,131 - src.base.trainer - INFO - evaluating now!
2026-05-20 12:36:20,431 - src.base.trainer - INFO - Epoch [67/250] (10812) train_mae: 2.9627, val_mae: 3.6399, lr: 0.000002, 6.2s
2026-05-20 12:36:20,432 - src.base.trainer - INFO - Val loss decrease from 3.6416 to 3.6399, saving to True
2026-05-20 12:36:26,113 - src.base.trainer - INFO - epoch complete
2026-05-20 12:36:26,113 - src.base.trainer - INFO - evaluating now!
2026-05-20 12:36:27,011 - src.base.trainer - INFO - Epoch [68/250] (10971) train_mae: 2.9598, val_mae: 3.6348, lr: 0.000002, 5.7s
2026-05-20 12:36:27,012 - src.base.trainer - INFO - Val loss decrease from 3.6399 to 3.6348, saving to True
2026-05-20 12:36:32,278 - src.base.trainer - INFO - epoch complete
2026-05-20 12:36:32,278 - src.base.trainer - INFO - evaluating now!
2026-05-20 12:36:33,157 - src.base.trainer - INFO - Epoch [69/250] (11130) train_mae: 2.9561, val_mae: 3.6309, lr: 0.000002, 5.3s
2026-05-20 12:36:33,158 - src.base.trainer - INFO - Val loss decrease from 3.6348 to 3.6309, saving to True
2026-05-20 12:36:36,326 - src.base.trainer - INFO - Epoch [70/250] (11200) train_mae: 2.9327, val_mae: 3.6307 
2026-05-20 12:36:36,327 - src.base.trainer - INFO - Val loss decrease from 3.6309 to 3.6307, saving to True
2026-05-20 12:36:39,219 - src.base.trainer - INFO - epoch complete
2026-05-20 12:36:39,220 - src.base.trainer - INFO - evaluating now!
2026-05-20 12:36:40,113 - src.base.trainer - INFO - Epoch [70/250] (11289) train_mae: 2.9516, val_mae: 3.6258, lr: 0.000002, 6.1s
2026-05-20 12:36:40,114 - src.base.trainer - INFO - Val loss decrease from 3.6307 to 3.6258, saving to True
2026-05-20 12:36:45,333 - src.base.trainer - INFO - epoch complete
2026-05-20 12:36:45,333 - src.base.trainer - INFO - evaluating now!
2026-05-20 12:36:46,279 - src.base.trainer - INFO - Epoch [71/250] (11448) train_mae: 2.9475, val_mae: 3.6213, lr: 0.000002, 5.2s
2026-05-20 12:36:46,281 - src.base.trainer - INFO - Val loss decrease from 3.6258 to 3.6213, saving to True
2026-05-20 12:36:52,187 - src.base.trainer - INFO - Epoch [72/250] (11600) train_mae: 2.9556, val_mae: 3.6184 
2026-05-20 12:36:52,188 - src.base.trainer - INFO - Val loss decrease from 3.6213 to 3.6184, saving to True
2026-05-20 12:36:52,391 - src.base.trainer - INFO - epoch complete
2026-05-20 12:36:52,391 - src.base.trainer - INFO - evaluating now!
2026-05-20 12:36:53,328 - src.base.trainer - INFO - Epoch [72/250] (11607) train_mae: 2.9456, val_mae: 3.6192, lr: 0.000002, 6.1s
2026-05-20 12:36:58,549 - src.base.trainer - INFO - epoch complete
2026-05-20 12:36:58,549 - src.base.trainer - INFO - evaluating now!
2026-05-20 12:36:59,437 - src.base.trainer - INFO - Epoch [73/250] (11766) train_mae: 2.9419, val_mae: 3.6130, lr: 0.000002, 5.2s
2026-05-20 12:36:59,438 - src.base.trainer - INFO - Val loss decrease from 3.6184 to 3.6130, saving to True
2026-05-20 12:37:04,613 - src.base.trainer - INFO - epoch complete
2026-05-20 12:37:04,613 - src.base.trainer - INFO - evaluating now!
2026-05-20 12:37:05,500 - src.base.trainer - INFO - Epoch [74/250] (11925) train_mae: 2.9372, val_mae: 3.6085, lr: 0.000002, 5.2s
2026-05-20 12:37:05,501 - src.base.trainer - INFO - Val loss decrease from 3.6130 to 3.6085, saving to True
2026-05-20 12:37:08,903 - src.base.trainer - INFO - Epoch [75/250] (12000) train_mae: 2.9871, val_mae: 3.6076 
2026-05-20 12:37:08,906 - src.base.trainer - INFO - Val loss decrease from 3.6085 to 3.6076, saving to True
2026-05-20 12:37:11,675 - src.base.trainer - INFO - epoch complete
2026-05-20 12:37:11,675 - src.base.trainer - INFO - evaluating now!
2026-05-20 12:37:12,575 - src.base.trainer - INFO - Epoch [75/250] (12084) train_mae: 2.9335, val_mae: 3.6042, lr: 0.000002, 6.2s
2026-05-20 12:37:12,576 - src.base.trainer - INFO - Val loss decrease from 3.6076 to 3.6042, saving to True
2026-05-20 12:37:17,806 - src.base.trainer - INFO - epoch complete
2026-05-20 12:37:17,806 - src.base.trainer - INFO - evaluating now!
2026-05-20 12:37:18,683 - src.base.trainer - INFO - Epoch [76/250] (12243) train_mae: 2.9300, val_mae: 3.6004, lr: 0.000002, 5.2s
2026-05-20 12:37:18,684 - src.base.trainer - INFO - Val loss decrease from 3.6042 to 3.6004, saving to True
2026-05-20 12:37:24,808 - src.base.trainer - INFO - Epoch [77/250] (12400) train_mae: 2.9224, val_mae: 3.5960 
2026-05-20 12:37:24,809 - src.base.trainer - INFO - Val loss decrease from 3.6004 to 3.5960, saving to True
2026-05-20 12:37:24,852 - src.base.trainer - INFO - epoch complete
2026-05-20 12:37:24,852 - src.base.trainer - INFO - evaluating now!
2026-05-20 12:37:25,810 - src.base.trainer - INFO - Epoch [77/250] (12402) train_mae: 2.9287, val_mae: 3.5960, lr: 0.000002, 6.2s
2026-05-20 12:37:30,961 - src.base.trainer - INFO - epoch complete
2026-05-20 12:37:30,961 - src.base.trainer - INFO - evaluating now!
2026-05-20 12:37:31,839 - src.base.trainer - INFO - Epoch [78/250] (12561) train_mae: 2.9250, val_mae: 3.5933, lr: 0.000002, 5.2s
2026-05-20 12:37:31,840 - src.base.trainer - INFO - Val loss decrease from 3.5960 to 3.5933, saving to True
2026-05-20 12:37:36,964 - src.base.trainer - INFO - epoch complete
2026-05-20 12:37:36,964 - src.base.trainer - INFO - evaluating now!
2026-05-20 12:37:37,844 - src.base.trainer - INFO - Epoch [79/250] (12720) train_mae: 2.9207, val_mae: 3.5881, lr: 0.000002, 5.1s
2026-05-20 12:37:37,845 - src.base.trainer - INFO - Val loss decrease from 3.5933 to 3.5881, saving to True
2026-05-20 12:37:41,397 - src.base.trainer - INFO - Epoch [80/250] (12800) train_mae: 2.9698, val_mae: 3.5854 
2026-05-20 12:37:41,401 - src.base.trainer - INFO - Val loss decrease from 3.5881 to 3.5854, saving to True
2026-05-20 12:37:43,998 - src.base.trainer - INFO - epoch complete
2026-05-20 12:37:43,999 - src.base.trainer - INFO - evaluating now!
2026-05-20 12:37:44,882 - src.base.trainer - INFO - Epoch [80/250] (12879) train_mae: 2.9180, val_mae: 3.5849, lr: 0.000002, 6.2s
2026-05-20 12:37:44,883 - src.base.trainer - INFO - Val loss decrease from 3.5854 to 3.5849, saving to True
2026-05-20 12:37:50,058 - src.base.trainer - INFO - epoch complete
2026-05-20 12:37:50,058 - src.base.trainer - INFO - evaluating now!
2026-05-20 12:37:50,938 - src.base.trainer - INFO - Epoch [81/250] (13038) train_mae: 2.9151, val_mae: 3.5797, lr: 0.000002, 5.2s
2026-05-20 12:37:50,939 - src.base.trainer - INFO - Val loss decrease from 3.5849 to 3.5797, saving to True
2026-05-20 12:37:56,093 - src.base.trainer - INFO - epoch complete
2026-05-20 12:37:56,094 - src.base.trainer - INFO - evaluating now!
2026-05-20 12:37:56,973 - src.base.trainer - INFO - Epoch [82/250] (13197) train_mae: 2.9124, val_mae: 3.5767, lr: 0.000002, 5.2s
2026-05-20 12:37:56,974 - src.base.trainer - INFO - Val loss decrease from 3.5797 to 3.5767, saving to True
2026-05-20 12:37:57,972 - src.base.trainer - INFO - Epoch [83/250] (13200) train_mae: 2.4085, val_mae: 3.5765 
2026-05-20 12:37:57,973 - src.base.trainer - INFO - Val loss decrease from 3.5767 to 3.5765, saving to True
2026-05-20 12:38:03,036 - src.base.trainer - INFO - epoch complete
2026-05-20 12:38:03,036 - src.base.trainer - INFO - evaluating now!
2026-05-20 12:38:03,912 - src.base.trainer - INFO - Epoch [83/250] (13356) train_mae: 2.9090, val_mae: 3.5733, lr: 0.000002, 6.1s
2026-05-20 12:38:03,913 - src.base.trainer - INFO - Val loss decrease from 3.5765 to 3.5733, saving to True
2026-05-20 12:38:09,233 - src.base.trainer - INFO - epoch complete
2026-05-20 12:38:09,233 - src.base.trainer - INFO - evaluating now!
2026-05-20 12:38:10,123 - src.base.trainer - INFO - Epoch [84/250] (13515) train_mae: 2.9048, val_mae: 3.5688, lr: 0.000002, 5.3s
2026-05-20 12:38:10,124 - src.base.trainer - INFO - Val loss decrease from 3.5733 to 3.5688, saving to True
2026-05-20 12:38:13,832 - src.base.trainer - INFO - Epoch [85/250] (13600) train_mae: 2.8510, val_mae: 3.5683 
2026-05-20 12:38:13,834 - src.base.trainer - INFO - Val loss decrease from 3.5688 to 3.5683, saving to True
2026-05-20 12:38:16,277 - src.base.trainer - INFO - epoch complete
2026-05-20 12:38:16,277 - src.base.trainer - INFO - evaluating now!
2026-05-20 12:38:17,172 - src.base.trainer - INFO - Epoch [85/250] (13674) train_mae: 2.9023, val_mae: 3.5652, lr: 0.000002, 6.2s
2026-05-20 12:38:17,173 - src.base.trainer - INFO - Val loss decrease from 3.5683 to 3.5652, saving to True
2026-05-20 12:38:22,372 - src.base.trainer - INFO - epoch complete
2026-05-20 12:38:22,372 - src.base.trainer - INFO - evaluating now!
2026-05-20 12:38:23,281 - src.base.trainer - INFO - Epoch [86/250] (13833) train_mae: 2.8996, val_mae: 3.5607, lr: 0.000002, 5.2s
2026-05-20 12:38:23,282 - src.base.trainer - INFO - Val loss decrease from 3.5652 to 3.5607, saving to True
2026-05-20 12:38:28,514 - src.base.trainer - INFO - epoch complete
2026-05-20 12:38:28,515 - src.base.trainer - INFO - evaluating now!
2026-05-20 12:38:29,411 - src.base.trainer - INFO - Epoch [87/250] (13992) train_mae: 2.8971, val_mae: 3.5573, lr: 0.000002, 5.2s
2026-05-20 12:38:29,413 - src.base.trainer - INFO - Val loss decrease from 3.5607 to 3.5573, saving to True
2026-05-20 12:38:30,666 - src.base.trainer - INFO - Epoch [88/250] (14000) train_mae: 2.7615, val_mae: 3.5567 
2026-05-20 12:38:30,667 - src.base.trainer - INFO - Val loss decrease from 3.5573 to 3.5567, saving to True
2026-05-20 12:38:35,629 - src.base.trainer - INFO - epoch complete
2026-05-20 12:38:35,630 - src.base.trainer - INFO - evaluating now!
2026-05-20 12:38:36,512 - src.base.trainer - INFO - Epoch [88/250] (14151) train_mae: 2.8947, val_mae: 3.5524, lr: 0.000002, 6.2s
2026-05-20 12:38:36,514 - src.base.trainer - INFO - Val loss decrease from 3.5567 to 3.5524, saving to True
2026-05-20 12:38:41,643 - src.base.trainer - INFO - epoch complete
2026-05-20 12:38:41,643 - src.base.trainer - INFO - evaluating now!
2026-05-20 12:38:42,521 - src.base.trainer - INFO - Epoch [89/250] (14310) train_mae: 2.8898, val_mae: 3.5503, lr: 0.000002, 5.1s
2026-05-20 12:38:42,523 - src.base.trainer - INFO - Val loss decrease from 3.5524 to 3.5503, saving to True
2026-05-20 12:38:46,409 - src.base.trainer - INFO - Epoch [90/250] (14400) train_mae: 2.8860, val_mae: 3.5497 
2026-05-20 12:38:46,410 - src.base.trainer - INFO - Val loss decrease from 3.5503 to 3.5497, saving to True
2026-05-20 12:38:48,691 - src.base.trainer - INFO - epoch complete
2026-05-20 12:38:48,691 - src.base.trainer - INFO - evaluating now!
2026-05-20 12:38:49,642 - src.base.trainer - INFO - Epoch [90/250] (14469) train_mae: 2.8876, val_mae: 3.5467, lr: 0.000002, 6.2s
2026-05-20 12:38:49,643 - src.base.trainer - INFO - Val loss decrease from 3.5497 to 3.5467, saving to True
2026-05-20 12:38:54,904 - src.base.trainer - INFO - epoch complete
2026-05-20 12:38:54,905 - src.base.trainer - INFO - evaluating now!
2026-05-20 12:38:55,877 - src.base.trainer - INFO - Epoch [91/250] (14628) train_mae: 2.8848, val_mae: 3.5430, lr: 0.000002, 5.3s
2026-05-20 12:38:55,878 - src.base.trainer - INFO - Val loss decrease from 3.5467 to 3.5430, saving to True
2026-05-20 12:39:01,237 - src.base.trainer - INFO - epoch complete
2026-05-20 12:39:01,240 - src.base.trainer - INFO - evaluating now!
2026-05-20 12:39:02,146 - src.base.trainer - INFO - Epoch [92/250] (14787) train_mae: 2.8811, val_mae: 3.5406, lr: 0.000002, 5.4s
2026-05-20 12:39:02,147 - src.base.trainer - INFO - Val loss decrease from 3.5430 to 3.5406, saving to True
2026-05-20 12:39:03,497 - src.base.trainer - INFO - Epoch [93/250] (14800) train_mae: 2.6818, val_mae: 3.5415 
2026-05-20 12:39:08,195 - src.base.trainer - INFO - epoch complete
2026-05-20 12:39:08,197 - src.base.trainer - INFO - evaluating now!
2026-05-20 12:39:09,085 - src.base.trainer - INFO - Epoch [93/250] (14946) train_mae: 2.8787, val_mae: 3.5359, lr: 0.000002, 6.0s
2026-05-20 12:39:09,087 - src.base.trainer - INFO - Val loss decrease from 3.5406 to 3.5359, saving to True
2026-05-20 12:39:14,993 - src.base.trainer - INFO - epoch complete
2026-05-20 12:39:14,993 - src.base.trainer - INFO - evaluating now!
2026-05-20 12:39:15,883 - src.base.trainer - INFO - Epoch [94/250] (15105) train_mae: 2.8764, val_mae: 3.5319, lr: 0.000002, 5.9s
2026-05-20 12:39:15,884 - src.base.trainer - INFO - Val loss decrease from 3.5359 to 3.5319, saving to True
2026-05-20 12:39:20,170 - src.base.trainer - INFO - Epoch [95/250] (15200) train_mae: 2.8569, val_mae: 3.5309 
2026-05-20 12:39:20,171 - src.base.trainer - INFO - Val loss decrease from 3.5319 to 3.5309, saving to True
2026-05-20 12:39:22,373 - src.base.trainer - INFO - epoch complete
2026-05-20 12:39:22,373 - src.base.trainer - INFO - evaluating now!
2026-05-20 12:39:23,330 - src.base.trainer - INFO - Epoch [95/250] (15264) train_mae: 2.8743, val_mae: 3.5292, lr: 0.000002, 6.5s
2026-05-20 12:39:23,331 - src.base.trainer - INFO - Val loss decrease from 3.5309 to 3.5292, saving to True
2026-05-20 12:39:28,637 - src.base.trainer - INFO - epoch complete
2026-05-20 12:39:28,637 - src.base.trainer - INFO - evaluating now!
2026-05-20 12:39:29,547 - src.base.trainer - INFO - Epoch [96/250] (15423) train_mae: 2.8712, val_mae: 3.5251, lr: 0.000002, 5.3s
2026-05-20 12:39:29,548 - src.base.trainer - INFO - Val loss decrease from 3.5292 to 3.5251, saving to True
2026-05-20 12:39:34,853 - src.base.trainer - INFO - epoch complete
2026-05-20 12:39:34,853 - src.base.trainer - INFO - evaluating now!
2026-05-20 12:39:35,757 - src.base.trainer - INFO - Epoch [97/250] (15582) train_mae: 2.8675, val_mae: 3.5222, lr: 0.000002, 5.3s
2026-05-20 12:39:35,758 - src.base.trainer - INFO - Val loss decrease from 3.5251 to 3.5222, saving to True
2026-05-20 12:39:37,372 - src.base.trainer - INFO - Epoch [98/250] (15600) train_mae: 2.8730, val_mae: 3.5205 
2026-05-20 12:39:37,373 - src.base.trainer - INFO - Val loss decrease from 3.5222 to 3.5205, saving to True
2026-05-20 12:39:42,081 - src.base.trainer - INFO - epoch complete
2026-05-20 12:39:42,083 - src.base.trainer - INFO - evaluating now!
2026-05-20 12:39:43,041 - src.base.trainer - INFO - Epoch [98/250] (15741) train_mae: 2.8646, val_mae: 3.5200, lr: 0.000002, 6.3s
2026-05-20 12:39:43,042 - src.base.trainer - INFO - Val loss decrease from 3.5205 to 3.5200, saving to True
2026-05-20 12:39:48,335 - src.base.trainer - INFO - epoch complete
2026-05-20 12:39:48,335 - src.base.trainer - INFO - evaluating now!
2026-05-20 12:39:49,215 - src.base.trainer - INFO - Epoch [99/250] (15900) train_mae: 2.8625, val_mae: 3.5159, lr: 0.000002, 5.3s
2026-05-20 12:39:49,216 - src.base.trainer - INFO - Val loss decrease from 3.5200 to 3.5159, saving to True
2026-05-20 12:39:53,390 - src.base.trainer - INFO - Epoch [100/250] (16000) train_mae: 2.8278, val_mae: 3.5143 
2026-05-20 12:39:53,391 - src.base.trainer - INFO - Val loss decrease from 3.5159 to 3.5143, saving to True
2026-05-20 12:39:55,378 - src.base.trainer - INFO - epoch complete
2026-05-20 12:39:55,378 - src.base.trainer - INFO - evaluating now!
2026-05-20 12:39:56,262 - src.base.trainer - INFO - Epoch [100/250] (16059) train_mae: 2.8594, val_mae: 3.5145, lr: 0.000002, 6.2s
2026-05-20 12:40:01,408 - src.base.trainer - INFO - epoch complete
2026-05-20 12:40:01,408 - src.base.trainer - INFO - evaluating now!
2026-05-20 12:40:02,306 - src.base.trainer - INFO - Epoch [101/250] (16218) train_mae: 2.8569, val_mae: 3.5104, lr: 0.000002, 5.1s
2026-05-20 12:40:02,307 - src.base.trainer - INFO - Val loss decrease from 3.5143 to 3.5104, saving to True
2026-05-20 12:40:07,507 - src.base.trainer - INFO - epoch complete
2026-05-20 12:40:07,507 - src.base.trainer - INFO - evaluating now!
2026-05-20 12:40:08,399 - src.base.trainer - INFO - Epoch [102/250] (16377) train_mae: 2.8536, val_mae: 3.5061, lr: 0.000002, 5.2s
2026-05-20 12:40:08,400 - src.base.trainer - INFO - Val loss decrease from 3.5104 to 3.5061, saving to True
2026-05-20 12:40:10,074 - src.base.trainer - INFO - Epoch [103/250] (16400) train_mae: 2.8086, val_mae: 3.5055 
2026-05-20 12:40:10,075 - src.base.trainer - INFO - Val loss decrease from 3.5061 to 3.5055, saving to True
2026-05-20 12:40:14,502 - src.base.trainer - INFO - epoch complete
2026-05-20 12:40:14,502 - src.base.trainer - INFO - evaluating now!
2026-05-20 12:40:15,386 - src.base.trainer - INFO - Epoch [103/250] (16536) train_mae: 2.8526, val_mae: 3.5033, lr: 0.000002, 6.1s
2026-05-20 12:40:15,387 - src.base.trainer - INFO - Val loss decrease from 3.5055 to 3.5033, saving to True
2026-05-20 12:40:20,535 - src.base.trainer - INFO - epoch complete
2026-05-20 12:40:20,535 - src.base.trainer - INFO - evaluating now!
2026-05-20 12:40:21,418 - src.base.trainer - INFO - Epoch [104/250] (16695) train_mae: 2.8495, val_mae: 3.5001, lr: 0.000002, 5.1s
2026-05-20 12:40:21,423 - src.base.trainer - INFO - Val loss decrease from 3.5033 to 3.5001, saving to True
2026-05-20 12:40:25,715 - src.base.trainer - INFO - Epoch [105/250] (16800) train_mae: 2.8867, val_mae: 3.4987 
2026-05-20 12:40:25,716 - src.base.trainer - INFO - Val loss decrease from 3.5001 to 3.4987, saving to True
2026-05-20 12:40:27,465 - src.base.trainer - INFO - epoch complete
2026-05-20 12:40:27,465 - src.base.trainer - INFO - evaluating now!
2026-05-20 12:40:28,343 - src.base.trainer - INFO - Epoch [105/250] (16854) train_mae: 2.8480, val_mae: 3.4974, lr: 0.000002, 6.0s
2026-05-20 12:40:28,346 - src.base.trainer - INFO - Val loss decrease from 3.4987 to 3.4974, saving to True
2026-05-20 12:40:33,489 - src.base.trainer - INFO - epoch complete
2026-05-20 12:40:33,489 - src.base.trainer - INFO - evaluating now!
2026-05-20 12:40:34,367 - src.base.trainer - INFO - Epoch [106/250] (17013) train_mae: 2.8451, val_mae: 3.4937, lr: 0.000002, 5.1s
2026-05-20 12:40:34,368 - src.base.trainer - INFO - Val loss decrease from 3.4974 to 3.4937, saving to True
2026-05-20 12:40:39,518 - src.base.trainer - INFO - epoch complete
2026-05-20 12:40:39,518 - src.base.trainer - INFO - evaluating now!
2026-05-20 12:40:40,393 - src.base.trainer - INFO - Epoch [107/250] (17172) train_mae: 2.8416, val_mae: 3.4920, lr: 0.000002, 5.2s
2026-05-20 12:40:40,394 - src.base.trainer - INFO - Val loss decrease from 3.4937 to 3.4920, saving to True
2026-05-20 12:40:42,215 - src.base.trainer - INFO - Epoch [108/250] (17200) train_mae: 2.8666, val_mae: 3.4929 
2026-05-20 12:40:46,416 - src.base.trainer - INFO - epoch complete
2026-05-20 12:40:46,416 - src.base.trainer - INFO - evaluating now!
2026-05-20 12:40:47,293 - src.base.trainer - INFO - Epoch [108/250] (17331) train_mae: 2.8400, val_mae: 3.4882, lr: 0.000002, 6.0s
2026-05-20 12:40:47,294 - src.base.trainer - INFO - Val loss decrease from 3.4920 to 3.4882, saving to True
2026-05-20 12:40:52,482 - src.base.trainer - INFO - epoch complete
2026-05-20 12:40:52,482 - src.base.trainer - INFO - evaluating now!
2026-05-20 12:40:53,361 - src.base.trainer - INFO - Epoch [109/250] (17490) train_mae: 2.8376, val_mae: 3.4856, lr: 0.000002, 5.2s
2026-05-20 12:40:53,362 - src.base.trainer - INFO - Val loss decrease from 3.4882 to 3.4856, saving to True
2026-05-20 12:40:57,825 - src.base.trainer - INFO - Epoch [110/250] (17600) train_mae: 2.8492, val_mae: 3.4840 
2026-05-20 12:40:57,826 - src.base.trainer - INFO - Val loss decrease from 3.4856 to 3.4840, saving to True
2026-05-20 12:40:59,410 - src.base.trainer - INFO - epoch complete
2026-05-20 12:40:59,410 - src.base.trainer - INFO - evaluating now!
2026-05-20 12:41:00,320 - src.base.trainer - INFO - Epoch [110/250] (17649) train_mae: 2.8354, val_mae: 3.4817, lr: 0.000002, 6.0s
2026-05-20 12:41:00,321 - src.base.trainer - INFO - Val loss decrease from 3.4840 to 3.4817, saving to True
2026-05-20 12:41:05,683 - src.base.trainer - INFO - epoch complete
2026-05-20 12:41:05,683 - src.base.trainer - INFO - evaluating now!
2026-05-20 12:41:06,566 - src.base.trainer - INFO - Epoch [111/250] (17808) train_mae: 2.8332, val_mae: 3.4801, lr: 0.000002, 5.4s
2026-05-20 12:41:06,567 - src.base.trainer - INFO - Val loss decrease from 3.4817 to 3.4801, saving to True
2026-05-20 12:41:11,704 - src.base.trainer - INFO - epoch complete
2026-05-20 12:41:11,706 - src.base.trainer - INFO - evaluating now!
2026-05-20 12:41:12,586 - src.base.trainer - INFO - Epoch [112/250] (17967) train_mae: 2.8296, val_mae: 3.4758, lr: 0.000002, 5.1s
2026-05-20 12:41:12,587 - src.base.trainer - INFO - Val loss decrease from 3.4801 to 3.4758, saving to True
2026-05-20 12:41:14,556 - src.base.trainer - INFO - Epoch [113/250] (18000) train_mae: 2.9171, val_mae: 3.4742 
2026-05-20 12:41:14,557 - src.base.trainer - INFO - Val loss decrease from 3.4758 to 3.4742, saving to True
2026-05-20 12:41:18,636 - src.base.trainer - INFO - epoch complete
2026-05-20 12:41:18,636 - src.base.trainer - INFO - evaluating now!
2026-05-20 12:41:19,514 - src.base.trainer - INFO - Epoch [113/250] (18126) train_mae: 2.8280, val_mae: 3.4742, lr: 0.000002, 6.0s
2026-05-20 12:41:19,515 - src.base.trainer - INFO - Val loss decrease from 3.4742 to 3.4742, saving to True
2026-05-20 12:41:24,663 - src.base.trainer - INFO - epoch complete
2026-05-20 12:41:24,663 - src.base.trainer - INFO - evaluating now!
2026-05-20 12:41:25,543 - src.base.trainer - INFO - Epoch [114/250] (18285) train_mae: 2.8259, val_mae: 3.4717, lr: 0.000002, 5.1s
2026-05-20 12:41:25,544 - src.base.trainer - INFO - Val loss decrease from 3.4742 to 3.4717, saving to True
2026-05-20 12:41:30,176 - src.base.trainer - INFO - Epoch [115/250] (18400) train_mae: 2.8228, val_mae: 3.4685 
2026-05-20 12:41:30,178 - src.base.trainer - INFO - Val loss decrease from 3.4717 to 3.4685, saving to True
2026-05-20 12:41:31,606 - src.base.trainer - INFO - epoch complete
2026-05-20 12:41:31,606 - src.base.trainer - INFO - evaluating now!
2026-05-20 12:41:32,485 - src.base.trainer - INFO - Epoch [115/250] (18444) train_mae: 2.8232, val_mae: 3.4669, lr: 0.000002, 6.1s
2026-05-20 12:41:32,486 - src.base.trainer - INFO - Val loss decrease from 3.4685 to 3.4669, saving to True
2026-05-20 12:41:37,628 - src.base.trainer - INFO - epoch complete
2026-05-20 12:41:37,628 - src.base.trainer - INFO - evaluating now!
2026-05-20 12:41:38,503 - src.base.trainer - INFO - Epoch [116/250] (18603) train_mae: 2.8219, val_mae: 3.4642, lr: 0.000002, 5.1s
2026-05-20 12:41:38,504 - src.base.trainer - INFO - Val loss decrease from 3.4669 to 3.4642, saving to True
2026-05-20 12:41:43,637 - src.base.trainer - INFO - epoch complete
2026-05-20 12:41:43,637 - src.base.trainer - INFO - evaluating now!
2026-05-20 12:41:44,528 - src.base.trainer - INFO - Epoch [117/250] (18762) train_mae: 2.8189, val_mae: 3.4616, lr: 0.000002, 5.1s
2026-05-20 12:41:44,529 - src.base.trainer - INFO - Val loss decrease from 3.4642 to 3.4616, saving to True
2026-05-20 12:41:46,668 - src.base.trainer - INFO - Epoch [118/250] (18800) train_mae: 2.8982, val_mae: 3.4613 
2026-05-20 12:41:46,669 - src.base.trainer - INFO - Val loss decrease from 3.4616 to 3.4613, saving to True
2026-05-20 12:41:50,564 - src.base.trainer - INFO - epoch complete
2026-05-20 12:41:50,565 - src.base.trainer - INFO - evaluating now!
2026-05-20 12:41:51,453 - src.base.trainer - INFO - Epoch [118/250] (18921) train_mae: 2.8163, val_mae: 3.4595, lr: 0.000002, 6.0s
2026-05-20 12:41:51,454 - src.base.trainer - INFO - Val loss decrease from 3.4613 to 3.4595, saving to True
2026-05-20 12:41:56,565 - src.base.trainer - INFO - epoch complete
2026-05-20 12:41:56,565 - src.base.trainer - INFO - evaluating now!
2026-05-20 12:41:57,442 - src.base.trainer - INFO - Epoch [119/250] (19080) train_mae: 2.8142, val_mae: 3.4582, lr: 0.000002, 5.1s
2026-05-20 12:41:57,443 - src.base.trainer - INFO - Val loss decrease from 3.4595 to 3.4582, saving to True
2026-05-20 12:42:02,196 - src.base.trainer - INFO - Epoch [120/250] (19200) train_mae: 2.7974, val_mae: 3.4544 
2026-05-20 12:42:02,197 - src.base.trainer - INFO - Val loss decrease from 3.4582 to 3.4544, saving to True
2026-05-20 12:42:03,451 - src.base.trainer - INFO - epoch complete
2026-05-20 12:42:03,451 - src.base.trainer - INFO - evaluating now!
2026-05-20 12:42:04,327 - src.base.trainer - INFO - Epoch [120/250] (19239) train_mae: 2.8119, val_mae: 3.4547, lr: 0.000002, 6.0s
2026-05-20 12:42:09,432 - src.base.trainer - INFO - epoch complete
2026-05-20 12:42:09,432 - src.base.trainer - INFO - evaluating now!
2026-05-20 12:42:10,308 - src.base.trainer - INFO - Epoch [121/250] (19398) train_mae: 2.8101, val_mae: 3.4513, lr: 0.000002, 5.1s
2026-05-20 12:42:10,309 - src.base.trainer - INFO - Val loss decrease from 3.4544 to 3.4513, saving to True
2026-05-20 12:42:15,426 - src.base.trainer - INFO - epoch complete
2026-05-20 12:42:15,426 - src.base.trainer - INFO - evaluating now!
2026-05-20 12:42:16,303 - src.base.trainer - INFO - Epoch [122/250] (19557) train_mae: 2.8079, val_mae: 3.4479, lr: 0.000002, 5.1s
2026-05-20 12:42:16,304 - src.base.trainer - INFO - Val loss decrease from 3.4513 to 3.4479, saving to True
2026-05-20 12:42:18,592 - src.base.trainer - INFO - Epoch [123/250] (19600) train_mae: 2.6781, val_mae: 3.4482 
2026-05-20 12:42:22,299 - src.base.trainer - INFO - epoch complete
2026-05-20 12:42:22,300 - src.base.trainer - INFO - evaluating now!
2026-05-20 12:42:23,172 - src.base.trainer - INFO - Epoch [123/250] (19716) train_mae: 2.8069, val_mae: 3.4465, lr: 0.000002, 6.0s
2026-05-20 12:42:23,173 - src.base.trainer - INFO - Val loss decrease from 3.4479 to 3.4465, saving to True
2026-05-20 12:42:28,286 - src.base.trainer - INFO - epoch complete
2026-05-20 12:42:28,286 - src.base.trainer - INFO - evaluating now!
2026-05-20 12:42:29,161 - src.base.trainer - INFO - Epoch [124/250] (19875) train_mae: 2.8034, val_mae: 3.4451, lr: 0.000002, 5.1s
2026-05-20 12:42:29,162 - src.base.trainer - INFO - Val loss decrease from 3.4465 to 3.4451, saving to True
2026-05-20 12:42:34,076 - src.base.trainer - INFO - Epoch [125/250] (20000) train_mae: 2.8081, val_mae: 3.4413 
2026-05-20 12:42:34,077 - src.base.trainer - INFO - Val loss decrease from 3.4451 to 3.4413, saving to True
2026-05-20 12:42:35,176 - src.base.trainer - INFO - epoch complete
2026-05-20 12:42:35,176 - src.base.trainer - INFO - evaluating now!
2026-05-20 12:42:36,059 - src.base.trainer - INFO - Epoch [125/250] (20034) train_mae: 2.8008, val_mae: 3.4425, lr: 0.000002, 6.0s
2026-05-20 12:42:41,257 - src.base.trainer - INFO - epoch complete
2026-05-20 12:42:41,259 - src.base.trainer - INFO - evaluating now!
2026-05-20 12:42:42,136 - src.base.trainer - INFO - Epoch [126/250] (20193) train_mae: 2.7995, val_mae: 3.4399, lr: 0.000002, 5.2s
2026-05-20 12:42:42,138 - src.base.trainer - INFO - Val loss decrease from 3.4413 to 3.4399, saving to True
2026-05-20 12:42:47,271 - src.base.trainer - INFO - epoch complete
2026-05-20 12:42:47,271 - src.base.trainer - INFO - evaluating now!
2026-05-20 12:42:48,145 - src.base.trainer - INFO - Epoch [127/250] (20352) train_mae: 2.7982, val_mae: 3.4355, lr: 0.000002, 5.1s
2026-05-20 12:42:48,146 - src.base.trainer - INFO - Val loss decrease from 3.4399 to 3.4355, saving to True
2026-05-20 12:42:50,590 - src.base.trainer - INFO - Epoch [128/250] (20400) train_mae: 2.7100, val_mae: 3.4360 
2026-05-20 12:42:54,130 - src.base.trainer - INFO - epoch complete
2026-05-20 12:42:54,130 - src.base.trainer - INFO - evaluating now!
2026-05-20 12:42:55,003 - src.base.trainer - INFO - Epoch [128/250] (20511) train_mae: 2.7954, val_mae: 3.4338, lr: 0.000002, 6.0s
2026-05-20 12:42:55,004 - src.base.trainer - INFO - Val loss decrease from 3.4355 to 3.4338, saving to True
2026-05-20 12:43:00,123 - src.base.trainer - INFO - epoch complete
2026-05-20 12:43:00,123 - src.base.trainer - INFO - evaluating now!
2026-05-20 12:43:00,995 - src.base.trainer - INFO - Epoch [129/250] (20670) train_mae: 2.7942, val_mae: 3.4319, lr: 0.000002, 5.1s
2026-05-20 12:43:00,996 - src.base.trainer - INFO - Val loss decrease from 3.4338 to 3.4319, saving to True
2026-05-20 12:43:06,071 - src.base.trainer - INFO - Epoch [130/250] (20800) train_mae: 2.7685, val_mae: 3.4285 
2026-05-20 12:43:06,075 - src.base.trainer - INFO - Val loss decrease from 3.4319 to 3.4285, saving to True
2026-05-20 12:43:07,011 - src.base.trainer - INFO - epoch complete
2026-05-20 12:43:07,011 - src.base.trainer - INFO - evaluating now!
2026-05-20 12:43:07,896 - src.base.trainer - INFO - Epoch [130/250] (20829) train_mae: 2.7909, val_mae: 3.4283, lr: 0.000002, 6.0s
2026-05-20 12:43:07,897 - src.base.trainer - INFO - Val loss decrease from 3.4285 to 3.4283, saving to True
2026-05-20 12:43:13,029 - src.base.trainer - INFO - epoch complete
2026-05-20 12:43:13,029 - src.base.trainer - INFO - evaluating now!
2026-05-20 12:43:13,904 - src.base.trainer - INFO - Epoch [131/250] (20988) train_mae: 2.7904, val_mae: 3.4257, lr: 0.000002, 5.1s
2026-05-20 12:43:13,905 - src.base.trainer - INFO - Val loss decrease from 3.4283 to 3.4257, saving to True
2026-05-20 12:43:19,038 - src.base.trainer - INFO - epoch complete
2026-05-20 12:43:19,038 - src.base.trainer - INFO - evaluating now!
2026-05-20 12:43:19,911 - src.base.trainer - INFO - Epoch [132/250] (21147) train_mae: 2.7888, val_mae: 3.4238, lr: 0.000002, 5.1s
2026-05-20 12:43:19,912 - src.base.trainer - INFO - Val loss decrease from 3.4257 to 3.4238, saving to True
2026-05-20 12:43:22,648 - src.base.trainer - INFO - Epoch [133/250] (21200) train_mae: 2.8034, val_mae: 3.4235 
2026-05-20 12:43:22,649 - src.base.trainer - INFO - Val loss decrease from 3.4238 to 3.4235, saving to True
2026-05-20 12:43:26,464 - src.base.trainer - INFO - epoch complete
2026-05-20 12:43:26,466 - src.base.trainer - INFO - evaluating now!
2026-05-20 12:43:27,381 - src.base.trainer - INFO - Epoch [133/250] (21306) train_mae: 2.7866, val_mae: 3.4208, lr: 0.000002, 6.6s
2026-05-20 12:43:27,382 - src.base.trainer - INFO - Val loss decrease from 3.4235 to 3.4208, saving to True
2026-05-20 12:43:32,759 - src.base.trainer - INFO - epoch complete
2026-05-20 12:43:32,759 - src.base.trainer - INFO - evaluating now!
2026-05-20 12:43:33,728 - src.base.trainer - INFO - Epoch [134/250] (21465) train_mae: 2.7843, val_mae: 3.4181, lr: 0.000002, 5.4s
2026-05-20 12:43:33,729 - src.base.trainer - INFO - Val loss decrease from 3.4208 to 3.4181, saving to True
2026-05-20 12:43:39,127 - src.base.trainer - INFO - Epoch [135/250] (21600) train_mae: 2.7765, val_mae: 3.4154 
2026-05-20 12:43:39,128 - src.base.trainer - INFO - Val loss decrease from 3.4181 to 3.4154, saving to True
2026-05-20 12:43:39,911 - src.base.trainer - INFO - epoch complete
2026-05-20 12:43:39,911 - src.base.trainer - INFO - evaluating now!
2026-05-20 12:43:40,787 - src.base.trainer - INFO - Epoch [135/250] (21624) train_mae: 2.7830, val_mae: 3.4182, lr: 0.000002, 6.2s
2026-05-20 12:43:46,157 - src.base.trainer - INFO - epoch complete
2026-05-20 12:43:46,157 - src.base.trainer - INFO - evaluating now!
2026-05-20 12:43:47,042 - src.base.trainer - INFO - Epoch [136/250] (21783) train_mae: 2.7796, val_mae: 3.4139, lr: 0.000002, 5.4s
2026-05-20 12:43:47,043 - src.base.trainer - INFO - Val loss decrease from 3.4154 to 3.4139, saving to True
2026-05-20 12:43:52,201 - src.base.trainer - INFO - epoch complete
2026-05-20 12:43:52,201 - src.base.trainer - INFO - evaluating now!
2026-05-20 12:43:53,072 - src.base.trainer - INFO - Epoch [137/250] (21942) train_mae: 2.7787, val_mae: 3.4129, lr: 0.000002, 5.2s
2026-05-20 12:43:53,073 - src.base.trainer - INFO - Val loss decrease from 3.4139 to 3.4129, saving to True
2026-05-20 12:43:55,859 - src.base.trainer - INFO - Epoch [138/250] (22000) train_mae: 2.7782, val_mae: 3.4121 
2026-05-20 12:43:55,860 - src.base.trainer - INFO - Val loss decrease from 3.4129 to 3.4121, saving to True
2026-05-20 12:43:59,182 - src.base.trainer - INFO - epoch complete
2026-05-20 12:43:59,182 - src.base.trainer - INFO - evaluating now!
2026-05-20 12:44:00,135 - src.base.trainer - INFO - Epoch [138/250] (22101) train_mae: 2.7759, val_mae: 3.4098, lr: 0.000002, 6.1s
2026-05-20 12:44:00,136 - src.base.trainer - INFO - Val loss decrease from 3.4121 to 3.4098, saving to True
2026-05-20 12:44:05,285 - src.base.trainer - INFO - epoch complete
2026-05-20 12:44:05,285 - src.base.trainer - INFO - evaluating now!
2026-05-20 12:44:06,157 - src.base.trainer - INFO - Epoch [139/250] (22260) train_mae: 2.7747, val_mae: 3.4065, lr: 0.000002, 5.1s
2026-05-20 12:44:06,158 - src.base.trainer - INFO - Val loss decrease from 3.4098 to 3.4065, saving to True
2026-05-20 12:44:11,613 - src.base.trainer - INFO - Epoch [140/250] (22400) train_mae: 2.7514, val_mae: 3.4048 
2026-05-20 12:44:11,616 - src.base.trainer - INFO - Val loss decrease from 3.4065 to 3.4048, saving to True
2026-05-20 12:44:12,233 - src.base.trainer - INFO - epoch complete
2026-05-20 12:44:12,233 - src.base.trainer - INFO - evaluating now!
2026-05-20 12:44:13,117 - src.base.trainer - INFO - Epoch [140/250] (22419) train_mae: 2.7730, val_mae: 3.4043, lr: 0.000002, 6.1s
2026-05-20 12:44:13,118 - src.base.trainer - INFO - Val loss decrease from 3.4048 to 3.4043, saving to True
2026-05-20 12:44:18,290 - src.base.trainer - INFO - epoch complete
2026-05-20 12:44:18,290 - src.base.trainer - INFO - evaluating now!
2026-05-20 12:44:19,175 - src.base.trainer - INFO - Epoch [141/250] (22578) train_mae: 2.7712, val_mae: 3.4021, lr: 0.000002, 5.2s
2026-05-20 12:44:19,176 - src.base.trainer - INFO - Val loss decrease from 3.4043 to 3.4021, saving to True
2026-05-20 12:44:25,532 - src.base.trainer - INFO - epoch complete
2026-05-20 12:44:25,534 - src.base.trainer - INFO - evaluating now!
2026-05-20 12:44:26,412 - src.base.trainer - INFO - Epoch [142/250] (22737) train_mae: 2.7699, val_mae: 3.4007, lr: 0.000002, 6.4s
2026-05-20 12:44:26,413 - src.base.trainer - INFO - Val loss decrease from 3.4021 to 3.4007, saving to True
2026-05-20 12:44:29,377 - src.base.trainer - INFO - Epoch [143/250] (22800) train_mae: 2.7173, val_mae: 3.3974 
2026-05-20 12:44:29,378 - src.base.trainer - INFO - Val loss decrease from 3.4007 to 3.3974, saving to True
2026-05-20 12:44:32,662 - src.base.trainer - INFO - epoch complete
2026-05-20 12:44:32,662 - src.base.trainer - INFO - evaluating now!
2026-05-20 12:44:33,540 - src.base.trainer - INFO - Epoch [143/250] (22896) train_mae: 2.7676, val_mae: 3.3995, lr: 0.000002, 6.2s
2026-05-20 12:44:38,698 - src.base.trainer - INFO - epoch complete
2026-05-20 12:44:38,698 - src.base.trainer - INFO - evaluating now!
2026-05-20 12:44:39,575 - src.base.trainer - INFO - Epoch [144/250] (23055) train_mae: 2.7657, val_mae: 3.3983, lr: 0.000002, 5.2s
2026-05-20 12:44:45,226 - src.base.trainer - INFO - Epoch [145/250] (23200) train_mae: 2.7706, val_mae: 3.3935 
2026-05-20 12:44:45,231 - src.base.trainer - INFO - Val loss decrease from 3.3974 to 3.3935, saving to True
2026-05-20 12:44:45,714 - src.base.trainer - INFO - epoch complete
2026-05-20 12:44:45,714 - src.base.trainer - INFO - evaluating now!
2026-05-20 12:44:46,752 - src.base.trainer - INFO - Epoch [145/250] (23214) train_mae: 2.7633, val_mae: 3.3928, lr: 0.000002, 6.1s
2026-05-20 12:44:46,753 - src.base.trainer - INFO - Val loss decrease from 3.3935 to 3.3928, saving to True
2026-05-20 12:44:52,335 - src.base.trainer - INFO - epoch complete
2026-05-20 12:44:52,335 - src.base.trainer - INFO - evaluating now!
2026-05-20 12:44:53,327 - src.base.trainer - INFO - Epoch [146/250] (23373) train_mae: 2.7621, val_mae: 3.3926, lr: 0.000002, 5.6s
2026-05-20 12:44:53,328 - src.base.trainer - INFO - Val loss decrease from 3.3928 to 3.3926, saving to True
2026-05-20 12:44:59,250 - src.base.trainer - INFO - epoch complete
2026-05-20 12:44:59,250 - src.base.trainer - INFO - evaluating now!
2026-05-20 12:45:00,421 - src.base.trainer - INFO - Epoch [147/250] (23532) train_mae: 2.7603, val_mae: 3.3886, lr: 0.000002, 5.9s
2026-05-20 12:45:00,422 - src.base.trainer - INFO - Val loss decrease from 3.3926 to 3.3886, saving to True
2026-05-20 12:45:04,275 - src.base.trainer - INFO - Epoch [148/250] (23600) train_mae: 2.7829, val_mae: 3.3890 
2026-05-20 12:45:07,767 - src.base.trainer - INFO - epoch complete
2026-05-20 12:45:07,767 - src.base.trainer - INFO - evaluating now!
2026-05-20 12:45:08,900 - src.base.trainer - INFO - Epoch [148/250] (23691) train_mae: 2.7576, val_mae: 3.3870, lr: 0.000002, 7.3s
2026-05-20 12:45:08,901 - src.base.trainer - INFO - Val loss decrease from 3.3886 to 3.3870, saving to True
2026-05-20 12:45:15,374 - src.base.trainer - INFO - epoch complete
2026-05-20 12:45:15,374 - src.base.trainer - INFO - evaluating now!
2026-05-20 12:45:16,498 - src.base.trainer - INFO - Epoch [149/250] (23850) train_mae: 2.7577, val_mae: 3.3843, lr: 0.000002, 6.5s
2026-05-20 12:45:16,499 - src.base.trainer - INFO - Val loss decrease from 3.3870 to 3.3843, saving to True
2026-05-20 12:45:24,571 - src.base.trainer - INFO - Epoch [150/250] (24000) train_mae: 2.7487, val_mae: 3.3823 
2026-05-20 12:45:24,574 - src.base.trainer - INFO - Val loss decrease from 3.3843 to 3.3823, saving to True
2026-05-20 12:45:25,014 - src.base.trainer - INFO - epoch complete
2026-05-20 12:45:25,014 - src.base.trainer - INFO - evaluating now!
2026-05-20 12:45:26,030 - src.base.trainer - INFO - Epoch [150/250] (24009) train_mae: 2.7545, val_mae: 3.3817, lr: 0.000002, 8.5s
2026-05-20 12:45:26,035 - src.base.trainer - INFO - Val loss decrease from 3.3823 to 3.3817, saving to True
2026-05-20 12:45:31,294 - src.base.trainer - INFO - epoch complete
2026-05-20 12:45:31,294 - src.base.trainer - INFO - evaluating now!
2026-05-20 12:45:32,195 - src.base.trainer - INFO - Epoch [151/250] (24168) train_mae: 2.7528, val_mae: 3.3810, lr: 0.000002, 5.3s
2026-05-20 12:45:32,196 - src.base.trainer - INFO - Val loss decrease from 3.3817 to 3.3810, saving to True
2026-05-20 12:45:37,347 - src.base.trainer - INFO - epoch complete
2026-05-20 12:45:37,347 - src.base.trainer - INFO - evaluating now!
2026-05-20 12:45:38,230 - src.base.trainer - INFO - Epoch [152/250] (24327) train_mae: 2.7527, val_mae: 3.3780, lr: 0.000002, 5.2s
2026-05-20 12:45:38,232 - src.base.trainer - INFO - Val loss decrease from 3.3810 to 3.3780, saving to True
2026-05-20 12:45:41,569 - src.base.trainer - INFO - Epoch [153/250] (24400) train_mae: 2.8069, val_mae: 3.3773 
2026-05-20 12:45:41,571 - src.base.trainer - INFO - Val loss decrease from 3.3780 to 3.3773, saving to True
2026-05-20 12:45:44,368 - src.base.trainer - INFO - epoch complete
2026-05-20 12:45:44,368 - src.base.trainer - INFO - evaluating now!
2026-05-20 12:45:45,289 - src.base.trainer - INFO - Epoch [153/250] (24486) train_mae: 2.7511, val_mae: 3.3771, lr: 0.000002, 6.1s
2026-05-20 12:45:45,290 - src.base.trainer - INFO - Val loss decrease from 3.3773 to 3.3771, saving to True
2026-05-20 12:45:50,439 - src.base.trainer - INFO - epoch complete
2026-05-20 12:45:50,439 - src.base.trainer - INFO - evaluating now!
2026-05-20 12:45:51,377 - src.base.trainer - INFO - Epoch [154/250] (24645) train_mae: 2.7480, val_mae: 3.3751, lr: 0.000002, 5.1s
2026-05-20 12:45:51,378 - src.base.trainer - INFO - Val loss decrease from 3.3771 to 3.3751, saving to True
2026-05-20 12:45:57,374 - src.base.trainer - INFO - Epoch [155/250] (24800) train_mae: 2.7404, val_mae: 3.3725 
2026-05-20 12:45:57,375 - src.base.trainer - INFO - Val loss decrease from 3.3751 to 3.3725, saving to True
2026-05-20 12:45:57,486 - src.base.trainer - INFO - epoch complete
2026-05-20 12:45:57,486 - src.base.trainer - INFO - evaluating now!
2026-05-20 12:45:58,460 - src.base.trainer - INFO - Epoch [155/250] (24804) train_mae: 2.7465, val_mae: 3.3723, lr: 0.000002, 6.1s
2026-05-20 12:45:58,461 - src.base.trainer - INFO - Val loss decrease from 3.3725 to 3.3723, saving to True
2026-05-20 12:46:03,622 - src.base.trainer - INFO - epoch complete
2026-05-20 12:46:03,622 - src.base.trainer - INFO - evaluating now!
2026-05-20 12:46:04,545 - src.base.trainer - INFO - Epoch [156/250] (24963) train_mae: 2.7441, val_mae: 3.3711, lr: 0.000002, 5.2s
2026-05-20 12:46:04,546 - src.base.trainer - INFO - Val loss decrease from 3.3723 to 3.3711, saving to True
2026-05-20 12:46:09,706 - src.base.trainer - INFO - epoch complete
2026-05-20 12:46:09,706 - src.base.trainer - INFO - evaluating now!
2026-05-20 12:46:10,635 - src.base.trainer - INFO - Epoch [157/250] (25122) train_mae: 2.7440, val_mae: 3.3686, lr: 0.000002, 5.2s
2026-05-20 12:46:10,636 - src.base.trainer - INFO - Val loss decrease from 3.3711 to 3.3686, saving to True
2026-05-20 12:46:14,155 - src.base.trainer - INFO - Epoch [158/250] (25200) train_mae: 2.6905, val_mae: 3.3688 
2026-05-20 12:46:16,750 - src.base.trainer - INFO - epoch complete
2026-05-20 12:46:16,750 - src.base.trainer - INFO - evaluating now!
2026-05-20 12:46:17,673 - src.base.trainer - INFO - Epoch [158/250] (25281) train_mae: 2.7404, val_mae: 3.3653, lr: 0.000002, 6.1s
2026-05-20 12:46:17,674 - src.base.trainer - INFO - Val loss decrease from 3.3686 to 3.3653, saving to True
2026-05-20 12:46:22,833 - src.base.trainer - INFO - epoch complete
2026-05-20 12:46:22,833 - src.base.trainer - INFO - evaluating now!
2026-05-20 12:46:23,730 - src.base.trainer - INFO - Epoch [159/250] (25440) train_mae: 2.7399, val_mae: 3.3633, lr: 0.000002, 5.2s
2026-05-20 12:46:23,731 - src.base.trainer - INFO - Val loss decrease from 3.3653 to 3.3633, saving to True
2026-05-20 12:46:28,814 - src.base.trainer - INFO - epoch complete
2026-05-20 12:46:28,814 - src.base.trainer - INFO - evaluating now!
2026-05-20 12:46:29,707 - src.base.trainer - INFO - Epoch [160/250] (25599) train_mae: 2.7398, val_mae: 3.3621, lr: 0.000002, 5.1s
2026-05-20 12:46:29,708 - src.base.trainer - INFO - Val loss decrease from 3.3633 to 3.3621, saving to True
2026-05-20 12:46:30,692 - src.base.trainer - INFO - Epoch [161/250] (25600) train_mae: 2.2494, val_mae: 3.3622 
2026-05-20 12:46:35,769 - src.base.trainer - INFO - epoch complete
2026-05-20 12:46:35,769 - src.base.trainer - INFO - evaluating now!
2026-05-20 12:46:36,640 - src.base.trainer - INFO - Epoch [161/250] (25758) train_mae: 2.7366, val_mae: 3.3607, lr: 0.000002, 6.1s
2026-05-20 12:46:36,641 - src.base.trainer - INFO - Val loss decrease from 3.3621 to 3.3607, saving to True
2026-05-20 12:46:41,762 - src.base.trainer - INFO - epoch complete
2026-05-20 12:46:41,762 - src.base.trainer - INFO - evaluating now!
2026-05-20 12:46:42,673 - src.base.trainer - INFO - Epoch [162/250] (25917) train_mae: 2.7357, val_mae: 3.3603, lr: 0.000002, 5.1s
2026-05-20 12:46:42,674 - src.base.trainer - INFO - Val loss decrease from 3.3607 to 3.3603, saving to True
2026-05-20 12:46:46,501 - src.base.trainer - INFO - Epoch [163/250] (26000) train_mae: 2.6769, val_mae: 3.3577 
2026-05-20 12:46:46,502 - src.base.trainer - INFO - Val loss decrease from 3.3603 to 3.3577, saving to True
2026-05-20 12:46:49,046 - src.base.trainer - INFO - epoch complete
2026-05-20 12:46:49,046 - src.base.trainer - INFO - evaluating now!
2026-05-20 12:46:49,953 - src.base.trainer - INFO - Epoch [163/250] (26076) train_mae: 2.7329, val_mae: 3.3561, lr: 0.000002, 6.4s
2026-05-20 12:46:49,954 - src.base.trainer - INFO - Val loss decrease from 3.3577 to 3.3561, saving to True
2026-05-20 12:46:55,074 - src.base.trainer - INFO - epoch complete
2026-05-20 12:46:55,074 - src.base.trainer - INFO - evaluating now!
2026-05-20 12:46:55,959 - src.base.trainer - INFO - Epoch [164/250] (26235) train_mae: 2.7322, val_mae: 3.3576, lr: 0.000002, 5.1s
2026-05-20 12:47:01,194 - src.base.trainer - INFO - epoch complete
2026-05-20 12:47:01,194 - src.base.trainer - INFO - evaluating now!
2026-05-20 12:47:02,134 - src.base.trainer - INFO - Epoch [165/250] (26394) train_mae: 2.7302, val_mae: 3.3542, lr: 0.000002, 5.2s
2026-05-20 12:47:02,135 - src.base.trainer - INFO - Val loss decrease from 3.3561 to 3.3542, saving to True
2026-05-20 12:47:03,342 - src.base.trainer - INFO - Epoch [166/250] (26400) train_mae: 2.9718, val_mae: 3.3543 
2026-05-20 12:47:08,246 - src.base.trainer - INFO - epoch complete
2026-05-20 12:47:08,246 - src.base.trainer - INFO - evaluating now!
2026-05-20 12:47:09,140 - src.base.trainer - INFO - Epoch [166/250] (26553) train_mae: 2.7299, val_mae: 3.3524, lr: 0.000002, 6.1s
2026-05-20 12:47:09,141 - src.base.trainer - INFO - Val loss decrease from 3.3542 to 3.3524, saving to True
2026-05-20 12:47:14,319 - src.base.trainer - INFO - epoch complete
2026-05-20 12:47:14,319 - src.base.trainer - INFO - evaluating now!
2026-05-20 12:47:15,207 - src.base.trainer - INFO - Epoch [167/250] (26712) train_mae: 2.7271, val_mae: 3.3491, lr: 0.000002, 5.2s
2026-05-20 12:47:15,208 - src.base.trainer - INFO - Val loss decrease from 3.3524 to 3.3491, saving to True
2026-05-20 12:47:18,971 - src.base.trainer - INFO - Epoch [168/250] (26800) train_mae: 2.7257, val_mae: 3.3479 
2026-05-20 12:47:18,972 - src.base.trainer - INFO - Val loss decrease from 3.3491 to 3.3479, saving to True
2026-05-20 12:47:21,236 - src.base.trainer - INFO - epoch complete
2026-05-20 12:47:21,236 - src.base.trainer - INFO - evaluating now!
2026-05-20 12:47:22,150 - src.base.trainer - INFO - Epoch [168/250] (26871) train_mae: 2.7262, val_mae: 3.3477, lr: 0.000002, 6.0s
2026-05-20 12:47:22,151 - src.base.trainer - INFO - Val loss decrease from 3.3479 to 3.3477, saving to True
2026-05-20 12:47:27,252 - src.base.trainer - INFO - epoch complete
2026-05-20 12:47:27,252 - src.base.trainer - INFO - evaluating now!
2026-05-20 12:47:28,143 - src.base.trainer - INFO - Epoch [169/250] (27030) train_mae: 2.7246, val_mae: 3.3482, lr: 0.000002, 5.1s
2026-05-20 12:47:33,239 - src.base.trainer - INFO - epoch complete
2026-05-20 12:47:33,239 - src.base.trainer - INFO - evaluating now!
2026-05-20 12:47:34,152 - src.base.trainer - INFO - Epoch [170/250] (27189) train_mae: 2.7228, val_mae: 3.3434, lr: 0.000002, 5.1s
2026-05-20 12:47:34,154 - src.base.trainer - INFO - Val loss decrease from 3.3477 to 3.3434, saving to True
2026-05-20 12:47:35,493 - src.base.trainer - INFO - Epoch [171/250] (27200) train_mae: 2.8193, val_mae: 3.3446 
2026-05-20 12:47:40,420 - src.base.trainer - INFO - epoch complete
2026-05-20 12:47:40,420 - src.base.trainer - INFO - evaluating now!
2026-05-20 12:47:41,339 - src.base.trainer - INFO - Epoch [171/250] (27348) train_mae: 2.7208, val_mae: 3.3423, lr: 0.000002, 6.3s
2026-05-20 12:47:41,341 - src.base.trainer - INFO - Val loss decrease from 3.3434 to 3.3423, saving to True
2026-05-20 12:47:46,475 - src.base.trainer - INFO - epoch complete
2026-05-20 12:47:46,475 - src.base.trainer - INFO - evaluating now!
2026-05-20 12:47:47,387 - src.base.trainer - INFO - Epoch [172/250] (27507) train_mae: 2.7216, val_mae: 3.3401, lr: 0.000002, 5.1s
2026-05-20 12:47:47,388 - src.base.trainer - INFO - Val loss decrease from 3.3423 to 3.3401, saving to True
2026-05-20 12:47:51,508 - src.base.trainer - INFO - Epoch [173/250] (27600) train_mae: 2.7450, val_mae: 3.3385 
2026-05-20 12:47:51,509 - src.base.trainer - INFO - Val loss decrease from 3.3401 to 3.3385, saving to True
2026-05-20 12:47:53,703 - src.base.trainer - INFO - epoch complete
2026-05-20 12:47:53,704 - src.base.trainer - INFO - evaluating now!
2026-05-20 12:47:54,613 - src.base.trainer - INFO - Epoch [173/250] (27666) train_mae: 2.7181, val_mae: 3.3370, lr: 0.000002, 6.3s
2026-05-20 12:47:54,614 - src.base.trainer - INFO - Val loss decrease from 3.3385 to 3.3370, saving to True
2026-05-20 12:47:59,891 - src.base.trainer - INFO - epoch complete
2026-05-20 12:47:59,891 - src.base.trainer - INFO - evaluating now!
2026-05-20 12:48:00,833 - src.base.trainer - INFO - Epoch [174/250] (27825) train_mae: 2.7182, val_mae: 3.3354, lr: 0.000002, 5.3s
2026-05-20 12:48:00,834 - src.base.trainer - INFO - Val loss decrease from 3.3370 to 3.3354, saving to True
2026-05-20 12:48:05,945 - src.base.trainer - INFO - epoch complete
2026-05-20 12:48:05,945 - src.base.trainer - INFO - evaluating now!
2026-05-20 12:48:06,838 - src.base.trainer - INFO - Epoch [175/250] (27984) train_mae: 2.7170, val_mae: 3.3337, lr: 0.000002, 5.1s
2026-05-20 12:48:06,839 - src.base.trainer - INFO - Val loss decrease from 3.3354 to 3.3337, saving to True
2026-05-20 12:48:08,294 - src.base.trainer - INFO - Epoch [176/250] (28000) train_mae: 2.7866, val_mae: 3.3337 
2026-05-20 12:48:08,295 - src.base.trainer - INFO - Val loss decrease from 3.3337 to 3.3337, saving to True
2026-05-20 12:48:12,985 - src.base.trainer - INFO - epoch complete
2026-05-20 12:48:12,985 - src.base.trainer - INFO - evaluating now!
2026-05-20 12:48:13,917 - src.base.trainer - INFO - Epoch [176/250] (28143) train_mae: 2.7155, val_mae: 3.3333, lr: 0.000002, 6.1s
2026-05-20 12:48:13,918 - src.base.trainer - INFO - Val loss decrease from 3.3337 to 3.3333, saving to True
2026-05-20 12:48:19,153 - src.base.trainer - INFO - epoch complete
2026-05-20 12:48:19,154 - src.base.trainer - INFO - evaluating now!
2026-05-20 12:48:20,058 - src.base.trainer - INFO - Epoch [177/250] (28302) train_mae: 2.7130, val_mae: 3.3314, lr: 0.000002, 5.2s
2026-05-20 12:48:20,059 - src.base.trainer - INFO - Val loss decrease from 3.3333 to 3.3314, saving to True
2026-05-20 12:48:24,236 - src.base.trainer - INFO - Epoch [178/250] (28400) train_mae: 2.7211, val_mae: 3.3296 
2026-05-20 12:48:24,237 - src.base.trainer - INFO - Val loss decrease from 3.3314 to 3.3296, saving to True
2026-05-20 12:48:26,278 - src.base.trainer - INFO - epoch complete
2026-05-20 12:48:26,278 - src.base.trainer - INFO - evaluating now!
2026-05-20 12:48:27,190 - src.base.trainer - INFO - Epoch [178/250] (28461) train_mae: 2.7120, val_mae: 3.3296, lr: 0.000002, 6.2s
2026-05-20 12:48:27,191 - src.base.trainer - INFO - Val loss decrease from 3.3296 to 3.3296, saving to True
2026-05-20 12:48:32,826 - src.base.trainer - INFO - epoch complete
2026-05-20 12:48:32,827 - src.base.trainer - INFO - evaluating now!
2026-05-20 12:48:33,816 - src.base.trainer - INFO - Epoch [179/250] (28620) train_mae: 2.7111, val_mae: 3.3262, lr: 0.000002, 5.6s
2026-05-20 12:48:33,817 - src.base.trainer - INFO - Val loss decrease from 3.3296 to 3.3262, saving to True
2026-05-20 12:48:39,022 - src.base.trainer - INFO - epoch complete
2026-05-20 12:48:39,022 - src.base.trainer - INFO - evaluating now!
2026-05-20 12:48:39,960 - src.base.trainer - INFO - Epoch [180/250] (28779) train_mae: 2.7076, val_mae: 3.3259, lr: 0.000002, 5.2s
2026-05-20 12:48:39,964 - src.base.trainer - INFO - Val loss decrease from 3.3262 to 3.3259, saving to True
2026-05-20 12:48:41,631 - src.base.trainer - INFO - Epoch [181/250] (28800) train_mae: 2.8010, val_mae: 3.3275 
2026-05-20 12:48:46,192 - src.base.trainer - INFO - epoch complete
2026-05-20 12:48:46,192 - src.base.trainer - INFO - evaluating now!
2026-05-20 12:48:47,156 - src.base.trainer - INFO - Epoch [181/250] (28938) train_mae: 2.7070, val_mae: 3.3244, lr: 0.000002, 6.2s
2026-05-20 12:48:47,157 - src.base.trainer - INFO - Val loss decrease from 3.3259 to 3.3244, saving to True
2026-05-20 12:48:52,241 - src.base.trainer - INFO - epoch complete
2026-05-20 12:48:52,241 - src.base.trainer - INFO - evaluating now!
2026-05-20 12:48:53,163 - src.base.trainer - INFO - Epoch [182/250] (29097) train_mae: 2.7059, val_mae: 3.3217, lr: 0.000002, 5.1s
2026-05-20 12:48:53,164 - src.base.trainer - INFO - Val loss decrease from 3.3244 to 3.3217, saving to True
2026-05-20 12:48:57,372 - src.base.trainer - INFO - Epoch [183/250] (29200) train_mae: 2.7173, val_mae: 3.3227 
2026-05-20 12:48:59,141 - src.base.trainer - INFO - epoch complete
2026-05-20 12:48:59,142 - src.base.trainer - INFO - evaluating now!
2026-05-20 12:49:00,032 - src.base.trainer - INFO - Epoch [183/250] (29256) train_mae: 2.7053, val_mae: 3.3200, lr: 0.000002, 6.0s
2026-05-20 12:49:00,033 - src.base.trainer - INFO - Val loss decrease from 3.3217 to 3.3200, saving to True
2026-05-20 12:49:05,193 - src.base.trainer - INFO - epoch complete
2026-05-20 12:49:05,193 - src.base.trainer - INFO - evaluating now!
2026-05-20 12:49:06,064 - src.base.trainer - INFO - Epoch [184/250] (29415) train_mae: 2.7043, val_mae: 3.3186, lr: 0.000002, 5.2s
2026-05-20 12:49:06,065 - src.base.trainer - INFO - Val loss decrease from 3.3200 to 3.3186, saving to True
2026-05-20 12:49:11,322 - src.base.trainer - INFO - epoch complete
2026-05-20 12:49:11,324 - src.base.trainer - INFO - evaluating now!
2026-05-20 12:49:12,281 - src.base.trainer - INFO - Epoch [185/250] (29574) train_mae: 2.7027, val_mae: 3.3175, lr: 0.000002, 5.3s
2026-05-20 12:49:12,282 - src.base.trainer - INFO - Val loss decrease from 3.3186 to 3.3175, saving to True
2026-05-20 12:49:14,143 - src.base.trainer - INFO - Epoch [186/250] (29600) train_mae: 2.6477, val_mae: 3.3164 
2026-05-20 12:49:14,144 - src.base.trainer - INFO - Val loss decrease from 3.3175 to 3.3164, saving to True
2026-05-20 12:49:18,439 - src.base.trainer - INFO - epoch complete
2026-05-20 12:49:18,439 - src.base.trainer - INFO - evaluating now!
2026-05-20 12:49:19,356 - src.base.trainer - INFO - Epoch [186/250] (29733) train_mae: 2.7031, val_mae: 3.3159, lr: 0.000002, 6.2s
2026-05-20 12:49:19,359 - src.base.trainer - INFO - Val loss decrease from 3.3164 to 3.3159, saving to True
2026-05-20 12:49:24,501 - src.base.trainer - INFO - epoch complete
2026-05-20 12:49:24,501 - src.base.trainer - INFO - evaluating now!
2026-05-20 12:49:25,403 - src.base.trainer - INFO - Epoch [187/250] (29892) train_mae: 2.7005, val_mae: 3.3147, lr: 0.000002, 5.1s
2026-05-20 12:49:25,404 - src.base.trainer - INFO - Val loss decrease from 3.3159 to 3.3147, saving to True
2026-05-20 12:49:30,281 - src.base.trainer - INFO - Epoch [188/250] (30000) train_mae: 2.7140, val_mae: 3.3122 
2026-05-20 12:49:30,283 - src.base.trainer - INFO - Val loss decrease from 3.3147 to 3.3122, saving to True
2026-05-20 12:49:31,954 - src.base.trainer - INFO - epoch complete
2026-05-20 12:49:31,954 - src.base.trainer - INFO - evaluating now!
2026-05-20 12:49:32,875 - src.base.trainer - INFO - Epoch [188/250] (30051) train_mae: 2.6991, val_mae: 3.3128, lr: 0.000002, 6.5s
2026-05-20 12:49:38,128 - src.base.trainer - INFO - epoch complete
2026-05-20 12:49:38,128 - src.base.trainer - INFO - evaluating now!
2026-05-20 12:49:39,107 - src.base.trainer - INFO - Epoch [189/250] (30210) train_mae: 2.6967, val_mae: 3.3108, lr: 0.000002, 5.3s
2026-05-20 12:49:39,108 - src.base.trainer - INFO - Val loss decrease from 3.3122 to 3.3108, saving to True
2026-05-20 12:49:44,436 - src.base.trainer - INFO - epoch complete
2026-05-20 12:49:44,436 - src.base.trainer - INFO - evaluating now!
2026-05-20 12:49:45,380 - src.base.trainer - INFO - Epoch [190/250] (30369) train_mae: 2.6959, val_mae: 3.3111, lr: 0.000002, 5.3s
2026-05-20 12:49:47,266 - src.base.trainer - INFO - Epoch [191/250] (30400) train_mae: 2.5780, val_mae: 3.3134 
2026-05-20 12:49:51,311 - src.base.trainer - INFO - epoch complete
2026-05-20 12:49:51,311 - src.base.trainer - INFO - evaluating now!
2026-05-20 12:49:52,187 - src.base.trainer - INFO - Epoch [191/250] (30528) train_mae: 2.6936, val_mae: 3.3081, lr: 0.000002, 5.9s
2026-05-20 12:49:52,188 - src.base.trainer - INFO - Val loss decrease from 3.3108 to 3.3081, saving to True
2026-05-20 12:49:57,265 - src.base.trainer - INFO - epoch complete
2026-05-20 12:49:57,265 - src.base.trainer - INFO - evaluating now!
2026-05-20 12:49:58,135 - src.base.trainer - INFO - Epoch [192/250] (30687) train_mae: 2.6930, val_mae: 3.3070, lr: 0.000002, 5.1s
2026-05-20 12:49:58,136 - src.base.trainer - INFO - Val loss decrease from 3.3081 to 3.3070, saving to True
2026-05-20 12:50:02,639 - src.base.trainer - INFO - Epoch [193/250] (30800) train_mae: 2.7115, val_mae: 3.3051 
2026-05-20 12:50:02,640 - src.base.trainer - INFO - Val loss decrease from 3.3070 to 3.3051, saving to True
2026-05-20 12:50:04,114 - src.base.trainer - INFO - epoch complete
2026-05-20 12:50:04,114 - src.base.trainer - INFO - evaluating now!
2026-05-20 12:50:05,203 - src.base.trainer - INFO - Epoch [193/250] (30846) train_mae: 2.6907, val_mae: 3.3056, lr: 0.000002, 6.0s
2026-05-20 12:50:10,571 - src.base.trainer - INFO - epoch complete
2026-05-20 12:50:10,571 - src.base.trainer - INFO - evaluating now!
2026-05-20 12:50:11,478 - src.base.trainer - INFO - Epoch [194/250] (31005) train_mae: 2.6903, val_mae: 3.3053, lr: 0.000002, 5.4s
2026-05-20 12:50:16,546 - src.base.trainer - INFO - epoch complete
2026-05-20 12:50:16,546 - src.base.trainer - INFO - evaluating now!
2026-05-20 12:50:17,439 - src.base.trainer - INFO - Epoch [195/250] (31164) train_mae: 2.6890, val_mae: 3.3012, lr: 0.000002, 5.1s
2026-05-20 12:50:17,440 - src.base.trainer - INFO - Val loss decrease from 3.3051 to 3.3012, saving to True
2026-05-20 12:50:19,525 - src.base.trainer - INFO - Epoch [196/250] (31200) train_mae: 2.6254, val_mae: 3.2999 
2026-05-20 12:50:19,526 - src.base.trainer - INFO - Val loss decrease from 3.3012 to 3.2999, saving to True
2026-05-20 12:50:23,472 - src.base.trainer - INFO - epoch complete
2026-05-20 12:50:23,472 - src.base.trainer - INFO - evaluating now!
2026-05-20 12:50:24,353 - src.base.trainer - INFO - Epoch [196/250] (31323) train_mae: 2.6879, val_mae: 3.3037, lr: 0.000002, 6.0s
2026-05-20 12:50:29,414 - src.base.trainer - INFO - epoch complete
2026-05-20 12:50:29,414 - src.base.trainer - INFO - evaluating now!
2026-05-20 12:50:30,285 - src.base.trainer - INFO - Epoch [197/250] (31482) train_mae: 2.6885, val_mae: 3.2980, lr: 0.000002, 5.1s
2026-05-20 12:50:30,286 - src.base.trainer - INFO - Val loss decrease from 3.2999 to 3.2980, saving to True
2026-05-20 12:50:35,467 - src.base.trainer - INFO - Epoch [198/250] (31600) train_mae: 2.6739, val_mae: 3.2979 
2026-05-20 12:50:35,470 - src.base.trainer - INFO - Val loss decrease from 3.2980 to 3.2979, saving to True
2026-05-20 12:50:36,920 - src.base.trainer - INFO - epoch complete
2026-05-20 12:50:36,920 - src.base.trainer - INFO - evaluating now!
2026-05-20 12:50:37,864 - src.base.trainer - INFO - Epoch [198/250] (31641) train_mae: 2.6860, val_mae: 3.2995, lr: 0.000002, 6.6s
2026-05-20 12:50:42,985 - src.base.trainer - INFO - epoch complete
2026-05-20 12:50:42,985 - src.base.trainer - INFO - evaluating now!
2026-05-20 12:50:43,915 - src.base.trainer - INFO - Epoch [199/250] (31800) train_mae: 2.6844, val_mae: 3.2963, lr: 0.000002, 5.1s
2026-05-20 12:50:43,916 - src.base.trainer - INFO - Val loss decrease from 3.2979 to 3.2963, saving to True
2026-05-20 12:50:49,134 - src.base.trainer - INFO - epoch complete
2026-05-20 12:50:49,134 - src.base.trainer - INFO - evaluating now!
2026-05-20 12:50:50,072 - src.base.trainer - INFO - Epoch [200/250] (31959) train_mae: 2.6819, val_mae: 3.2949, lr: 0.000002, 5.2s
2026-05-20 12:50:50,073 - src.base.trainer - INFO - Val loss decrease from 3.2963 to 3.2949, saving to True
2026-05-20 12:50:52,378 - src.base.trainer - INFO - Epoch [201/250] (32000) train_mae: 2.6906, val_mae: 3.2938 
2026-05-20 12:50:52,380 - src.base.trainer - INFO - Val loss decrease from 3.2949 to 3.2938, saving to True
2026-05-20 12:50:56,213 - src.base.trainer - INFO - epoch complete
2026-05-20 12:50:56,214 - src.base.trainer - INFO - evaluating now!
2026-05-20 12:50:57,154 - src.base.trainer - INFO - Epoch [201/250] (32118) train_mae: 2.6818, val_mae: 3.2931, lr: 0.000002, 6.1s
2026-05-20 12:50:57,155 - src.base.trainer - INFO - Val loss decrease from 3.2938 to 3.2931, saving to True
2026-05-20 12:51:02,341 - src.base.trainer - INFO - epoch complete
2026-05-20 12:51:02,341 - src.base.trainer - INFO - evaluating now!
2026-05-20 12:51:03,282 - src.base.trainer - INFO - Epoch [202/250] (32277) train_mae: 2.6816, val_mae: 3.2910, lr: 0.000002, 5.2s
2026-05-20 12:51:03,283 - src.base.trainer - INFO - Val loss decrease from 3.2931 to 3.2910, saving to True
2026-05-20 12:51:08,592 - src.base.trainer - INFO - Epoch [203/250] (32400) train_mae: 2.6551, val_mae: 3.2904 
2026-05-20 12:51:08,594 - src.base.trainer - INFO - Val loss decrease from 3.2910 to 3.2904, saving to True
2026-05-20 12:51:10,046 - src.base.trainer - INFO - epoch complete
2026-05-20 12:51:10,046 - src.base.trainer - INFO - evaluating now!
2026-05-20 12:51:11,117 - src.base.trainer - INFO - Epoch [203/250] (32436) train_mae: 2.6806, val_mae: 3.2900, lr: 0.000002, 6.8s
2026-05-20 12:51:11,118 - src.base.trainer - INFO - Val loss decrease from 3.2904 to 3.2900, saving to True
2026-05-20 12:51:16,304 - src.base.trainer - INFO - epoch complete
2026-05-20 12:51:16,304 - src.base.trainer - INFO - evaluating now!
2026-05-20 12:51:17,209 - src.base.trainer - INFO - Epoch [204/250] (32595) train_mae: 2.6777, val_mae: 3.2898, lr: 0.000002, 5.2s
2026-05-20 12:51:17,210 - src.base.trainer - INFO - Val loss decrease from 3.2900 to 3.2898, saving to True
2026-05-20 12:51:22,253 - src.base.trainer - INFO - epoch complete
2026-05-20 12:51:22,254 - src.base.trainer - INFO - evaluating now!
2026-05-20 12:51:23,121 - src.base.trainer - INFO - Epoch [205/250] (32754) train_mae: 2.6783, val_mae: 3.2879, lr: 0.000002, 5.0s
2026-05-20 12:51:23,122 - src.base.trainer - INFO - Val loss decrease from 3.2898 to 3.2879, saving to True
2026-05-20 12:51:25,530 - src.base.trainer - INFO - Epoch [206/250] (32800) train_mae: 2.7742, val_mae: 3.2871 
2026-05-20 12:51:25,531 - src.base.trainer - INFO - Val loss decrease from 3.2879 to 3.2871, saving to True
2026-05-20 12:51:29,181 - src.base.trainer - INFO - epoch complete
2026-05-20 12:51:29,182 - src.base.trainer - INFO - evaluating now!
2026-05-20 12:51:30,057 - src.base.trainer - INFO - Epoch [206/250] (32913) train_mae: 2.6760, val_mae: 3.2853, lr: 0.000002, 6.1s
2026-05-20 12:51:30,059 - src.base.trainer - INFO - Val loss decrease from 3.2871 to 3.2853, saving to True
2026-05-20 12:54:10,594 - src.base.trainer - INFO - epoch complete
2026-05-20 12:54:10,595 - src.base.trainer - INFO - evaluating now!
2026-05-20 12:54:12,502 - src.base.trainer - INFO - Epoch [207/250] (33072) train_mae: 2.6739, val_mae: 3.2848, lr: 0.000002, 160.5s
2026-05-20 12:54:12,503 - src.base.trainer - INFO - Val loss decrease from 3.2853 to 3.2848, saving to True
2026-05-20 12:54:18,238 - src.base.trainer - INFO - Epoch [208/250] (33200) train_mae: 2.6808, val_mae: 3.2831 
2026-05-20 12:54:18,240 - src.base.trainer - INFO - Val loss decrease from 3.2848 to 3.2831, saving to True
2026-05-20 12:54:19,530 - src.base.trainer - INFO - epoch complete
2026-05-20 12:54:19,531 - src.base.trainer - INFO - evaluating now!
2026-05-20 12:54:20,716 - src.base.trainer - INFO - Epoch [208/250] (33231) train_mae: 2.6743, val_mae: 3.2826, lr: 0.000002, 7.0s
2026-05-20 12:54:20,717 - src.base.trainer - INFO - Val loss decrease from 3.2831 to 3.2826, saving to True
2026-05-20 12:54:26,541 - src.base.trainer - INFO - epoch complete
2026-05-20 12:54:26,541 - src.base.trainer - INFO - evaluating now!
2026-05-20 12:54:27,451 - src.base.trainer - INFO - Epoch [209/250] (33390) train_mae: 2.6724, val_mae: 3.2816, lr: 0.000002, 5.8s
2026-05-20 12:54:27,452 - src.base.trainer - INFO - Val loss decrease from 3.2826 to 3.2816, saving to True
2026-05-20 12:54:32,768 - src.base.trainer - INFO - epoch complete
2026-05-20 12:54:32,768 - src.base.trainer - INFO - evaluating now!
2026-05-20 12:54:33,652 - src.base.trainer - INFO - Epoch [210/250] (33549) train_mae: 2.6718, val_mae: 3.2789, lr: 0.000002, 5.3s
2026-05-20 12:54:33,653 - src.base.trainer - INFO - Val loss decrease from 3.2816 to 3.2789, saving to True
2026-05-20 12:54:36,243 - src.base.trainer - INFO - Epoch [211/250] (33600) train_mae: 2.6088, val_mae: 3.2805 
2026-05-20 12:54:39,773 - src.base.trainer - INFO - epoch complete
2026-05-20 12:54:39,773 - src.base.trainer - INFO - evaluating now!
2026-05-20 12:54:40,680 - src.base.trainer - INFO - Epoch [211/250] (33708) train_mae: 2.6700, val_mae: 3.2784, lr: 0.000002, 6.1s
2026-05-20 12:54:40,681 - src.base.trainer - INFO - Val loss decrease from 3.2789 to 3.2784, saving to True
2026-05-20 12:54:45,916 - src.base.trainer - INFO - epoch complete
2026-05-20 12:54:45,916 - src.base.trainer - INFO - evaluating now!
2026-05-20 12:54:46,798 - src.base.trainer - INFO - Epoch [212/250] (33867) train_mae: 2.6680, val_mae: 3.2773, lr: 0.000002, 5.2s
2026-05-20 12:54:46,799 - src.base.trainer - INFO - Val loss decrease from 3.2784 to 3.2773, saving to True
2026-05-20 12:54:52,012 - src.base.trainer - INFO - Epoch [213/250] (34000) train_mae: 2.6777, val_mae: 3.2769 
2026-05-20 12:54:52,015 - src.base.trainer - INFO - Val loss decrease from 3.2773 to 3.2769, saving to True
2026-05-20 12:54:52,887 - src.base.trainer - INFO - epoch complete
2026-05-20 12:54:52,887 - src.base.trainer - INFO - evaluating now!
2026-05-20 12:54:53,802 - src.base.trainer - INFO - Epoch [213/250] (34026) train_mae: 2.6691, val_mae: 3.2751, lr: 0.000002, 6.1s
2026-05-20 12:54:53,803 - src.base.trainer - INFO - Val loss decrease from 3.2769 to 3.2751, saving to True
2026-05-20 12:54:58,994 - src.base.trainer - INFO - epoch complete
2026-05-20 12:54:58,995 - src.base.trainer - INFO - evaluating now!
2026-05-20 12:54:59,875 - src.base.trainer - INFO - Epoch [214/250] (34185) train_mae: 2.6660, val_mae: 3.2743, lr: 0.000002, 5.2s
2026-05-20 12:54:59,876 - src.base.trainer - INFO - Val loss decrease from 3.2751 to 3.2743, saving to True
2026-05-20 12:55:05,103 - src.base.trainer - INFO - epoch complete
2026-05-20 12:55:05,103 - src.base.trainer - INFO - evaluating now!
2026-05-20 12:55:05,988 - src.base.trainer - INFO - Epoch [215/250] (34344) train_mae: 2.6654, val_mae: 3.2725, lr: 0.000002, 5.2s
2026-05-20 12:55:05,990 - src.base.trainer - INFO - Val loss decrease from 3.2743 to 3.2725, saving to True
2026-05-20 12:55:08,698 - src.base.trainer - INFO - Epoch [216/250] (34400) train_mae: 2.5758, val_mae: 3.2732 
2026-05-20 12:55:12,014 - src.base.trainer - INFO - epoch complete
2026-05-20 12:55:12,014 - src.base.trainer - INFO - evaluating now!
2026-05-20 12:55:12,916 - src.base.trainer - INFO - Epoch [216/250] (34503) train_mae: 2.6645, val_mae: 3.2711, lr: 0.000002, 6.0s
2026-05-20 12:55:12,917 - src.base.trainer - INFO - Val loss decrease from 3.2725 to 3.2711, saving to True
2026-05-20 12:55:18,086 - src.base.trainer - INFO - epoch complete
2026-05-20 12:55:18,086 - src.base.trainer - INFO - evaluating now!
2026-05-20 12:55:18,969 - src.base.trainer - INFO - Epoch [217/250] (34662) train_mae: 2.6626, val_mae: 3.2706, lr: 0.000002, 5.2s
2026-05-20 12:55:18,970 - src.base.trainer - INFO - Val loss decrease from 3.2711 to 3.2706, saving to True
2026-05-20 12:55:24,290 - src.base.trainer - INFO - Epoch [218/250] (34800) train_mae: 2.6856, val_mae: 3.2696 
2026-05-20 12:55:24,291 - src.base.trainer - INFO - Val loss decrease from 3.2706 to 3.2696, saving to True
2026-05-20 12:55:24,964 - src.base.trainer - INFO - epoch complete
2026-05-20 12:55:24,965 - src.base.trainer - INFO - evaluating now!
2026-05-20 12:55:25,840 - src.base.trainer - INFO - Epoch [218/250] (34821) train_mae: 2.6632, val_mae: 3.2691, lr: 0.000002, 6.0s
2026-05-20 12:55:25,841 - src.base.trainer - INFO - Val loss decrease from 3.2696 to 3.2691, saving to True
2026-05-20 12:55:31,003 - src.base.trainer - INFO - epoch complete
2026-05-20 12:55:31,003 - src.base.trainer - INFO - evaluating now!
2026-05-20 12:55:31,881 - src.base.trainer - INFO - Epoch [219/250] (34980) train_mae: 2.6606, val_mae: 3.2681, lr: 0.000002, 5.2s
2026-05-20 12:55:31,882 - src.base.trainer - INFO - Val loss decrease from 3.2691 to 3.2681, saving to True
2026-05-20 12:55:36,932 - src.base.trainer - INFO - epoch complete
2026-05-20 12:55:36,932 - src.base.trainer - INFO - evaluating now!
2026-05-20 12:55:37,799 - src.base.trainer - INFO - Epoch [220/250] (35139) train_mae: 2.6614, val_mae: 3.2670, lr: 0.000002, 5.0s
2026-05-20 12:55:37,800 - src.base.trainer - INFO - Val loss decrease from 3.2681 to 3.2670, saving to True
2026-05-20 12:55:40,633 - src.base.trainer - INFO - Epoch [221/250] (35200) train_mae: 2.6895, val_mae: 3.2664 
2026-05-20 12:55:40,634 - src.base.trainer - INFO - Val loss decrease from 3.2670 to 3.2664, saving to True
2026-05-20 12:55:43,759 - src.base.trainer - INFO - epoch complete
2026-05-20 12:55:43,759 - src.base.trainer - INFO - evaluating now!
2026-05-20 12:55:44,627 - src.base.trainer - INFO - Epoch [221/250] (35298) train_mae: 2.6587, val_mae: 3.2653, lr: 0.000002, 6.0s
2026-05-20 12:55:44,628 - src.base.trainer - INFO - Val loss decrease from 3.2664 to 3.2653, saving to True
2026-05-20 12:55:49,706 - src.base.trainer - INFO - epoch complete
2026-05-20 12:55:49,706 - src.base.trainer - INFO - evaluating now!
2026-05-20 12:55:50,580 - src.base.trainer - INFO - Epoch [222/250] (35457) train_mae: 2.6575, val_mae: 3.2635, lr: 0.000002, 5.1s
2026-05-20 12:55:50,581 - src.base.trainer - INFO - Val loss decrease from 3.2653 to 3.2635, saving to True
2026-05-20 12:55:56,045 - src.base.trainer - INFO - Epoch [223/250] (35600) train_mae: 2.6721, val_mae: 3.2641 
2026-05-20 12:55:56,532 - src.base.trainer - INFO - epoch complete
2026-05-20 12:55:56,532 - src.base.trainer - INFO - evaluating now!
2026-05-20 12:55:57,407 - src.base.trainer - INFO - Epoch [223/250] (35616) train_mae: 2.6564, val_mae: 3.2633, lr: 0.000002, 6.0s
2026-05-20 12:55:57,408 - src.base.trainer - INFO - Val loss decrease from 3.2635 to 3.2633, saving to True
2026-05-20 12:56:02,502 - src.base.trainer - INFO - epoch complete
2026-05-20 12:56:02,502 - src.base.trainer - INFO - evaluating now!
2026-05-20 12:56:03,371 - src.base.trainer - INFO - Epoch [224/250] (35775) train_mae: 2.6558, val_mae: 3.2619, lr: 0.000002, 5.1s
2026-05-20 12:56:03,372 - src.base.trainer - INFO - Val loss decrease from 3.2633 to 3.2619, saving to True
2026-05-20 12:56:08,482 - src.base.trainer - INFO - epoch complete
2026-05-20 12:56:08,482 - src.base.trainer - INFO - evaluating now!
2026-05-20 12:56:09,351 - src.base.trainer - INFO - Epoch [225/250] (35934) train_mae: 2.6540, val_mae: 3.2592, lr: 0.000002, 5.1s
2026-05-20 12:56:09,352 - src.base.trainer - INFO - Val loss decrease from 3.2619 to 3.2592, saving to True
2026-05-20 12:56:12,365 - src.base.trainer - INFO - Epoch [226/250] (36000) train_mae: 2.6525, val_mae: 3.2590 
2026-05-20 12:56:12,366 - src.base.trainer - INFO - Val loss decrease from 3.2592 to 3.2590, saving to True
2026-05-20 12:56:15,338 - src.base.trainer - INFO - epoch complete
2026-05-20 12:56:15,338 - src.base.trainer - INFO - evaluating now!
2026-05-20 12:56:16,213 - src.base.trainer - INFO - Epoch [226/250] (36093) train_mae: 2.6548, val_mae: 3.2596, lr: 0.000002, 6.0s
2026-05-20 12:56:21,258 - src.base.trainer - INFO - epoch complete
2026-05-20 12:56:21,258 - src.base.trainer - INFO - evaluating now!
2026-05-20 12:56:22,131 - src.base.trainer - INFO - Epoch [227/250] (36252) train_mae: 2.6525, val_mae: 3.2563, lr: 0.000002, 5.0s
2026-05-20 12:56:22,132 - src.base.trainer - INFO - Val loss decrease from 3.2590 to 3.2563, saving to True
2026-05-20 12:56:27,746 - src.base.trainer - INFO - Epoch [228/250] (36400) train_mae: 2.6464, val_mae: 3.2548 
2026-05-20 12:56:27,747 - src.base.trainer - INFO - Val loss decrease from 3.2563 to 3.2548, saving to True
2026-05-20 12:56:28,074 - src.base.trainer - INFO - epoch complete
2026-05-20 12:56:28,075 - src.base.trainer - INFO - evaluating now!
2026-05-20 12:56:28,963 - src.base.trainer - INFO - Epoch [228/250] (36411) train_mae: 2.6517, val_mae: 3.2558, lr: 0.000002, 5.9s
2026-05-20 12:56:34,002 - src.base.trainer - INFO - epoch complete
2026-05-20 12:56:34,002 - src.base.trainer - INFO - evaluating now!
2026-05-20 12:56:34,872 - src.base.trainer - INFO - Epoch [229/250] (36570) train_mae: 2.6508, val_mae: 3.2544, lr: 0.000002, 5.0s
2026-05-20 12:56:34,873 - src.base.trainer - INFO - Val loss decrease from 3.2548 to 3.2544, saving to True
2026-05-20 12:56:39,953 - src.base.trainer - INFO - epoch complete
2026-05-20 12:56:39,953 - src.base.trainer - INFO - evaluating now!
2026-05-20 12:56:40,822 - src.base.trainer - INFO - Epoch [230/250] (36729) train_mae: 2.6501, val_mae: 3.2530, lr: 0.000002, 5.1s
2026-05-20 12:56:40,823 - src.base.trainer - INFO - Val loss decrease from 3.2544 to 3.2530, saving to True
2026-05-20 12:56:43,994 - src.base.trainer - INFO - Epoch [231/250] (36800) train_mae: 2.6284, val_mae: 3.2534 
2026-05-20 12:56:46,773 - src.base.trainer - INFO - epoch complete
2026-05-20 12:56:46,773 - src.base.trainer - INFO - evaluating now!
2026-05-20 12:56:47,652 - src.base.trainer - INFO - Epoch [231/250] (36888) train_mae: 2.6488, val_mae: 3.2538, lr: 0.000002, 5.9s
2026-05-20 12:56:52,705 - src.base.trainer - INFO - epoch complete
2026-05-20 12:56:52,705 - src.base.trainer - INFO - evaluating now!
2026-05-20 12:56:53,575 - src.base.trainer - INFO - Epoch [232/250] (37047) train_mae: 2.6477, val_mae: 3.2506, lr: 0.000002, 5.1s
2026-05-20 12:56:53,576 - src.base.trainer - INFO - Val loss decrease from 3.2530 to 3.2506, saving to True
2026-05-20 12:56:59,354 - src.base.trainer - INFO - Epoch [233/250] (37200) train_mae: 2.6425, val_mae: 3.2500 
2026-05-20 12:56:59,355 - src.base.trainer - INFO - Val loss decrease from 3.2506 to 3.2500, saving to True
2026-05-20 12:56:59,524 - src.base.trainer - INFO - epoch complete
2026-05-20 12:56:59,524 - src.base.trainer - INFO - evaluating now!
2026-05-20 12:57:00,424 - src.base.trainer - INFO - Epoch [233/250] (37206) train_mae: 2.6483, val_mae: 3.2505, lr: 0.000002, 5.9s
2026-05-20 12:57:05,472 - src.base.trainer - INFO - epoch complete
2026-05-20 12:57:05,472 - src.base.trainer - INFO - evaluating now!
2026-05-20 12:57:06,341 - src.base.trainer - INFO - Epoch [234/250] (37365) train_mae: 2.6463, val_mae: 3.2483, lr: 0.000002, 5.0s
2026-05-20 12:57:06,342 - src.base.trainer - INFO - Val loss decrease from 3.2500 to 3.2483, saving to True
2026-05-20 12:57:11,465 - src.base.trainer - INFO - epoch complete
2026-05-20 12:57:11,465 - src.base.trainer - INFO - evaluating now!
2026-05-20 12:57:12,337 - src.base.trainer - INFO - Epoch [235/250] (37524) train_mae: 2.6447, val_mae: 3.2460, lr: 0.000002, 5.1s
2026-05-20 12:57:12,338 - src.base.trainer - INFO - Val loss decrease from 3.2483 to 3.2460, saving to True
2026-05-20 12:57:15,664 - src.base.trainer - INFO - Epoch [236/250] (37600) train_mae: 2.6543, val_mae: 3.2464 
2026-05-20 12:57:18,292 - src.base.trainer - INFO - epoch complete
2026-05-20 12:57:18,292 - src.base.trainer - INFO - evaluating now!
2026-05-20 12:57:19,162 - src.base.trainer - INFO - Epoch [236/250] (37683) train_mae: 2.6439, val_mae: 3.2478, lr: 0.000002, 6.0s
2026-05-20 12:57:24,204 - src.base.trainer - INFO - epoch complete
2026-05-20 12:57:24,204 - src.base.trainer - INFO - evaluating now!
2026-05-20 12:57:25,070 - src.base.trainer - INFO - Epoch [237/250] (37842) train_mae: 2.6413, val_mae: 3.2464, lr: 0.000002, 5.0s
2026-05-20 12:57:30,967 - src.base.trainer - INFO - Epoch [238/250] (38000) train_mae: 2.6427, val_mae: 3.2439 
2026-05-20 12:57:30,968 - src.base.trainer - INFO - Val loss decrease from 3.2460 to 3.2439, saving to True
2026-05-20 12:57:30,979 - src.base.trainer - INFO - epoch complete
2026-05-20 12:57:30,979 - src.base.trainer - INFO - evaluating now!
2026-05-20 12:57:31,885 - src.base.trainer - INFO - Epoch [238/250] (38001) train_mae: 2.6414, val_mae: 3.2439, lr: 0.000002, 5.9s
2026-05-20 12:57:37,000 - src.base.trainer - INFO - epoch complete
2026-05-20 12:57:37,000 - src.base.trainer - INFO - evaluating now!
2026-05-20 12:57:37,886 - src.base.trainer - INFO - Epoch [239/250] (38160) train_mae: 2.6399, val_mae: 3.2425, lr: 0.000002, 5.1s
2026-05-20 12:57:37,887 - src.base.trainer - INFO - Val loss decrease from 3.2439 to 3.2425, saving to True
2026-05-20 12:57:43,064 - src.base.trainer - INFO - epoch complete
2026-05-20 12:57:43,064 - src.base.trainer - INFO - evaluating now!
2026-05-20 12:57:43,962 - src.base.trainer - INFO - Epoch [240/250] (38319) train_mae: 2.6405, val_mae: 3.2438, lr: 0.000002, 5.2s
2026-05-20 12:57:47,477 - src.base.trainer - INFO - Epoch [241/250] (38400) train_mae: 2.6634, val_mae: 3.2410 
2026-05-20 12:57:47,478 - src.base.trainer - INFO - Val loss decrease from 3.2425 to 3.2410, saving to True
2026-05-20 12:57:50,035 - src.base.trainer - INFO - epoch complete
2026-05-20 12:57:50,035 - src.base.trainer - INFO - evaluating now!
2026-05-20 12:57:50,927 - src.base.trainer - INFO - Epoch [241/250] (38478) train_mae: 2.6380, val_mae: 3.2396, lr: 0.000002, 6.1s
2026-05-20 12:57:50,928 - src.base.trainer - INFO - Val loss decrease from 3.2410 to 3.2396, saving to True
2026-05-20 12:57:56,139 - src.base.trainer - INFO - epoch complete
2026-05-20 12:57:56,139 - src.base.trainer - INFO - evaluating now!
2026-05-20 12:57:57,025 - src.base.trainer - INFO - Epoch [242/250] (38637) train_mae: 2.6364, val_mae: 3.2381, lr: 0.000002, 5.2s
2026-05-20 12:57:57,027 - src.base.trainer - INFO - Val loss decrease from 3.2396 to 3.2381, saving to True
2026-05-20 12:58:02,226 - src.base.trainer - INFO - epoch complete
2026-05-20 12:58:02,226 - src.base.trainer - INFO - evaluating now!
2026-05-20 12:58:03,119 - src.base.trainer - INFO - Epoch [243/250] (38796) train_mae: 2.6389, val_mae: 3.2374, lr: 0.000002, 5.2s
2026-05-20 12:58:03,120 - src.base.trainer - INFO - Val loss decrease from 3.2381 to 3.2374, saving to True
2026-05-20 12:58:04,160 - src.base.trainer - INFO - Epoch [244/250] (38800) train_mae: 2.8486, val_mae: 3.2372 
2026-05-20 12:58:04,161 - src.base.trainer - INFO - Val loss decrease from 3.2374 to 3.2372, saving to True
2026-05-20 12:58:09,133 - src.base.trainer - INFO - epoch complete
2026-05-20 12:58:09,133 - src.base.trainer - INFO - evaluating now!
2026-05-20 12:58:10,011 - src.base.trainer - INFO - Epoch [244/250] (38955) train_mae: 2.6366, val_mae: 3.2369, lr: 0.000002, 6.0s
2026-05-20 12:58:10,012 - src.base.trainer - INFO - Val loss decrease from 3.2372 to 3.2369, saving to True
2026-05-20 12:58:15,110 - src.base.trainer - INFO - epoch complete
2026-05-20 12:58:15,111 - src.base.trainer - INFO - evaluating now!
2026-05-20 12:58:15,982 - src.base.trainer - INFO - Epoch [245/250] (39114) train_mae: 2.6336, val_mae: 3.2357, lr: 0.000002, 5.1s
2026-05-20 12:58:15,983 - src.base.trainer - INFO - Val loss decrease from 3.2369 to 3.2357, saving to True
2026-05-20 12:58:19,639 - src.base.trainer - INFO - Epoch [246/250] (39200) train_mae: 2.6129, val_mae: 3.2358 
2026-05-20 12:58:21,950 - src.base.trainer - INFO - epoch complete
2026-05-20 12:58:21,950 - src.base.trainer - INFO - evaluating now!
2026-05-20 12:58:22,826 - src.base.trainer - INFO - Epoch [246/250] (39273) train_mae: 2.6341, val_mae: 3.2350, lr: 0.000002, 6.0s
2026-05-20 12:58:22,827 - src.base.trainer - INFO - Val loss decrease from 3.2357 to 3.2350, saving to True
2026-05-20 12:58:27,935 - src.base.trainer - INFO - epoch complete
2026-05-20 12:58:27,935 - src.base.trainer - INFO - evaluating now!
2026-05-20 12:58:28,803 - src.base.trainer - INFO - Epoch [247/250] (39432) train_mae: 2.6342, val_mae: 3.2330, lr: 0.000002, 5.1s
2026-05-20 12:58:28,804 - src.base.trainer - INFO - Val loss decrease from 3.2350 to 3.2330, saving to True
2026-05-20 12:58:33,897 - src.base.trainer - INFO - epoch complete
2026-05-20 12:58:33,897 - src.base.trainer - INFO - evaluating now!
2026-05-20 12:58:34,766 - src.base.trainer - INFO - Epoch [248/250] (39591) train_mae: 2.6325, val_mae: 3.2331, lr: 0.000002, 5.1s
2026-05-20 12:58:35,921 - src.base.trainer - INFO - Epoch [249/250] (39600) train_mae: 2.4553, val_mae: 3.2330 
2026-05-20 12:58:40,690 - src.base.trainer - INFO - epoch complete
2026-05-20 12:58:40,690 - src.base.trainer - INFO - evaluating now!
2026-05-20 12:58:41,559 - src.base.trainer - INFO - Epoch [249/250] (39750) train_mae: 2.6317, val_mae: 3.2325, lr: 0.000002, 5.9s
2026-05-20 12:58:41,560 - src.base.trainer - INFO - Val loss decrease from 3.2330 to 3.2325, saving to True
2026-05-20 13:36:48,484 - src.base.trainer - INFO - the number of parameters: 56460
2026-05-20 13:36:48,488 - src.base.trainer - INFO - start training !!!!!
2026-05-20 13:36:54,046 - src.base.trainer - INFO - epoch complete
2026-05-20 13:36:54,046 - src.base.trainer - INFO - evaluating now!
2026-05-20 13:36:54,957 - src.base.trainer - INFO - Epoch [0/250] (159) train_mae: 11.7765, val_mae: 12.8459, lr: 0.000010, 5.6s
2026-05-20 13:36:54,961 - src.base.trainer - INFO - Val loss decrease from inf to 12.8459, saving to True
2026-05-20 13:37:00,579 - src.base.trainer - INFO - epoch complete
2026-05-20 13:37:00,581 - src.base.trainer - INFO - evaluating now!
2026-05-20 13:37:01,504 - src.base.trainer - INFO - Epoch [1/250] (318) train_mae: 9.8745, val_mae: 11.3797, lr: 0.000010, 5.6s
2026-05-20 13:37:01,505 - src.base.trainer - INFO - Val loss decrease from 12.8459 to 11.3797, saving to True
2026-05-20 13:37:05,382 - src.base.trainer - INFO - Epoch [2/250] (400) train_mae: 8.6419, val_mae: 10.6271 
2026-05-20 13:37:05,383 - src.base.trainer - INFO - Val loss decrease from 11.3797 to 10.6271, saving to True
2026-05-20 13:37:08,220 - src.base.trainer - INFO - epoch complete
2026-05-20 13:37:08,220 - src.base.trainer - INFO - evaluating now!
2026-05-20 13:37:09,157 - src.base.trainer - INFO - Epoch [2/250] (477) train_mae: 8.3854, val_mae: 9.9593, lr: 0.000010, 6.7s
2026-05-20 13:37:09,159 - src.base.trainer - INFO - Val loss decrease from 10.6271 to 9.9593, saving to True
2026-05-20 13:37:14,688 - src.base.trainer - INFO - epoch complete
2026-05-20 13:37:14,688 - src.base.trainer - INFO - evaluating now!
2026-05-20 13:37:15,599 - src.base.trainer - INFO - Epoch [3/250] (636) train_mae: 7.3278, val_mae: 8.8828, lr: 0.000010, 5.5s
2026-05-20 13:37:15,600 - src.base.trainer - INFO - Val loss decrease from 9.9593 to 8.8828, saving to True
2026-05-20 13:37:21,122 - src.base.trainer - INFO - epoch complete
2026-05-20 13:37:21,122 - src.base.trainer - INFO - evaluating now!
2026-05-20 13:37:22,034 - src.base.trainer - INFO - Epoch [4/250] (795) train_mae: 6.5677, val_mae: 8.1037, lr: 0.000010, 5.5s
2026-05-20 13:37:22,035 - src.base.trainer - INFO - Val loss decrease from 8.8828 to 8.1037, saving to True
2026-05-20 13:37:23,138 - src.base.trainer - INFO - Epoch [5/250] (800) train_mae: 5.6500, val_mae: 8.0869 
2026-05-20 13:37:23,139 - src.base.trainer - INFO - Val loss decrease from 8.1037 to 8.0869, saving to True
2026-05-20 13:37:28,488 - src.base.trainer - INFO - epoch complete
2026-05-20 13:37:28,488 - src.base.trainer - INFO - evaluating now!
2026-05-20 13:37:29,398 - src.base.trainer - INFO - Epoch [5/250] (954) train_mae: 6.0353, val_mae: 7.5119, lr: 0.000010, 6.5s
2026-05-20 13:37:29,399 - src.base.trainer - INFO - Val loss decrease from 8.0869 to 7.5119, saving to True
2026-05-20 13:37:34,898 - src.base.trainer - INFO - epoch complete
2026-05-20 13:37:34,898 - src.base.trainer - INFO - evaluating now!
2026-05-20 13:37:35,808 - src.base.trainer - INFO - Epoch [6/250] (1113) train_mae: 5.6318, val_mae: 7.0108, lr: 0.000010, 5.5s
2026-05-20 13:37:35,809 - src.base.trainer - INFO - Val loss decrease from 7.5119 to 7.0108, saving to True
2026-05-20 13:37:39,740 - src.base.trainer - INFO - Epoch [7/250] (1200) train_mae: 5.3270, val_mae: 6.7549 
2026-05-20 13:37:39,741 - src.base.trainer - INFO - Val loss decrease from 7.0108 to 6.7549, saving to True
2026-05-20 13:37:42,232 - src.base.trainer - INFO - epoch complete
2026-05-20 13:37:42,232 - src.base.trainer - INFO - evaluating now!
2026-05-20 13:37:43,145 - src.base.trainer - INFO - Epoch [7/250] (1272) train_mae: 5.2805, val_mae: 6.5528, lr: 0.000010, 6.4s
2026-05-20 13:37:43,146 - src.base.trainer - INFO - Val loss decrease from 6.7549 to 6.5528, saving to True
2026-05-20 13:37:48,656 - src.base.trainer - INFO - epoch complete
2026-05-20 13:37:48,656 - src.base.trainer - INFO - evaluating now!
2026-05-20 13:37:49,565 - src.base.trainer - INFO - Epoch [8/250] (1431) train_mae: 4.9714, val_mae: 6.1633, lr: 0.000010, 5.5s
2026-05-20 13:37:49,566 - src.base.trainer - INFO - Val loss decrease from 6.5528 to 6.1633, saving to True
2026-05-20 13:37:55,066 - src.base.trainer - INFO - epoch complete
2026-05-20 13:37:55,066 - src.base.trainer - INFO - evaluating now!
2026-05-20 13:37:55,972 - src.base.trainer - INFO - Epoch [9/250] (1590) train_mae: 4.7123, val_mae: 5.8240, lr: 0.000007, 5.5s
2026-05-20 13:37:55,973 - src.base.trainer - INFO - Val loss decrease from 6.1633 to 5.8240, saving to True
2026-05-20 13:37:57,248 - src.base.trainer - INFO - Epoch [10/250] (1600) train_mae: 4.5558, val_mae: 5.8097 
2026-05-20 13:37:57,249 - src.base.trainer - INFO - Val loss decrease from 5.8240 to 5.8097, saving to True
2026-05-20 13:38:02,414 - src.base.trainer - INFO - epoch complete
2026-05-20 13:38:02,414 - src.base.trainer - INFO - evaluating now!
2026-05-20 13:38:03,325 - src.base.trainer - INFO - Epoch [10/250] (1749) train_mae: 4.5043, val_mae: 5.5996, lr: 0.000007, 6.4s
2026-05-20 13:38:03,326 - src.base.trainer - INFO - Val loss decrease from 5.8097 to 5.5996, saving to True
2026-05-20 13:38:08,840 - src.base.trainer - INFO - epoch complete
2026-05-20 13:38:08,840 - src.base.trainer - INFO - evaluating now!
2026-05-20 13:38:09,751 - src.base.trainer - INFO - Epoch [11/250] (1908) train_mae: 4.3570, val_mae: 5.4120, lr: 0.000007, 5.5s
2026-05-20 13:38:09,752 - src.base.trainer - INFO - Val loss decrease from 5.5996 to 5.4120, saving to True
2026-05-20 13:38:13,871 - src.base.trainer - INFO - Epoch [12/250] (2000) train_mae: 4.2102, val_mae: 5.3122 
2026-05-20 13:38:13,872 - src.base.trainer - INFO - Val loss decrease from 5.4120 to 5.3122, saving to True
2026-05-20 13:38:16,201 - src.base.trainer - INFO - epoch complete
2026-05-20 13:38:16,201 - src.base.trainer - INFO - evaluating now!
2026-05-20 13:38:17,112 - src.base.trainer - INFO - Epoch [12/250] (2067) train_mae: 4.2270, val_mae: 5.2423, lr: 0.000007, 6.4s
2026-05-20 13:38:17,114 - src.base.trainer - INFO - Val loss decrease from 5.3122 to 5.2423, saving to True
2026-05-20 13:38:22,618 - src.base.trainer - INFO - epoch complete
2026-05-20 13:38:22,618 - src.base.trainer - INFO - evaluating now!
2026-05-20 13:38:23,533 - src.base.trainer - INFO - Epoch [13/250] (2226) train_mae: 4.1165, val_mae: 5.0983, lr: 0.000007, 5.5s
2026-05-20 13:38:23,535 - src.base.trainer - INFO - Val loss decrease from 5.2423 to 5.0983, saving to True
2026-05-20 13:38:29,053 - src.base.trainer - INFO - epoch complete
2026-05-20 13:38:29,053 - src.base.trainer - INFO - evaluating now!
2026-05-20 13:38:29,967 - src.base.trainer - INFO - Epoch [14/250] (2385) train_mae: 4.0177, val_mae: 4.9703, lr: 0.000007, 5.5s
2026-05-20 13:38:29,968 - src.base.trainer - INFO - Val loss decrease from 5.0983 to 4.9703, saving to True
2026-05-20 13:38:31,425 - src.base.trainer - INFO - Epoch [15/250] (2400) train_mae: 4.1412, val_mae: 4.9589 
2026-05-20 13:38:31,426 - src.base.trainer - INFO - Val loss decrease from 4.9703 to 4.9589, saving to True
2026-05-20 13:38:36,488 - src.base.trainer - INFO - epoch complete
2026-05-20 13:38:36,488 - src.base.trainer - INFO - evaluating now!
2026-05-20 13:38:37,401 - src.base.trainer - INFO - Epoch [15/250] (2544) train_mae: 3.9318, val_mae: 4.8600, lr: 0.000007, 6.5s
2026-05-20 13:38:37,402 - src.base.trainer - INFO - Val loss decrease from 4.9589 to 4.8600, saving to True
2026-05-20 13:38:42,918 - src.base.trainer - INFO - epoch complete
2026-05-20 13:38:42,918 - src.base.trainer - INFO - evaluating now!
2026-05-20 13:38:43,832 - src.base.trainer - INFO - Epoch [16/250] (2703) train_mae: 3.8566, val_mae: 4.7628, lr: 0.000007, 5.5s
2026-05-20 13:38:43,833 - src.base.trainer - INFO - Val loss decrease from 4.8600 to 4.7628, saving to True
2026-05-20 13:38:48,140 - src.base.trainer - INFO - Epoch [17/250] (2800) train_mae: 3.7793, val_mae: 4.7095 
2026-05-20 13:38:48,141 - src.base.trainer - INFO - Val loss decrease from 4.7628 to 4.7095, saving to True
2026-05-20 13:38:50,300 - src.base.trainer - INFO - epoch complete
2026-05-20 13:38:50,300 - src.base.trainer - INFO - evaluating now!
2026-05-20 13:38:51,217 - src.base.trainer - INFO - Epoch [17/250] (2862) train_mae: 3.7899, val_mae: 4.6742, lr: 0.000007, 6.5s
2026-05-20 13:38:51,218 - src.base.trainer - INFO - Val loss decrease from 4.7095 to 4.6742, saving to True
2026-05-20 13:38:56,774 - src.base.trainer - INFO - epoch complete
2026-05-20 13:38:56,774 - src.base.trainer - INFO - evaluating now!
2026-05-20 13:38:57,697 - src.base.trainer - INFO - Epoch [18/250] (3021) train_mae: 3.7314, val_mae: 4.5954, lr: 0.000007, 5.6s
2026-05-20 13:38:57,698 - src.base.trainer - INFO - Val loss decrease from 4.6742 to 4.5954, saving to True
2026-05-20 13:39:03,236 - src.base.trainer - INFO - epoch complete
2026-05-20 13:39:03,236 - src.base.trainer - INFO - evaluating now!
2026-05-20 13:39:04,152 - src.base.trainer - INFO - Epoch [19/250] (3180) train_mae: 3.6737, val_mae: 4.5216, lr: 0.000005, 5.5s
2026-05-20 13:39:04,153 - src.base.trainer - INFO - Val loss decrease from 4.5954 to 4.5216, saving to True
2026-05-20 13:39:05,797 - src.base.trainer - INFO - Epoch [20/250] (3200) train_mae: 3.6730, val_mae: 4.5149 
2026-05-20 13:39:05,798 - src.base.trainer - INFO - Val loss decrease from 4.5216 to 4.5149, saving to True
2026-05-20 13:39:10,640 - src.base.trainer - INFO - epoch complete
2026-05-20 13:39:10,640 - src.base.trainer - INFO - evaluating now!
2026-05-20 13:39:11,556 - src.base.trainer - INFO - Epoch [20/250] (3339) train_mae: 3.6300, val_mae: 4.4728, lr: 0.000005, 6.5s
2026-05-20 13:39:11,557 - src.base.trainer - INFO - Val loss decrease from 4.5149 to 4.4728, saving to True
2026-05-20 13:39:17,090 - src.base.trainer - INFO - epoch complete
2026-05-20 13:39:17,090 - src.base.trainer - INFO - evaluating now!
2026-05-20 13:39:18,008 - src.base.trainer - INFO - Epoch [21/250] (3498) train_mae: 3.5948, val_mae: 4.4271, lr: 0.000005, 5.5s
2026-05-20 13:39:18,009 - src.base.trainer - INFO - Val loss decrease from 4.4728 to 4.4271, saving to True
2026-05-20 13:39:22,490 - src.base.trainer - INFO - Epoch [22/250] (3600) train_mae: 3.5304, val_mae: 4.3996 
2026-05-20 13:39:22,491 - src.base.trainer - INFO - Val loss decrease from 4.4271 to 4.3996, saving to True
2026-05-20 13:39:24,481 - src.base.trainer - INFO - epoch complete
2026-05-20 13:39:24,481 - src.base.trainer - INFO - evaluating now!
2026-05-20 13:39:25,400 - src.base.trainer - INFO - Epoch [22/250] (3657) train_mae: 3.5632, val_mae: 4.3848, lr: 0.000005, 6.5s
2026-05-20 13:39:25,402 - src.base.trainer - INFO - Val loss decrease from 4.3996 to 4.3848, saving to True
2026-05-20 13:39:30,935 - src.base.trainer - INFO - epoch complete
2026-05-20 13:39:30,935 - src.base.trainer - INFO - evaluating now!
2026-05-20 13:39:31,856 - src.base.trainer - INFO - Epoch [23/250] (3816) train_mae: 3.5312, val_mae: 4.3439, lr: 0.000005, 5.5s
2026-05-20 13:39:31,857 - src.base.trainer - INFO - Val loss decrease from 4.3848 to 4.3439, saving to True
2026-05-20 13:39:37,390 - src.base.trainer - INFO - epoch complete
2026-05-20 13:39:37,390 - src.base.trainer - INFO - evaluating now!
2026-05-20 13:39:38,303 - src.base.trainer - INFO - Epoch [24/250] (3975) train_mae: 3.5050, val_mae: 4.3062, lr: 0.000005, 5.5s
2026-05-20 13:39:38,304 - src.base.trainer - INFO - Val loss decrease from 4.3439 to 4.3062, saving to True
2026-05-20 13:39:40,116 - src.base.trainer - INFO - Epoch [25/250] (4000) train_mae: 3.3791, val_mae: 4.3008 
2026-05-20 13:39:40,118 - src.base.trainer - INFO - Val loss decrease from 4.3062 to 4.3008, saving to True
2026-05-20 13:39:44,776 - src.base.trainer - INFO - epoch complete
2026-05-20 13:39:44,776 - src.base.trainer - INFO - evaluating now!
2026-05-20 13:39:45,694 - src.base.trainer - INFO - Epoch [25/250] (4134) train_mae: 3.4741, val_mae: 4.2682, lr: 0.000005, 6.5s
2026-05-20 13:39:45,695 - src.base.trainer - INFO - Val loss decrease from 4.3008 to 4.2682, saving to True
2026-05-20 13:39:51,232 - src.base.trainer - INFO - epoch complete
2026-05-20 13:39:51,232 - src.base.trainer - INFO - evaluating now!
2026-05-20 13:39:52,148 - src.base.trainer - INFO - Epoch [26/250] (4293) train_mae: 3.4496, val_mae: 4.2332, lr: 0.000005, 5.5s
2026-05-20 13:39:52,150 - src.base.trainer - INFO - Val loss decrease from 4.2682 to 4.2332, saving to True
2026-05-20 13:39:56,825 - src.base.trainer - INFO - Epoch [27/250] (4400) train_mae: 3.3753, val_mae: 4.2119 
2026-05-20 13:39:56,826 - src.base.trainer - INFO - Val loss decrease from 4.2332 to 4.2119, saving to True
2026-05-20 13:39:58,648 - src.base.trainer - INFO - epoch complete
2026-05-20 13:39:58,648 - src.base.trainer - INFO - evaluating now!
2026-05-20 13:39:59,568 - src.base.trainer - INFO - Epoch [27/250] (4452) train_mae: 3.4236, val_mae: 4.2014, lr: 0.000005, 6.5s
2026-05-20 13:39:59,569 - src.base.trainer - INFO - Val loss decrease from 4.2119 to 4.2014, saving to True
2026-05-20 13:40:05,102 - src.base.trainer - INFO - epoch complete
2026-05-20 13:40:05,102 - src.base.trainer - INFO - evaluating now!
2026-05-20 13:40:06,024 - src.base.trainer - INFO - Epoch [28/250] (4611) train_mae: 3.3969, val_mae: 4.1720, lr: 0.000005, 5.5s
2026-05-20 13:40:06,026 - src.base.trainer - INFO - Val loss decrease from 4.2014 to 4.1720, saving to True
2026-05-20 13:40:11,570 - src.base.trainer - INFO - epoch complete
2026-05-20 13:40:11,570 - src.base.trainer - INFO - evaluating now!
2026-05-20 13:40:12,490 - src.base.trainer - INFO - Epoch [29/250] (4770) train_mae: 3.3756, val_mae: 4.1390, lr: 0.000003, 5.5s
2026-05-20 13:40:12,491 - src.base.trainer - INFO - Val loss decrease from 4.1720 to 4.1390, saving to True
2026-05-20 13:40:14,486 - src.base.trainer - INFO - Epoch [30/250] (4800) train_mae: 3.4881, val_mae: 4.1357 
2026-05-20 13:40:14,487 - src.base.trainer - INFO - Val loss decrease from 4.1390 to 4.1357, saving to True
2026-05-20 13:40:18,984 - src.base.trainer - INFO - epoch complete
2026-05-20 13:40:18,985 - src.base.trainer - INFO - evaluating now!
2026-05-20 13:40:19,902 - src.base.trainer - INFO - Epoch [30/250] (4929) train_mae: 3.3570, val_mae: 4.1181, lr: 0.000003, 6.5s
2026-05-20 13:40:19,903 - src.base.trainer - INFO - Val loss decrease from 4.1357 to 4.1181, saving to True
2026-05-20 13:40:25,441 - src.base.trainer - INFO - epoch complete
2026-05-20 13:40:25,441 - src.base.trainer - INFO - evaluating now!
2026-05-20 13:40:26,366 - src.base.trainer - INFO - Epoch [31/250] (5088) train_mae: 3.3419, val_mae: 4.0989, lr: 0.000003, 5.5s
2026-05-20 13:40:26,368 - src.base.trainer - INFO - Val loss decrease from 4.1181 to 4.0989, saving to True
2026-05-20 13:40:31,206 - src.base.trainer - INFO - Epoch [32/250] (5200) train_mae: 3.3303, val_mae: 4.0846 
2026-05-20 13:40:31,208 - src.base.trainer - INFO - Val loss decrease from 4.0989 to 4.0846, saving to True
2026-05-20 13:40:32,851 - src.base.trainer - INFO - epoch complete
2026-05-20 13:40:32,852 - src.base.trainer - INFO - evaluating now!
2026-05-20 13:40:33,779 - src.base.trainer - INFO - Epoch [32/250] (5247) train_mae: 3.3261, val_mae: 4.0794, lr: 0.000003, 6.5s
2026-05-20 13:40:33,780 - src.base.trainer - INFO - Val loss decrease from 4.0846 to 4.0794, saving to True
2026-05-20 13:40:39,439 - src.base.trainer - INFO - epoch complete
2026-05-20 13:40:39,442 - src.base.trainer - INFO - evaluating now!
2026-05-20 13:40:40,395 - src.base.trainer - INFO - Epoch [33/250] (5406) train_mae: 3.3103, val_mae: 4.0613, lr: 0.000003, 5.7s
2026-05-20 13:40:40,396 - src.base.trainer - INFO - Val loss decrease from 4.0794 to 4.0613, saving to True
2026-05-20 13:40:46,150 - src.base.trainer - INFO - epoch complete
2026-05-20 13:40:46,152 - src.base.trainer - INFO - evaluating now!
2026-05-20 13:40:47,078 - src.base.trainer - INFO - Epoch [34/250] (5565) train_mae: 3.2976, val_mae: 4.0418, lr: 0.000003, 5.8s
2026-05-20 13:40:47,080 - src.base.trainer - INFO - Val loss decrease from 4.0613 to 4.0418, saving to True
2026-05-20 13:40:49,264 - src.base.trainer - INFO - Epoch [35/250] (5600) train_mae: 3.3275, val_mae: 4.0380 
2026-05-20 13:40:49,265 - src.base.trainer - INFO - Val loss decrease from 4.0418 to 4.0380, saving to True
2026-05-20 13:40:53,636 - src.base.trainer - INFO - epoch complete
2026-05-20 13:40:53,636 - src.base.trainer - INFO - evaluating now!
2026-05-20 13:40:54,571 - src.base.trainer - INFO - Epoch [35/250] (5724) train_mae: 3.2831, val_mae: 4.0253, lr: 0.000003, 6.6s
2026-05-20 13:40:54,572 - src.base.trainer - INFO - Val loss decrease from 4.0380 to 4.0253, saving to True
2026-05-20 13:41:00,232 - src.base.trainer - INFO - epoch complete
2026-05-20 13:41:00,233 - src.base.trainer - INFO - evaluating now!
2026-05-20 13:41:01,155 - src.base.trainer - INFO - Epoch [36/250] (5883) train_mae: 3.2704, val_mae: 4.0071, lr: 0.000003, 5.7s
2026-05-20 13:41:01,156 - src.base.trainer - INFO - Val loss decrease from 4.0253 to 4.0071, saving to True
2026-05-20 13:41:06,201 - src.base.trainer - INFO - Epoch [37/250] (6000) train_mae: 3.2446, val_mae: 3.9962 
2026-05-20 13:41:06,202 - src.base.trainer - INFO - Val loss decrease from 4.0071 to 3.9962, saving to True
2026-05-20 13:41:07,674 - src.base.trainer - INFO - epoch complete
2026-05-20 13:41:07,674 - src.base.trainer - INFO - evaluating now!
2026-05-20 13:41:08,609 - src.base.trainer - INFO - Epoch [37/250] (6042) train_mae: 3.2579, val_mae: 3.9914, lr: 0.000003, 6.5s
2026-05-20 13:41:08,610 - src.base.trainer - INFO - Val loss decrease from 3.9962 to 3.9914, saving to True
2026-05-20 13:41:14,417 - src.base.trainer - INFO - epoch complete
2026-05-20 13:41:14,419 - src.base.trainer - INFO - evaluating now!
2026-05-20 13:41:15,346 - src.base.trainer - INFO - Epoch [38/250] (6201) train_mae: 3.2441, val_mae: 3.9741, lr: 0.000003, 5.8s
2026-05-20 13:41:15,347 - src.base.trainer - INFO - Val loss decrease from 3.9914 to 3.9741, saving to True
2026-05-20 13:41:21,060 - src.base.trainer - INFO - epoch complete
2026-05-20 13:41:21,060 - src.base.trainer - INFO - evaluating now!
2026-05-20 13:41:22,049 - src.base.trainer - INFO - Epoch [39/250] (6360) train_mae: 3.2307, val_mae: 3.9578, lr: 0.000002, 5.7s
2026-05-20 13:41:22,050 - src.base.trainer - INFO - Val loss decrease from 3.9741 to 3.9578, saving to True
2026-05-20 13:41:24,770 - src.base.trainer - INFO - Epoch [40/250] (6400) train_mae: 3.2128, val_mae: 3.9550 
2026-05-20 13:41:24,772 - src.base.trainer - INFO - Val loss decrease from 3.9578 to 3.9550, saving to True
2026-05-20 13:41:29,340 - src.base.trainer - INFO - epoch complete
2026-05-20 13:41:29,340 - src.base.trainer - INFO - evaluating now!
2026-05-20 13:41:30,679 - src.base.trainer - INFO - Epoch [40/250] (6519) train_mae: 3.2211, val_mae: 3.9468, lr: 0.000002, 7.3s
2026-05-20 13:41:30,683 - src.base.trainer - INFO - Val loss decrease from 3.9550 to 3.9468, saving to True
2026-05-20 13:41:36,583 - src.base.trainer - INFO - epoch complete
2026-05-20 13:41:36,583 - src.base.trainer - INFO - evaluating now!
2026-05-20 13:41:37,511 - src.base.trainer - INFO - Epoch [41/250] (6678) train_mae: 3.2102, val_mae: 3.9365, lr: 0.000002, 5.9s
2026-05-20 13:41:37,512 - src.base.trainer - INFO - Val loss decrease from 3.9468 to 3.9365, saving to True
2026-05-20 13:41:42,796 - src.base.trainer - INFO - Epoch [42/250] (6800) train_mae: 3.1891, val_mae: 3.9276 
2026-05-20 13:41:42,797 - src.base.trainer - INFO - Val loss decrease from 3.9365 to 3.9276, saving to True
2026-05-20 13:41:44,125 - src.base.trainer - INFO - epoch complete
2026-05-20 13:41:44,125 - src.base.trainer - INFO - evaluating now!
2026-05-20 13:41:45,050 - src.base.trainer - INFO - Epoch [42/250] (6837) train_mae: 3.2040, val_mae: 3.9236, lr: 0.000002, 6.6s
2026-05-20 13:41:45,051 - src.base.trainer - INFO - Val loss decrease from 3.9276 to 3.9236, saving to True
2026-05-20 13:41:50,670 - src.base.trainer - INFO - epoch complete
2026-05-20 13:41:50,670 - src.base.trainer - INFO - evaluating now!
2026-05-20 13:41:51,613 - src.base.trainer - INFO - Epoch [43/250] (6996) train_mae: 3.1952, val_mae: 3.9143, lr: 0.000002, 5.6s
2026-05-20 13:41:51,614 - src.base.trainer - INFO - Val loss decrease from 3.9236 to 3.9143, saving to True
2026-05-20 13:41:57,251 - src.base.trainer - INFO - epoch complete
2026-05-20 13:41:57,251 - src.base.trainer - INFO - evaluating now!
2026-05-20 13:41:58,181 - src.base.trainer - INFO - Epoch [44/250] (7155) train_mae: 3.1864, val_mae: 3.9031, lr: 0.000002, 5.6s
2026-05-20 13:41:58,182 - src.base.trainer - INFO - Val loss decrease from 3.9143 to 3.9031, saving to True
2026-05-20 13:42:00,719 - src.base.trainer - INFO - Epoch [45/250] (7200) train_mae: 3.0522, val_mae: 3.9011 
2026-05-20 13:42:00,720 - src.base.trainer - INFO - Val loss decrease from 3.9031 to 3.9011, saving to True
2026-05-20 13:42:04,768 - src.base.trainer - INFO - epoch complete
2026-05-20 13:42:04,768 - src.base.trainer - INFO - evaluating now!
2026-05-20 13:42:05,729 - src.base.trainer - INFO - Epoch [45/250] (7314) train_mae: 3.1804, val_mae: 3.8945, lr: 0.000002, 6.6s
2026-05-20 13:42:05,730 - src.base.trainer - INFO - Val loss decrease from 3.9011 to 3.8945, saving to True
2026-05-20 13:42:11,385 - src.base.trainer - INFO - epoch complete
2026-05-20 13:42:11,386 - src.base.trainer - INFO - evaluating now!
2026-05-20 13:42:12,319 - src.base.trainer - INFO - Epoch [46/250] (7473) train_mae: 3.1724, val_mae: 3.8835, lr: 0.000002, 5.7s
2026-05-20 13:42:12,320 - src.base.trainer - INFO - Val loss decrease from 3.8945 to 3.8835, saving to True
2026-05-20 13:42:17,874 - src.base.trainer - INFO - Epoch [47/250] (7600) train_mae: 3.1634, val_mae: 3.8759 
2026-05-20 13:42:17,875 - src.base.trainer - INFO - Val loss decrease from 3.8835 to 3.8759, saving to True
2026-05-20 13:42:19,020 - src.base.trainer - INFO - epoch complete
2026-05-20 13:42:19,023 - src.base.trainer - INFO - evaluating now!
2026-05-20 13:42:19,951 - src.base.trainer - INFO - Epoch [47/250] (7632) train_mae: 3.1638, val_mae: 3.8742, lr: 0.000002, 6.7s
2026-05-20 13:42:19,953 - src.base.trainer - INFO - Val loss decrease from 3.8759 to 3.8742, saving to True
2026-05-20 13:42:25,602 - src.base.trainer - INFO - epoch complete
2026-05-20 13:42:25,602 - src.base.trainer - INFO - evaluating now!
2026-05-20 13:42:26,532 - src.base.trainer - INFO - Epoch [48/250] (7791) train_mae: 3.1555, val_mae: 3.8645, lr: 0.000002, 5.6s
2026-05-20 13:42:26,533 - src.base.trainer - INFO - Val loss decrease from 3.8742 to 3.8645, saving to True
2026-05-20 13:42:32,181 - src.base.trainer - INFO - epoch complete
2026-05-20 13:42:32,181 - src.base.trainer - INFO - evaluating now!
2026-05-20 13:42:33,149 - src.base.trainer - INFO - Epoch [49/250] (7950) train_mae: 3.1484, val_mae: 3.8551, lr: 0.000002, 5.6s
2026-05-20 13:42:33,150 - src.base.trainer - INFO - Val loss decrease from 3.8645 to 3.8551, saving to True
2026-05-20 13:42:35,866 - src.base.trainer - INFO - Epoch [50/250] (8000) train_mae: 3.1941, val_mae: 3.8528 
2026-05-20 13:42:35,868 - src.base.trainer - INFO - Val loss decrease from 3.8551 to 3.8528, saving to True
2026-05-20 13:42:39,699 - src.base.trainer - INFO - epoch complete
2026-05-20 13:42:39,699 - src.base.trainer - INFO - evaluating now!
2026-05-20 13:42:40,624 - src.base.trainer - INFO - Epoch [50/250] (8109) train_mae: 3.1420, val_mae: 3.8481, lr: 0.000002, 6.5s
2026-05-20 13:42:40,625 - src.base.trainer - INFO - Val loss decrease from 3.8528 to 3.8481, saving to True
2026-05-20 13:42:46,218 - src.base.trainer - INFO - epoch complete
2026-05-20 13:42:46,219 - src.base.trainer - INFO - evaluating now!
2026-05-20 13:42:47,141 - src.base.trainer - INFO - Epoch [51/250] (8268) train_mae: 3.1358, val_mae: 3.8411, lr: 0.000002, 5.6s
2026-05-20 13:42:47,142 - src.base.trainer - INFO - Val loss decrease from 3.8481 to 3.8411, saving to True
2026-05-20 13:42:52,779 - src.base.trainer - INFO - Epoch [52/250] (8400) train_mae: 3.1432, val_mae: 3.8357 
2026-05-20 13:42:52,781 - src.base.trainer - INFO - Val loss decrease from 3.8411 to 3.8357, saving to True
2026-05-20 13:42:53,742 - src.base.trainer - INFO - epoch complete
2026-05-20 13:42:53,742 - src.base.trainer - INFO - evaluating now!
2026-05-20 13:42:54,668 - src.base.trainer - INFO - Epoch [52/250] (8427) train_mae: 3.1309, val_mae: 3.8352, lr: 0.000002, 6.6s
2026-05-20 13:42:54,670 - src.base.trainer - INFO - Val loss decrease from 3.8357 to 3.8352, saving to True
2026-05-20 13:43:00,235 - src.base.trainer - INFO - epoch complete
2026-05-20 13:43:00,236 - src.base.trainer - INFO - evaluating now!
2026-05-20 13:43:01,154 - src.base.trainer - INFO - Epoch [53/250] (8586) train_mae: 3.1261, val_mae: 3.8294, lr: 0.000002, 5.6s
2026-05-20 13:43:01,155 - src.base.trainer - INFO - Val loss decrease from 3.8352 to 3.8294, saving to True
2026-05-20 13:43:06,757 - src.base.trainer - INFO - epoch complete
2026-05-20 13:43:06,757 - src.base.trainer - INFO - evaluating now!
2026-05-20 13:43:07,677 - src.base.trainer - INFO - Epoch [54/250] (8745) train_mae: 3.1195, val_mae: 3.8224, lr: 0.000002, 5.6s
2026-05-20 13:43:07,679 - src.base.trainer - INFO - Val loss decrease from 3.8294 to 3.8224, saving to True
2026-05-20 13:43:10,558 - src.base.trainer - INFO - Epoch [55/250] (8800) train_mae: 3.1051, val_mae: 3.8202 
2026-05-20 13:43:10,559 - src.base.trainer - INFO - Val loss decrease from 3.8224 to 3.8202, saving to True
2026-05-20 13:43:14,240 - src.base.trainer - INFO - epoch complete
2026-05-20 13:43:14,242 - src.base.trainer - INFO - evaluating now!
2026-05-20 13:43:15,217 - src.base.trainer - INFO - Epoch [55/250] (8904) train_mae: 3.1167, val_mae: 3.8160, lr: 0.000002, 6.6s
2026-05-20 13:43:15,218 - src.base.trainer - INFO - Val loss decrease from 3.8202 to 3.8160, saving to True
2026-05-20 13:43:20,821 - src.base.trainer - INFO - epoch complete
2026-05-20 13:43:20,822 - src.base.trainer - INFO - evaluating now!
2026-05-20 13:43:21,746 - src.base.trainer - INFO - Epoch [56/250] (9063) train_mae: 3.1119, val_mae: 3.8101, lr: 0.000002, 5.6s
2026-05-20 13:43:21,747 - src.base.trainer - INFO - Val loss decrease from 3.8160 to 3.8101, saving to True
2026-05-20 13:43:27,511 - src.base.trainer - INFO - Epoch [57/250] (9200) train_mae: 3.1110, val_mae: 3.8056 
2026-05-20 13:43:27,513 - src.base.trainer - INFO - Val loss decrease from 3.8101 to 3.8056, saving to True
2026-05-20 13:43:28,292 - src.base.trainer - INFO - epoch complete
2026-05-20 13:43:28,292 - src.base.trainer - INFO - evaluating now!
2026-05-20 13:43:29,221 - src.base.trainer - INFO - Epoch [57/250] (9222) train_mae: 3.1077, val_mae: 3.8050, lr: 0.000002, 6.5s
2026-05-20 13:43:29,222 - src.base.trainer - INFO - Val loss decrease from 3.8056 to 3.8050, saving to True
2026-05-20 13:43:34,808 - src.base.trainer - INFO - epoch complete
2026-05-20 13:43:34,808 - src.base.trainer - INFO - evaluating now!
2026-05-20 13:43:35,730 - src.base.trainer - INFO - Epoch [58/250] (9381) train_mae: 3.1010, val_mae: 3.7984, lr: 0.000002, 5.6s
2026-05-20 13:43:35,731 - src.base.trainer - INFO - Val loss decrease from 3.8050 to 3.7984, saving to True
2026-05-20 13:43:41,422 - src.base.trainer - INFO - epoch complete
2026-05-20 13:43:41,422 - src.base.trainer - INFO - evaluating now!
2026-05-20 13:43:42,378 - src.base.trainer - INFO - Epoch [59/250] (9540) train_mae: 3.0971, val_mae: 3.7922, lr: 0.000002, 5.7s
2026-05-20 13:43:42,379 - src.base.trainer - INFO - Val loss decrease from 3.7984 to 3.7922, saving to True
2026-05-20 13:43:45,614 - src.base.trainer - INFO - Epoch [60/250] (9600) train_mae: 2.9981, val_mae: 3.7913 
2026-05-20 13:43:45,615 - src.base.trainer - INFO - Val loss decrease from 3.7922 to 3.7913, saving to True
2026-05-20 13:43:49,546 - src.base.trainer - INFO - epoch complete
2026-05-20 13:43:49,549 - src.base.trainer - INFO - evaluating now!
2026-05-20 13:43:50,518 - src.base.trainer - INFO - Epoch [60/250] (9699) train_mae: 3.0910, val_mae: 3.7856, lr: 0.000002, 7.2s
2026-05-20 13:43:50,519 - src.base.trainer - INFO - Val loss decrease from 3.7913 to 3.7856, saving to True
2026-05-20 13:43:56,261 - src.base.trainer - INFO - epoch complete
2026-05-20 13:43:56,261 - src.base.trainer - INFO - evaluating now!
2026-05-20 13:43:57,281 - src.base.trainer - INFO - Epoch [61/250] (9858) train_mae: 3.0882, val_mae: 3.7809, lr: 0.000002, 5.7s
2026-05-20 13:43:57,282 - src.base.trainer - INFO - Val loss decrease from 3.7856 to 3.7809, saving to True
2026-05-20 13:44:03,281 - src.base.trainer - INFO - Epoch [62/250] (10000) train_mae: 3.0868, val_mae: 3.7757 
2026-05-20 13:44:03,282 - src.base.trainer - INFO - Val loss decrease from 3.7809 to 3.7757, saving to True
2026-05-20 13:44:03,886 - src.base.trainer - INFO - epoch complete
2026-05-20 13:44:03,886 - src.base.trainer - INFO - evaluating now!
2026-05-20 13:44:04,850 - src.base.trainer - INFO - Epoch [62/250] (10017) train_mae: 3.0830, val_mae: 3.7753, lr: 0.000002, 6.6s
2026-05-20 13:44:04,852 - src.base.trainer - INFO - Val loss decrease from 3.7757 to 3.7753, saving to True
2026-05-20 13:44:10,885 - src.base.trainer - INFO - epoch complete
2026-05-20 13:44:10,885 - src.base.trainer - INFO - evaluating now!
2026-05-20 13:44:11,824 - src.base.trainer - INFO - Epoch [63/250] (10176) train_mae: 3.0793, val_mae: 3.7692, lr: 0.000002, 6.0s
2026-05-20 13:44:11,825 - src.base.trainer - INFO - Val loss decrease from 3.7753 to 3.7692, saving to True
2026-05-20 13:44:17,812 - src.base.trainer - INFO - epoch complete
2026-05-20 13:44:17,812 - src.base.trainer - INFO - evaluating now!
2026-05-20 13:44:18,750 - src.base.trainer - INFO - Epoch [64/250] (10335) train_mae: 3.0749, val_mae: 3.7636, lr: 0.000002, 6.0s
2026-05-20 13:44:18,751 - src.base.trainer - INFO - Val loss decrease from 3.7692 to 3.7636, saving to True
2026-05-20 13:44:22,023 - src.base.trainer - INFO - Epoch [65/250] (10400) train_mae: 3.0713, val_mae: 3.7611 
2026-05-20 13:44:22,025 - src.base.trainer - INFO - Val loss decrease from 3.7636 to 3.7611, saving to True
2026-05-20 13:44:25,523 - src.base.trainer - INFO - epoch complete
2026-05-20 13:44:25,523 - src.base.trainer - INFO - evaluating now!
2026-05-20 13:44:26,454 - src.base.trainer - INFO - Epoch [65/250] (10494) train_mae: 3.0696, val_mae: 3.7590, lr: 0.000002, 6.8s
2026-05-20 13:44:26,456 - src.base.trainer - INFO - Val loss decrease from 3.7611 to 3.7590, saving to True
2026-05-20 13:44:32,466 - src.base.trainer - INFO - epoch complete
2026-05-20 13:44:32,468 - src.base.trainer - INFO - evaluating now!
2026-05-20 13:44:33,404 - src.base.trainer - INFO - Epoch [66/250] (10653) train_mae: 3.0664, val_mae: 3.7532, lr: 0.000002, 6.0s
2026-05-20 13:44:33,406 - src.base.trainer - INFO - Val loss decrease from 3.7590 to 3.7532, saving to True
2026-05-20 13:44:39,939 - src.base.trainer - INFO - Epoch [67/250] (10800) train_mae: 3.0571, val_mae: 3.7478 
2026-05-20 13:44:39,940 - src.base.trainer - INFO - Val loss decrease from 3.7532 to 3.7478, saving to True
2026-05-20 13:44:40,357 - src.base.trainer - INFO - epoch complete
2026-05-20 13:44:40,357 - src.base.trainer - INFO - evaluating now!
2026-05-20 13:44:41,480 - src.base.trainer - INFO - Epoch [67/250] (10812) train_mae: 3.0605, val_mae: 3.7472, lr: 0.000002, 7.0s
2026-05-20 13:44:41,483 - src.base.trainer - INFO - Val loss decrease from 3.7478 to 3.7472, saving to True
2026-05-20 13:44:47,173 - src.base.trainer - INFO - epoch complete
2026-05-20 13:44:47,173 - src.base.trainer - INFO - evaluating now!
2026-05-20 13:44:48,121 - src.base.trainer - INFO - Epoch [68/250] (10971) train_mae: 3.0556, val_mae: 3.7420, lr: 0.000002, 5.7s
2026-05-20 13:44:48,123 - src.base.trainer - INFO - Val loss decrease from 3.7472 to 3.7420, saving to True
2026-05-20 13:44:53,870 - src.base.trainer - INFO - epoch complete
2026-05-20 13:44:53,870 - src.base.trainer - INFO - evaluating now!
2026-05-20 13:44:54,828 - src.base.trainer - INFO - Epoch [69/250] (11130) train_mae: 3.0521, val_mae: 3.7370, lr: 0.000002, 5.7s
2026-05-20 13:44:54,829 - src.base.trainer - INFO - Val loss decrease from 3.7420 to 3.7370, saving to True
2026-05-20 13:44:58,314 - src.base.trainer - INFO - Epoch [70/250] (11200) train_mae: 3.0457, val_mae: 3.7343 
2026-05-20 13:44:58,316 - src.base.trainer - INFO - Val loss decrease from 3.7370 to 3.7343, saving to True
2026-05-20 13:45:01,478 - src.base.trainer - INFO - epoch complete
2026-05-20 13:45:01,478 - src.base.trainer - INFO - evaluating now!
2026-05-20 13:45:02,411 - src.base.trainer - INFO - Epoch [70/250] (11289) train_mae: 3.0492, val_mae: 3.7316, lr: 0.000002, 6.6s
2026-05-20 13:45:02,412 - src.base.trainer - INFO - Val loss decrease from 3.7343 to 3.7316, saving to True
2026-05-20 13:45:08,113 - src.base.trainer - INFO - epoch complete
2026-05-20 13:45:08,116 - src.base.trainer - INFO - evaluating now!
2026-05-20 13:45:09,462 - src.base.trainer - INFO - Epoch [71/250] (11448) train_mae: 3.0450, val_mae: 3.7266, lr: 0.000002, 5.7s
2026-05-20 13:45:09,464 - src.base.trainer - INFO - Val loss decrease from 3.7316 to 3.7266, saving to True
2026-05-20 13:45:16,415 - src.base.trainer - INFO - Epoch [72/250] (11600) train_mae: 3.0282, val_mae: 3.7213 
2026-05-20 13:45:16,416 - src.base.trainer - INFO - Val loss decrease from 3.7266 to 3.7213, saving to True
2026-05-20 13:45:16,642 - src.base.trainer - INFO - epoch complete
2026-05-20 13:45:16,642 - src.base.trainer - INFO - evaluating now!
2026-05-20 13:45:17,621 - src.base.trainer - INFO - Epoch [72/250] (11607) train_mae: 3.0411, val_mae: 3.7214, lr: 0.000002, 7.2s
2026-05-20 13:45:23,634 - src.base.trainer - INFO - epoch complete
2026-05-20 13:45:23,636 - src.base.trainer - INFO - evaluating now!
2026-05-20 13:45:24,568 - src.base.trainer - INFO - Epoch [73/250] (11766) train_mae: 3.0371, val_mae: 3.7169, lr: 0.000002, 6.0s
2026-05-20 13:45:24,570 - src.base.trainer - INFO - Val loss decrease from 3.7213 to 3.7169, saving to True
2026-05-20 13:45:30,324 - src.base.trainer - INFO - epoch complete
2026-05-20 13:45:30,324 - src.base.trainer - INFO - evaluating now!
2026-05-20 13:45:31,258 - src.base.trainer - INFO - Epoch [74/250] (11925) train_mae: 3.0319, val_mae: 3.7118, lr: 0.000002, 5.8s
2026-05-20 13:45:31,260 - src.base.trainer - INFO - Val loss decrease from 3.7169 to 3.7118, saving to True
2026-05-20 13:45:34,978 - src.base.trainer - INFO - Epoch [75/250] (12000) train_mae: 3.0221, val_mae: 3.7096 
2026-05-20 13:45:34,979 - src.base.trainer - INFO - Val loss decrease from 3.7118 to 3.7096, saving to True
2026-05-20 13:45:38,035 - src.base.trainer - INFO - epoch complete
2026-05-20 13:45:38,036 - src.base.trainer - INFO - evaluating now!
2026-05-20 13:45:38,977 - src.base.trainer - INFO - Epoch [75/250] (12084) train_mae: 3.0269, val_mae: 3.7073, lr: 0.000002, 6.8s
2026-05-20 13:45:38,978 - src.base.trainer - INFO - Val loss decrease from 3.7096 to 3.7073, saving to True
2026-05-20 13:45:44,632 - src.base.trainer - INFO - epoch complete
2026-05-20 13:45:44,632 - src.base.trainer - INFO - evaluating now!
2026-05-20 13:45:45,571 - src.base.trainer - INFO - Epoch [76/250] (12243) train_mae: 3.0255, val_mae: 3.7024, lr: 0.000002, 5.7s
2026-05-20 13:45:45,573 - src.base.trainer - INFO - Val loss decrease from 3.7073 to 3.7024, saving to True
2026-05-20 13:45:52,102 - src.base.trainer - INFO - Epoch [77/250] (12400) train_mae: 3.0162, val_mae: 3.6978 
2026-05-20 13:45:52,103 - src.base.trainer - INFO - Val loss decrease from 3.7024 to 3.6978, saving to True
2026-05-20 13:45:52,152 - src.base.trainer - INFO - epoch complete
2026-05-20 13:45:52,152 - src.base.trainer - INFO - evaluating now!
2026-05-20 13:45:53,083 - src.base.trainer - INFO - Epoch [77/250] (12402) train_mae: 3.0210, val_mae: 3.6978, lr: 0.000002, 6.6s
2026-05-20 13:45:58,916 - src.base.trainer - INFO - epoch complete
2026-05-20 13:45:58,916 - src.base.trainer - INFO - evaluating now!
2026-05-20 13:45:59,856 - src.base.trainer - INFO - Epoch [78/250] (12561) train_mae: 3.0168, val_mae: 3.6932, lr: 0.000002, 5.8s
2026-05-20 13:45:59,857 - src.base.trainer - INFO - Val loss decrease from 3.6978 to 3.6932, saving to True
2026-05-20 13:46:05,592 - src.base.trainer - INFO - epoch complete
2026-05-20 13:46:05,592 - src.base.trainer - INFO - evaluating now!
2026-05-20 13:46:06,547 - src.base.trainer - INFO - Epoch [79/250] (12720) train_mae: 3.0123, val_mae: 3.6877, lr: 0.000002, 5.7s
2026-05-20 13:46:06,549 - src.base.trainer - INFO - Val loss decrease from 3.6932 to 3.6877, saving to True
2026-05-20 13:46:10,345 - src.base.trainer - INFO - Epoch [80/250] (12800) train_mae: 3.0194, val_mae: 3.6848 
2026-05-20 13:46:10,346 - src.base.trainer - INFO - Val loss decrease from 3.6877 to 3.6848, saving to True
2026-05-20 13:46:13,258 - src.base.trainer - INFO - epoch complete
2026-05-20 13:46:13,258 - src.base.trainer - INFO - evaluating now!
2026-05-20 13:46:14,221 - src.base.trainer - INFO - Epoch [80/250] (12879) train_mae: 3.0090, val_mae: 3.6833, lr: 0.000002, 6.7s
2026-05-20 13:46:14,223 - src.base.trainer - INFO - Val loss decrease from 3.6848 to 3.6833, saving to True
2026-05-20 13:46:19,897 - src.base.trainer - INFO - epoch complete
2026-05-20 13:46:19,897 - src.base.trainer - INFO - evaluating now!
2026-05-20 13:46:20,838 - src.base.trainer - INFO - Epoch [81/250] (13038) train_mae: 3.0051, val_mae: 3.6785, lr: 0.000002, 5.7s
2026-05-20 13:46:20,840 - src.base.trainer - INFO - Val loss decrease from 3.6833 to 3.6785, saving to True
2026-05-20 13:46:26,462 - src.base.trainer - INFO - epoch complete
2026-05-20 13:46:26,462 - src.base.trainer - INFO - evaluating now!
2026-05-20 13:46:27,394 - src.base.trainer - INFO - Epoch [82/250] (13197) train_mae: 3.0016, val_mae: 3.6737, lr: 0.000002, 5.6s
2026-05-20 13:46:27,396 - src.base.trainer - INFO - Val loss decrease from 3.6785 to 3.6737, saving to True
2026-05-20 13:46:28,462 - src.base.trainer - INFO - Epoch [83/250] (13200) train_mae: 3.0974, val_mae: 3.6735 
2026-05-20 13:46:28,463 - src.base.trainer - INFO - Val loss decrease from 3.6737 to 3.6735, saving to True
2026-05-20 13:46:34,049 - src.base.trainer - INFO - epoch complete
2026-05-20 13:46:34,049 - src.base.trainer - INFO - evaluating now!
2026-05-20 13:46:34,994 - src.base.trainer - INFO - Epoch [83/250] (13356) train_mae: 2.9967, val_mae: 3.6692, lr: 0.000002, 6.7s
2026-05-20 13:46:34,995 - src.base.trainer - INFO - Val loss decrease from 3.6735 to 3.6692, saving to True
2026-05-20 13:46:40,691 - src.base.trainer - INFO - epoch complete
2026-05-20 13:46:40,691 - src.base.trainer - INFO - evaluating now!
2026-05-20 13:46:41,692 - src.base.trainer - INFO - Epoch [84/250] (13515) train_mae: 2.9937, val_mae: 3.6643, lr: 0.000002, 5.7s
2026-05-20 13:46:41,694 - src.base.trainer - INFO - Val loss decrease from 3.6692 to 3.6643, saving to True
2026-05-20 13:46:45,711 - src.base.trainer - INFO - Epoch [85/250] (13600) train_mae: 3.0063, val_mae: 3.6624 
2026-05-20 13:46:45,714 - src.base.trainer - INFO - Val loss decrease from 3.6643 to 3.6624, saving to True
2026-05-20 13:46:48,336 - src.base.trainer - INFO - epoch complete
2026-05-20 13:46:48,336 - src.base.trainer - INFO - evaluating now!
2026-05-20 13:46:49,468 - src.base.trainer - INFO - Epoch [85/250] (13674) train_mae: 2.9907, val_mae: 3.6599, lr: 0.000002, 6.6s
2026-05-20 13:46:49,470 - src.base.trainer - INFO - Val loss decrease from 3.6624 to 3.6599, saving to True
2026-05-20 13:46:55,238 - src.base.trainer - INFO - epoch complete
2026-05-20 13:46:55,238 - src.base.trainer - INFO - evaluating now!
2026-05-20 13:46:56,210 - src.base.trainer - INFO - Epoch [86/250] (13833) train_mae: 2.9860, val_mae: 3.6558, lr: 0.000002, 5.8s
2026-05-20 13:46:56,211 - src.base.trainer - INFO - Val loss decrease from 3.6599 to 3.6558, saving to True
2026-05-20 13:47:02,184 - src.base.trainer - INFO - epoch complete
2026-05-20 13:47:02,184 - src.base.trainer - INFO - evaluating now!
2026-05-20 13:47:03,125 - src.base.trainer - INFO - Epoch [87/250] (13992) train_mae: 2.9807, val_mae: 3.6512, lr: 0.000002, 6.0s
2026-05-20 13:47:03,127 - src.base.trainer - INFO - Val loss decrease from 3.6558 to 3.6512, saving to True
2026-05-20 13:47:04,460 - src.base.trainer - INFO - Epoch [88/250] (14000) train_mae: 3.1421, val_mae: 3.6513 
2026-05-20 13:47:10,626 - src.base.trainer - INFO - epoch complete
2026-05-20 13:47:10,626 - src.base.trainer - INFO - evaluating now!
2026-05-20 13:47:11,657 - src.base.trainer - INFO - Epoch [88/250] (14151) train_mae: 2.9774, val_mae: 3.6473, lr: 0.000002, 7.5s
2026-05-20 13:47:11,661 - src.base.trainer - INFO - Val loss decrease from 3.6512 to 3.6473, saving to True
2026-05-20 13:47:17,806 - src.base.trainer - INFO - epoch complete
2026-05-20 13:47:17,807 - src.base.trainer - INFO - evaluating now!
2026-05-20 13:47:18,751 - src.base.trainer - INFO - Epoch [89/250] (14310) train_mae: 2.9737, val_mae: 3.6430, lr: 0.000002, 6.1s
2026-05-20 13:47:18,753 - src.base.trainer - INFO - Val loss decrease from 3.6473 to 3.6430, saving to True
2026-05-20 13:47:23,070 - src.base.trainer - INFO - Epoch [90/250] (14400) train_mae: 2.9898, val_mae: 3.6406 
2026-05-20 13:47:23,072 - src.base.trainer - INFO - Val loss decrease from 3.6430 to 3.6406, saving to True
2026-05-20 13:47:25,672 - src.base.trainer - INFO - epoch complete
2026-05-20 13:47:25,672 - src.base.trainer - INFO - evaluating now!
2026-05-20 13:47:26,694 - src.base.trainer - INFO - Epoch [90/250] (14469) train_mae: 2.9704, val_mae: 3.6380, lr: 0.000002, 6.9s
2026-05-20 13:47:26,696 - src.base.trainer - INFO - Val loss decrease from 3.6406 to 3.6380, saving to True
2026-05-20 13:47:32,597 - src.base.trainer - INFO - epoch complete
2026-05-20 13:47:32,597 - src.base.trainer - INFO - evaluating now!
2026-05-20 13:47:33,626 - src.base.trainer - INFO - Epoch [91/250] (14628) train_mae: 2.9674, val_mae: 3.6343, lr: 0.000002, 5.9s
2026-05-20 13:47:33,628 - src.base.trainer - INFO - Val loss decrease from 3.6380 to 3.6343, saving to True
2026-05-20 13:47:39,469 - src.base.trainer - INFO - epoch complete
2026-05-20 13:47:39,470 - src.base.trainer - INFO - evaluating now!
2026-05-20 13:47:40,489 - src.base.trainer - INFO - Epoch [92/250] (14787) train_mae: 2.9633, val_mae: 3.6296, lr: 0.000002, 5.8s
2026-05-20 13:47:40,490 - src.base.trainer - INFO - Val loss decrease from 3.6343 to 3.6296, saving to True
2026-05-20 13:47:42,066 - src.base.trainer - INFO - Epoch [93/250] (14800) train_mae: 3.0601, val_mae: 3.6293 
2026-05-20 13:47:42,068 - src.base.trainer - INFO - Val loss decrease from 3.6296 to 3.6293, saving to True
2026-05-20 13:47:48,210 - src.base.trainer - INFO - epoch complete
2026-05-20 13:47:48,210 - src.base.trainer - INFO - evaluating now!
2026-05-20 13:47:49,351 - src.base.trainer - INFO - Epoch [93/250] (14946) train_mae: 2.9613, val_mae: 3.6252, lr: 0.000002, 7.7s
2026-05-20 13:47:49,353 - src.base.trainer - INFO - Val loss decrease from 3.6293 to 3.6252, saving to True
2026-05-20 13:47:55,398 - src.base.trainer - INFO - epoch complete
2026-05-20 13:47:55,399 - src.base.trainer - INFO - evaluating now!
2026-05-20 13:47:56,523 - src.base.trainer - INFO - Epoch [94/250] (15105) train_mae: 2.9589, val_mae: 3.6209, lr: 0.000002, 6.0s
2026-05-20 13:47:56,524 - src.base.trainer - INFO - Val loss decrease from 3.6252 to 3.6209, saving to True
2026-05-20 13:48:01,314 - src.base.trainer - INFO - Epoch [95/250] (15200) train_mae: 2.9538, val_mae: 3.6184 
2026-05-20 13:48:01,316 - src.base.trainer - INFO - Val loss decrease from 3.6209 to 3.6184, saving to True
2026-05-20 13:48:03,755 - src.base.trainer - INFO - epoch complete
2026-05-20 13:48:03,755 - src.base.trainer - INFO - evaluating now!
2026-05-20 13:48:04,799 - src.base.trainer - INFO - Epoch [95/250] (15264) train_mae: 2.9550, val_mae: 3.6176, lr: 0.000002, 7.2s
2026-05-20 13:48:04,800 - src.base.trainer - INFO - Val loss decrease from 3.6184 to 3.6176, saving to True
2026-05-20 13:48:10,788 - src.base.trainer - INFO - epoch complete
2026-05-20 13:48:10,788 - src.base.trainer - INFO - evaluating now!
2026-05-20 13:48:11,921 - src.base.trainer - INFO - Epoch [96/250] (15423) train_mae: 2.9508, val_mae: 3.6126, lr: 0.000002, 6.0s
2026-05-20 13:48:11,923 - src.base.trainer - INFO - Val loss decrease from 3.6176 to 3.6126, saving to True
2026-05-20 13:48:17,905 - src.base.trainer - INFO - epoch complete
2026-05-20 13:48:17,905 - src.base.trainer - INFO - evaluating now!
2026-05-20 13:48:18,973 - src.base.trainer - INFO - Epoch [97/250] (15582) train_mae: 2.9473, val_mae: 3.6091, lr: 0.000002, 6.0s
2026-05-20 13:48:18,975 - src.base.trainer - INFO - Val loss decrease from 3.6126 to 3.6091, saving to True
2026-05-20 13:48:20,725 - src.base.trainer - INFO - Epoch [98/250] (15600) train_mae: 3.1039, val_mae: 3.6087 
2026-05-20 13:48:20,726 - src.base.trainer - INFO - Val loss decrease from 3.6091 to 3.6087, saving to True
2026-05-20 13:48:26,087 - src.base.trainer - INFO - epoch complete
2026-05-20 13:48:26,087 - src.base.trainer - INFO - evaluating now!
2026-05-20 13:48:27,171 - src.base.trainer - INFO - Epoch [98/250] (15741) train_mae: 2.9460, val_mae: 3.6052, lr: 0.000002, 7.1s
2026-05-20 13:48:27,173 - src.base.trainer - INFO - Val loss decrease from 3.6087 to 3.6052, saving to True
2026-05-20 13:48:33,324 - src.base.trainer - INFO - epoch complete
2026-05-20 13:48:33,325 - src.base.trainer - INFO - evaluating now!
2026-05-20 13:48:34,450 - src.base.trainer - INFO - Epoch [99/250] (15900) train_mae: 2.9425, val_mae: 3.6012, lr: 0.000002, 6.2s
2026-05-20 13:48:34,452 - src.base.trainer - INFO - Val loss decrease from 3.6052 to 3.6012, saving to True
2026-05-20 13:48:39,401 - src.base.trainer - INFO - Epoch [100/250] (16000) train_mae: 2.9405, val_mae: 3.5986 
2026-05-20 13:48:39,403 - src.base.trainer - INFO - Val loss decrease from 3.6012 to 3.5986, saving to True
2026-05-20 13:48:41,638 - src.base.trainer - INFO - epoch complete
2026-05-20 13:48:41,638 - src.base.trainer - INFO - evaluating now!
2026-05-20 13:48:42,739 - src.base.trainer - INFO - Epoch [100/250] (16059) train_mae: 2.9376, val_mae: 3.5974, lr: 0.000002, 7.2s
2026-05-20 13:48:42,740 - src.base.trainer - INFO - Val loss decrease from 3.5986 to 3.5974, saving to True
2026-05-20 13:48:49,030 - src.base.trainer - INFO - epoch complete
2026-05-20 13:48:49,033 - src.base.trainer - INFO - evaluating now!
2026-05-20 13:48:50,222 - src.base.trainer - INFO - Epoch [101/250] (16218) train_mae: 2.9356, val_mae: 3.5931, lr: 0.000002, 6.3s
2026-05-20 13:48:50,224 - src.base.trainer - INFO - Val loss decrease from 3.5974 to 3.5931, saving to True
2026-05-20 13:48:56,429 - src.base.trainer - INFO - epoch complete
2026-05-20 13:48:56,429 - src.base.trainer - INFO - evaluating now!
2026-05-20 13:48:57,526 - src.base.trainer - INFO - Epoch [102/250] (16377) train_mae: 2.9333, val_mae: 3.5898, lr: 0.000002, 6.2s
2026-05-20 13:48:57,528 - src.base.trainer - INFO - Val loss decrease from 3.5931 to 3.5898, saving to True
2026-05-20 13:48:59,536 - src.base.trainer - INFO - Epoch [103/250] (16400) train_mae: 2.7640, val_mae: 3.5892 
2026-05-20 13:48:59,537 - src.base.trainer - INFO - Val loss decrease from 3.5898 to 3.5892, saving to True
2026-05-20 13:49:04,590 - src.base.trainer - INFO - epoch complete
2026-05-20 13:49:04,591 - src.base.trainer - INFO - evaluating now!
2026-05-20 13:49:05,625 - src.base.trainer - INFO - Epoch [103/250] (16536) train_mae: 2.9302, val_mae: 3.5858, lr: 0.000002, 7.1s
2026-05-20 13:49:05,627 - src.base.trainer - INFO - Val loss decrease from 3.5892 to 3.5858, saving to True
2026-05-20 13:49:11,902 - src.base.trainer - INFO - epoch complete
2026-05-20 13:49:11,902 - src.base.trainer - INFO - evaluating now!
2026-05-20 13:49:13,036 - src.base.trainer - INFO - Epoch [104/250] (16695) train_mae: 2.9259, val_mae: 3.5823, lr: 0.000002, 6.3s
2026-05-20 13:49:13,038 - src.base.trainer - INFO - Val loss decrease from 3.5858 to 3.5823, saving to True
2026-05-20 13:49:18,358 - src.base.trainer - INFO - Epoch [105/250] (16800) train_mae: 2.9362, val_mae: 3.5800 
2026-05-20 13:49:18,359 - src.base.trainer - INFO - Val loss decrease from 3.5823 to 3.5800, saving to True
2026-05-20 13:49:20,453 - src.base.trainer - INFO - epoch complete
2026-05-20 13:49:20,453 - src.base.trainer - INFO - evaluating now!
2026-05-20 13:49:21,558 - src.base.trainer - INFO - Epoch [105/250] (16854) train_mae: 2.9231, val_mae: 3.5785, lr: 0.000002, 7.4s
2026-05-20 13:49:21,560 - src.base.trainer - INFO - Val loss decrease from 3.5800 to 3.5785, saving to True
2026-05-20 13:49:27,812 - src.base.trainer - INFO - epoch complete
2026-05-20 13:49:27,812 - src.base.trainer - INFO - evaluating now!
2026-05-20 13:49:28,922 - src.base.trainer - INFO - Epoch [106/250] (17013) train_mae: 2.9204, val_mae: 3.5751, lr: 0.000002, 6.3s
2026-05-20 13:49:28,924 - src.base.trainer - INFO - Val loss decrease from 3.5785 to 3.5751, saving to True
2026-05-20 13:49:35,310 - src.base.trainer - INFO - epoch complete
2026-05-20 13:49:35,310 - src.base.trainer - INFO - evaluating now!
2026-05-20 13:49:36,438 - src.base.trainer - INFO - Epoch [107/250] (17172) train_mae: 2.9163, val_mae: 3.5710, lr: 0.000002, 6.4s
2026-05-20 13:49:36,439 - src.base.trainer - INFO - Val loss decrease from 3.5751 to 3.5710, saving to True
2026-05-20 13:49:38,678 - src.base.trainer - INFO - Epoch [108/250] (17200) train_mae: 2.8957, val_mae: 3.5704 
2026-05-20 13:49:38,680 - src.base.trainer - INFO - Val loss decrease from 3.5710 to 3.5704, saving to True
2026-05-20 13:49:43,925 - src.base.trainer - INFO - epoch complete
2026-05-20 13:49:43,925 - src.base.trainer - INFO - evaluating now!
2026-05-20 13:49:45,065 - src.base.trainer - INFO - Epoch [108/250] (17331) train_mae: 2.9143, val_mae: 3.5675, lr: 0.000002, 7.5s
2026-05-20 13:49:45,068 - src.base.trainer - INFO - Val loss decrease from 3.5704 to 3.5675, saving to True
2026-05-20 13:49:51,288 - src.base.trainer - INFO - epoch complete
2026-05-20 13:49:51,288 - src.base.trainer - INFO - evaluating now!
2026-05-20 13:49:52,409 - src.base.trainer - INFO - Epoch [109/250] (17490) train_mae: 2.9102, val_mae: 3.5640, lr: 0.000002, 6.2s
2026-05-20 13:49:52,410 - src.base.trainer - INFO - Val loss decrease from 3.5675 to 3.5640, saving to True
2026-05-20 13:49:57,911 - src.base.trainer - INFO - Epoch [110/250] (17600) train_mae: 2.8960, val_mae: 3.5611 
2026-05-20 13:49:57,913 - src.base.trainer - INFO - Val loss decrease from 3.5640 to 3.5611, saving to True
2026-05-20 13:49:59,899 - src.base.trainer - INFO - epoch complete
2026-05-20 13:49:59,899 - src.base.trainer - INFO - evaluating now!
2026-05-20 13:50:00,992 - src.base.trainer - INFO - Epoch [110/250] (17649) train_mae: 2.9071, val_mae: 3.5595, lr: 0.000002, 7.5s
2026-05-20 13:50:00,993 - src.base.trainer - INFO - Val loss decrease from 3.5611 to 3.5595, saving to True
2026-05-20 13:50:07,359 - src.base.trainer - INFO - epoch complete
2026-05-20 13:50:07,359 - src.base.trainer - INFO - evaluating now!
2026-05-20 13:50:08,483 - src.base.trainer - INFO - Epoch [111/250] (17808) train_mae: 2.9039, val_mae: 3.5565, lr: 0.000002, 6.4s
2026-05-20 13:50:08,485 - src.base.trainer - INFO - Val loss decrease from 3.5595 to 3.5565, saving to True
2026-05-20 13:50:14,890 - src.base.trainer - INFO - epoch complete
2026-05-20 13:50:14,890 - src.base.trainer - INFO - evaluating now!
2026-05-20 13:50:16,025 - src.base.trainer - INFO - Epoch [112/250] (17967) train_mae: 2.9018, val_mae: 3.5527, lr: 0.000002, 6.4s
2026-05-20 13:50:16,026 - src.base.trainer - INFO - Val loss decrease from 3.5565 to 3.5527, saving to True
2026-05-20 13:50:18,491 - src.base.trainer - INFO - Epoch [113/250] (18000) train_mae: 2.9309, val_mae: 3.5519 
2026-05-20 13:50:18,492 - src.base.trainer - INFO - Val loss decrease from 3.5527 to 3.5519, saving to True
2026-05-20 13:50:23,531 - src.base.trainer - INFO - epoch complete
2026-05-20 13:50:23,531 - src.base.trainer - INFO - evaluating now!
2026-05-20 13:50:24,660 - src.base.trainer - INFO - Epoch [113/250] (18126) train_mae: 2.8998, val_mae: 3.5493, lr: 0.000002, 7.5s
2026-05-20 13:50:24,661 - src.base.trainer - INFO - Val loss decrease from 3.5519 to 3.5493, saving to True
2026-05-20 13:50:31,107 - src.base.trainer - INFO - epoch complete
2026-05-20 13:50:31,107 - src.base.trainer - INFO - evaluating now!
2026-05-20 13:50:32,235 - src.base.trainer - INFO - Epoch [114/250] (18285) train_mae: 2.8946, val_mae: 3.5458, lr: 0.000002, 6.4s
2026-05-20 13:50:32,237 - src.base.trainer - INFO - Val loss decrease from 3.5493 to 3.5458, saving to True
2026-05-20 13:50:37,932 - src.base.trainer - INFO - Epoch [115/250] (18400) train_mae: 2.9192, val_mae: 3.5430 
2026-05-20 13:50:37,934 - src.base.trainer - INFO - Val loss decrease from 3.5458 to 3.5430, saving to True
2026-05-20 13:50:39,722 - src.base.trainer - INFO - epoch complete
2026-05-20 13:50:39,723 - src.base.trainer - INFO - evaluating now!
2026-05-20 13:50:40,953 - src.base.trainer - INFO - Epoch [115/250] (18444) train_mae: 2.8929, val_mae: 3.5424, lr: 0.000002, 7.5s
2026-05-20 13:50:40,955 - src.base.trainer - INFO - Val loss decrease from 3.5430 to 3.5424, saving to True
2026-05-20 13:50:47,850 - src.base.trainer - INFO - epoch complete
2026-05-20 13:50:47,852 - src.base.trainer - INFO - evaluating now!
2026-05-20 13:50:49,076 - src.base.trainer - INFO - Epoch [116/250] (18603) train_mae: 2.8915, val_mae: 3.5390, lr: 0.000002, 6.9s
2026-05-20 13:50:49,078 - src.base.trainer - INFO - Val loss decrease from 3.5424 to 3.5390, saving to True
2026-05-20 13:50:55,489 - src.base.trainer - INFO - epoch complete
2026-05-20 13:50:55,489 - src.base.trainer - INFO - evaluating now!
2026-05-20 13:50:56,671 - src.base.trainer - INFO - Epoch [117/250] (18762) train_mae: 2.8892, val_mae: 3.5355, lr: 0.000002, 6.4s
2026-05-20 13:50:56,673 - src.base.trainer - INFO - Val loss decrease from 3.5390 to 3.5355, saving to True
2026-05-20 13:50:59,452 - src.base.trainer - INFO - Epoch [118/250] (18800) train_mae: 2.9619, val_mae: 3.5343 
2026-05-20 13:50:59,454 - src.base.trainer - INFO - Val loss decrease from 3.5355 to 3.5343, saving to True
2026-05-20 13:51:04,317 - src.base.trainer - INFO - epoch complete
2026-05-20 13:51:04,317 - src.base.trainer - INFO - evaluating now!
2026-05-20 13:51:05,508 - src.base.trainer - INFO - Epoch [118/250] (18921) train_mae: 2.8852, val_mae: 3.5323, lr: 0.000002, 7.6s
2026-05-20 13:51:05,509 - src.base.trainer - INFO - Val loss decrease from 3.5343 to 3.5323, saving to True
2026-05-20 13:51:13,147 - src.base.trainer - INFO - epoch complete
2026-05-20 13:51:13,147 - src.base.trainer - INFO - evaluating now!
2026-05-20 13:51:14,644 - src.base.trainer - INFO - Epoch [119/250] (19080) train_mae: 2.8816, val_mae: 3.5291, lr: 0.000002, 7.6s
2026-05-20 13:51:14,646 - src.base.trainer - INFO - Val loss decrease from 3.5323 to 3.5291, saving to True
2026-05-20 13:51:21,064 - src.base.trainer - INFO - Epoch [120/250] (19200) train_mae: 2.8858, val_mae: 3.5262 
2026-05-20 13:51:21,065 - src.base.trainer - INFO - Val loss decrease from 3.5291 to 3.5262, saving to True
2026-05-20 13:51:23,198 - src.base.trainer - INFO - epoch complete
2026-05-20 13:51:23,198 - src.base.trainer - INFO - evaluating now!
2026-05-20 13:51:24,397 - src.base.trainer - INFO - Epoch [120/250] (19239) train_mae: 2.8819, val_mae: 3.5260, lr: 0.000002, 8.6s
2026-05-20 13:51:24,399 - src.base.trainer - INFO - Val loss decrease from 3.5262 to 3.5260, saving to True
2026-05-20 13:51:31,489 - src.base.trainer - INFO - epoch complete
2026-05-20 13:51:31,491 - src.base.trainer - INFO - evaluating now!
2026-05-20 13:51:32,659 - src.base.trainer - INFO - Epoch [121/250] (19398) train_mae: 2.8771, val_mae: 3.5221, lr: 0.000002, 7.1s
2026-05-20 13:51:32,661 - src.base.trainer - INFO - Val loss decrease from 3.5260 to 3.5221, saving to True
2026-05-20 13:51:39,379 - src.base.trainer - INFO - epoch complete
2026-05-20 13:51:39,379 - src.base.trainer - INFO - evaluating now!
2026-05-20 13:51:40,619 - src.base.trainer - INFO - Epoch [122/250] (19557) train_mae: 2.8751, val_mae: 3.5202, lr: 0.000002, 6.7s
2026-05-20 13:51:40,621 - src.base.trainer - INFO - Val loss decrease from 3.5221 to 3.5202, saving to True
2026-05-20 13:51:43,790 - src.base.trainer - INFO - Epoch [123/250] (19600) train_mae: 2.8073, val_mae: 3.5185 
2026-05-20 13:51:43,791 - src.base.trainer - INFO - Val loss decrease from 3.5202 to 3.5185, saving to True
2026-05-20 13:51:48,548 - src.base.trainer - INFO - epoch complete
2026-05-20 13:51:48,550 - src.base.trainer - INFO - evaluating now!
2026-05-20 13:51:49,611 - src.base.trainer - INFO - Epoch [123/250] (19716) train_mae: 2.8733, val_mae: 3.5160, lr: 0.000002, 7.9s
2026-05-20 13:51:49,612 - src.base.trainer - INFO - Val loss decrease from 3.5185 to 3.5160, saving to True
2026-05-20 13:51:55,931 - src.base.trainer - INFO - epoch complete
2026-05-20 13:51:55,931 - src.base.trainer - INFO - evaluating now!
2026-05-20 13:51:57,007 - src.base.trainer - INFO - Epoch [124/250] (19875) train_mae: 2.8702, val_mae: 3.5127, lr: 0.000002, 6.3s
2026-05-20 13:51:57,008 - src.base.trainer - INFO - Val loss decrease from 3.5160 to 3.5127, saving to True
2026-05-20 13:52:03,170 - src.base.trainer - INFO - Epoch [125/250] (20000) train_mae: 2.8406, val_mae: 3.5112 
2026-05-20 13:52:03,172 - src.base.trainer - INFO - Val loss decrease from 3.5127 to 3.5112, saving to True
2026-05-20 13:52:04,615 - src.base.trainer - INFO - epoch complete
2026-05-20 13:52:04,615 - src.base.trainer - INFO - evaluating now!
2026-05-20 13:52:05,832 - src.base.trainer - INFO - Epoch [125/250] (20034) train_mae: 2.8674, val_mae: 3.5100, lr: 0.000002, 7.6s
2026-05-20 13:52:05,834 - src.base.trainer - INFO - Val loss decrease from 3.5112 to 3.5100, saving to True
2026-05-20 13:52:12,483 - src.base.trainer - INFO - epoch complete
2026-05-20 13:52:12,483 - src.base.trainer - INFO - evaluating now!
2026-05-20 13:52:13,655 - src.base.trainer - INFO - Epoch [126/250] (20193) train_mae: 2.8644, val_mae: 3.5072, lr: 0.000002, 6.6s
2026-05-20 13:52:13,656 - src.base.trainer - INFO - Val loss decrease from 3.5100 to 3.5072, saving to True
2026-05-20 13:52:20,846 - src.base.trainer - INFO - epoch complete
2026-05-20 13:52:20,849 - src.base.trainer - INFO - evaluating now!
2026-05-20 13:52:22,170 - src.base.trainer - INFO - Epoch [127/250] (20352) train_mae: 2.8617, val_mae: 3.5039, lr: 0.000002, 7.2s
2026-05-20 13:52:22,171 - src.base.trainer - INFO - Val loss decrease from 3.5072 to 3.5039, saving to True
2026-05-20 13:52:25,552 - src.base.trainer - INFO - Epoch [128/250] (20400) train_mae: 2.9506, val_mae: 3.5027 
2026-05-20 13:52:25,553 - src.base.trainer - INFO - Val loss decrease from 3.5039 to 3.5027, saving to True
2026-05-20 13:52:30,066 - src.base.trainer - INFO - epoch complete
2026-05-20 13:52:30,066 - src.base.trainer - INFO - evaluating now!
2026-05-20 13:52:31,276 - src.base.trainer - INFO - Epoch [128/250] (20511) train_mae: 2.8596, val_mae: 3.5013, lr: 0.000002, 7.9s
2026-05-20 13:52:31,278 - src.base.trainer - INFO - Val loss decrease from 3.5027 to 3.5013, saving to True
2026-05-20 13:52:37,729 - src.base.trainer - INFO - epoch complete
2026-05-20 13:52:37,729 - src.base.trainer - INFO - evaluating now!
2026-05-20 13:52:38,942 - src.base.trainer - INFO - Epoch [129/250] (20670) train_mae: 2.8573, val_mae: 3.4983, lr: 0.000002, 6.5s
2026-05-20 13:52:38,943 - src.base.trainer - INFO - Val loss decrease from 3.5013 to 3.4983, saving to True
2026-05-20 13:52:45,696 - src.base.trainer - INFO - Epoch [130/250] (20800) train_mae: 2.8566, val_mae: 3.4953 
2026-05-20 13:52:45,697 - src.base.trainer - INFO - Val loss decrease from 3.4983 to 3.4953, saving to True
2026-05-20 13:52:46,902 - src.base.trainer - INFO - epoch complete
2026-05-20 13:52:46,902 - src.base.trainer - INFO - evaluating now!
2026-05-20 13:52:48,025 - src.base.trainer - INFO - Epoch [130/250] (20829) train_mae: 2.8560, val_mae: 3.4954, lr: 0.000002, 8.0s
2026-05-20 13:52:54,717 - src.base.trainer - INFO - epoch complete
2026-05-20 13:52:54,717 - src.base.trainer - INFO - evaluating now!
2026-05-20 13:52:55,866 - src.base.trainer - INFO - Epoch [131/250] (20988) train_mae: 2.8518, val_mae: 3.4922, lr: 0.000002, 6.7s
2026-05-20 13:52:55,868 - src.base.trainer - INFO - Val loss decrease from 3.4953 to 3.4922, saving to True
2026-05-20 13:53:02,595 - src.base.trainer - INFO - epoch complete
2026-05-20 13:53:02,596 - src.base.trainer - INFO - evaluating now!
2026-05-20 13:53:03,756 - src.base.trainer - INFO - Epoch [132/250] (21147) train_mae: 2.8482, val_mae: 3.4884, lr: 0.000002, 6.7s
2026-05-20 13:53:03,757 - src.base.trainer - INFO - Val loss decrease from 3.4922 to 3.4884, saving to True
2026-05-20 13:53:07,170 - src.base.trainer - INFO - Epoch [133/250] (21200) train_mae: 2.8388, val_mae: 3.4888 
2026-05-20 13:53:11,502 - src.base.trainer - INFO - epoch complete
2026-05-20 13:53:11,502 - src.base.trainer - INFO - evaluating now!
2026-05-20 13:53:12,773 - src.base.trainer - INFO - Epoch [133/250] (21306) train_mae: 2.8469, val_mae: 3.4863, lr: 0.000002, 7.7s
2026-05-20 13:53:12,774 - src.base.trainer - INFO - Val loss decrease from 3.4884 to 3.4863, saving to True
2026-05-20 13:53:19,617 - src.base.trainer - INFO - epoch complete
2026-05-20 13:53:19,618 - src.base.trainer - INFO - evaluating now!
2026-05-20 13:53:20,829 - src.base.trainer - INFO - Epoch [134/250] (21465) train_mae: 2.8449, val_mae: 3.4832, lr: 0.000002, 6.8s
2026-05-20 13:53:20,831 - src.base.trainer - INFO - Val loss decrease from 3.4863 to 3.4832, saving to True
2026-05-20 13:53:27,886 - src.base.trainer - INFO - Epoch [135/250] (21600) train_mae: 2.8142, val_mae: 3.4805 
2026-05-20 13:53:27,888 - src.base.trainer - INFO - Val loss decrease from 3.4832 to 3.4805, saving to True
2026-05-20 13:53:28,868 - src.base.trainer - INFO - epoch complete
2026-05-20 13:53:28,869 - src.base.trainer - INFO - evaluating now!
2026-05-20 13:53:30,105 - src.base.trainer - INFO - Epoch [135/250] (21624) train_mae: 2.8429, val_mae: 3.4796, lr: 0.000002, 8.0s
2026-05-20 13:53:30,107 - src.base.trainer - INFO - Val loss decrease from 3.4805 to 3.4796, saving to True
2026-05-20 13:53:36,992 - src.base.trainer - INFO - epoch complete
2026-05-20 13:53:36,992 - src.base.trainer - INFO - evaluating now!
2026-05-20 13:53:38,142 - src.base.trainer - INFO - Epoch [136/250] (21783) train_mae: 2.8405, val_mae: 3.4773, lr: 0.000002, 6.9s
2026-05-20 13:53:38,144 - src.base.trainer - INFO - Val loss decrease from 3.4796 to 3.4773, saving to True
2026-05-20 13:53:44,747 - src.base.trainer - INFO - epoch complete
2026-05-20 13:53:44,748 - src.base.trainer - INFO - evaluating now!
2026-05-20 13:53:45,978 - src.base.trainer - INFO - Epoch [137/250] (21942) train_mae: 2.8379, val_mae: 3.4737, lr: 0.000002, 6.6s
2026-05-20 13:53:45,983 - src.base.trainer - INFO - Val loss decrease from 3.4773 to 3.4737, saving to True
2026-05-20 13:53:49,559 - src.base.trainer - INFO - Epoch [138/250] (22000) train_mae: 2.8325, val_mae: 3.4729 
2026-05-20 13:53:49,561 - src.base.trainer - INFO - Val loss decrease from 3.4737 to 3.4729, saving to True
2026-05-20 13:53:53,761 - src.base.trainer - INFO - epoch complete
2026-05-20 13:53:53,761 - src.base.trainer - INFO - evaluating now!
2026-05-20 13:53:55,015 - src.base.trainer - INFO - Epoch [138/250] (22101) train_mae: 2.8353, val_mae: 3.4717, lr: 0.000002, 7.8s
2026-05-20 13:53:55,016 - src.base.trainer - INFO - Val loss decrease from 3.4729 to 3.4717, saving to True
2026-05-20 13:54:01,896 - src.base.trainer - INFO - epoch complete
2026-05-20 13:54:01,896 - src.base.trainer - INFO - evaluating now!
2026-05-20 13:54:03,177 - src.base.trainer - INFO - Epoch [139/250] (22260) train_mae: 2.8336, val_mae: 3.4690, lr: 0.000002, 6.9s
2026-05-20 13:54:03,178 - src.base.trainer - INFO - Val loss decrease from 3.4717 to 3.4690, saving to True
2026-05-20 13:54:10,491 - src.base.trainer - INFO - Epoch [140/250] (22400) train_mae: 2.8355, val_mae: 3.4660 
2026-05-20 13:54:10,494 - src.base.trainer - INFO - Val loss decrease from 3.4690 to 3.4660, saving to True
2026-05-20 13:54:11,269 - src.base.trainer - INFO - epoch complete
2026-05-20 13:54:11,269 - src.base.trainer - INFO - evaluating now!
2026-05-20 13:54:12,457 - src.base.trainer - INFO - Epoch [140/250] (22419) train_mae: 2.8305, val_mae: 3.4653, lr: 0.000002, 8.1s
2026-05-20 13:54:12,458 - src.base.trainer - INFO - Val loss decrease from 3.4660 to 3.4653, saving to True
2026-05-20 13:54:19,253 - src.base.trainer - INFO - epoch complete
2026-05-20 13:54:19,253 - src.base.trainer - INFO - evaluating now!
2026-05-20 13:54:20,478 - src.base.trainer - INFO - Epoch [141/250] (22578) train_mae: 2.8286, val_mae: 3.4626, lr: 0.000002, 6.8s
2026-05-20 13:54:20,479 - src.base.trainer - INFO - Val loss decrease from 3.4653 to 3.4626, saving to True
2026-05-20 13:54:26,883 - src.base.trainer - INFO - epoch complete
2026-05-20 13:54:26,883 - src.base.trainer - INFO - evaluating now!
2026-05-20 13:54:28,059 - src.base.trainer - INFO - Epoch [142/250] (22737) train_mae: 2.8265, val_mae: 3.4605, lr: 0.000002, 6.4s
2026-05-20 13:54:28,061 - src.base.trainer - INFO - Val loss decrease from 3.4626 to 3.4605, saving to True
2026-05-20 13:54:32,070 - src.base.trainer - INFO - Epoch [143/250] (22800) train_mae: 2.8527, val_mae: 3.4591 
2026-05-20 13:54:32,072 - src.base.trainer - INFO - Val loss decrease from 3.4605 to 3.4591, saving to True
2026-05-20 13:54:35,866 - src.base.trainer - INFO - epoch complete
2026-05-20 13:54:35,866 - src.base.trainer - INFO - evaluating now!
2026-05-20 13:54:36,952 - src.base.trainer - INFO - Epoch [143/250] (22896) train_mae: 2.8244, val_mae: 3.4580, lr: 0.000002, 7.8s
2026-05-20 13:54:36,953 - src.base.trainer - INFO - Val loss decrease from 3.4591 to 3.4580, saving to True
2026-05-20 13:54:44,074 - src.base.trainer - INFO - epoch complete
2026-05-20 13:54:44,074 - src.base.trainer - INFO - evaluating now!
2026-05-20 13:54:45,530 - src.base.trainer - INFO - Epoch [144/250] (23055) train_mae: 2.8209, val_mae: 3.4550, lr: 0.000002, 7.1s
2026-05-20 13:54:45,532 - src.base.trainer - INFO - Val loss decrease from 3.4580 to 3.4550, saving to True
2026-05-20 13:54:53,053 - src.base.trainer - INFO - Epoch [145/250] (23200) train_mae: 2.8045, val_mae: 3.4521 
2026-05-20 13:54:53,057 - src.base.trainer - INFO - Val loss decrease from 3.4550 to 3.4521, saving to True
2026-05-20 13:54:53,612 - src.base.trainer - INFO - epoch complete
2026-05-20 13:54:53,612 - src.base.trainer - INFO - evaluating now!
2026-05-20 13:54:54,840 - src.base.trainer - INFO - Epoch [145/250] (23214) train_mae: 2.8191, val_mae: 3.4519, lr: 0.000002, 8.1s
2026-05-20 13:54:54,841 - src.base.trainer - INFO - Val loss decrease from 3.4521 to 3.4519, saving to True
2026-05-20 13:55:02,193 - src.base.trainer - INFO - epoch complete
2026-05-20 13:55:02,195 - src.base.trainer - INFO - evaluating now!
2026-05-20 13:55:03,466 - src.base.trainer - INFO - Epoch [146/250] (23373) train_mae: 2.8182, val_mae: 3.4493, lr: 0.000002, 7.4s
2026-05-20 13:55:03,468 - src.base.trainer - INFO - Val loss decrease from 3.4519 to 3.4493, saving to True
2026-05-20 13:55:10,025 - src.base.trainer - INFO - epoch complete
2026-05-20 13:55:10,025 - src.base.trainer - INFO - evaluating now!
2026-05-20 13:55:11,256 - src.base.trainer - INFO - Epoch [147/250] (23532) train_mae: 2.8155, val_mae: 3.4465, lr: 0.000002, 6.6s
2026-05-20 13:55:11,258 - src.base.trainer - INFO - Val loss decrease from 3.4493 to 3.4465, saving to True
2026-05-20 13:55:15,065 - src.base.trainer - INFO - Epoch [148/250] (23600) train_mae: 2.8247, val_mae: 3.4461 
2026-05-20 13:55:15,067 - src.base.trainer - INFO - Val loss decrease from 3.4465 to 3.4461, saving to True
2026-05-20 13:55:19,860 - src.base.trainer - INFO - epoch complete
2026-05-20 13:55:19,860 - src.base.trainer - INFO - evaluating now!
2026-05-20 13:55:21,239 - src.base.trainer - INFO - Epoch [148/250] (23691) train_mae: 2.8128, val_mae: 3.4439, lr: 0.000002, 8.6s
2026-05-20 13:55:21,241 - src.base.trainer - INFO - Val loss decrease from 3.4461 to 3.4439, saving to True
2026-05-20 13:55:28,198 - src.base.trainer - INFO - epoch complete
2026-05-20 13:55:28,198 - src.base.trainer - INFO - evaluating now!
2026-05-20 13:55:29,324 - src.base.trainer - INFO - Epoch [149/250] (23850) train_mae: 2.8121, val_mae: 3.4420, lr: 0.000002, 7.0s
2026-05-20 13:55:29,325 - src.base.trainer - INFO - Val loss decrease from 3.4439 to 3.4420, saving to True
2026-05-20 13:55:37,304 - src.base.trainer - INFO - Epoch [150/250] (24000) train_mae: 2.8036, val_mae: 3.4395 
2026-05-20 13:55:37,306 - src.base.trainer - INFO - Val loss decrease from 3.4420 to 3.4395, saving to True
2026-05-20 13:55:37,646 - src.base.trainer - INFO - epoch complete
2026-05-20 13:55:37,646 - src.base.trainer - INFO - evaluating now!
2026-05-20 13:55:38,869 - src.base.trainer - INFO - Epoch [150/250] (24009) train_mae: 2.8084, val_mae: 3.4391, lr: 0.000002, 8.3s
2026-05-20 13:55:38,871 - src.base.trainer - INFO - Val loss decrease from 3.4395 to 3.4391, saving to True
2026-05-20 13:55:46,461 - src.base.trainer - INFO - epoch complete
2026-05-20 13:55:46,461 - src.base.trainer - INFO - evaluating now!
2026-05-20 13:55:47,820 - src.base.trainer - INFO - Epoch [151/250] (24168) train_mae: 2.8060, val_mae: 3.4363, lr: 0.000002, 7.6s
2026-05-20 13:55:47,822 - src.base.trainer - INFO - Val loss decrease from 3.4391 to 3.4363, saving to True
2026-05-20 13:55:54,931 - src.base.trainer - INFO - epoch complete
2026-05-20 13:55:54,933 - src.base.trainer - INFO - evaluating now!
2026-05-20 13:55:55,968 - src.base.trainer - INFO - Epoch [152/250] (24327) train_mae: 2.8054, val_mae: 3.4344, lr: 0.000002, 7.1s
2026-05-20 13:55:55,969 - src.base.trainer - INFO - Val loss decrease from 3.4363 to 3.4344, saving to True
2026-05-20 13:55:59,792 - src.base.trainer - INFO - Epoch [153/250] (24400) train_mae: 2.7901, val_mae: 3.4324 
2026-05-20 13:55:59,793 - src.base.trainer - INFO - Val loss decrease from 3.4344 to 3.4324, saving to True
2026-05-20 13:56:03,085 - src.base.trainer - INFO - epoch complete
2026-05-20 13:56:03,085 - src.base.trainer - INFO - evaluating now!
2026-05-20 13:56:04,140 - src.base.trainer - INFO - Epoch [153/250] (24486) train_mae: 2.8033, val_mae: 3.4316, lr: 0.000002, 7.1s
2026-05-20 13:56:04,141 - src.base.trainer - INFO - Val loss decrease from 3.4324 to 3.4316, saving to True
2026-05-20 13:56:10,046 - src.base.trainer - INFO - epoch complete
2026-05-20 13:56:10,046 - src.base.trainer - INFO - evaluating now!
2026-05-20 13:56:11,089 - src.base.trainer - INFO - Epoch [154/250] (24645) train_mae: 2.8007, val_mae: 3.4294, lr: 0.000002, 5.9s
2026-05-20 13:56:11,090 - src.base.trainer - INFO - Val loss decrease from 3.4316 to 3.4294, saving to True
2026-05-20 13:56:17,908 - src.base.trainer - INFO - Epoch [155/250] (24800) train_mae: 2.7951, val_mae: 3.4271 
2026-05-20 13:56:17,910 - src.base.trainer - INFO - Val loss decrease from 3.4294 to 3.4271, saving to True
2026-05-20 13:56:18,039 - src.base.trainer - INFO - epoch complete
2026-05-20 13:56:18,040 - src.base.trainer - INFO - evaluating now!
2026-05-20 13:56:19,107 - src.base.trainer - INFO - Epoch [155/250] (24804) train_mae: 2.7997, val_mae: 3.4269, lr: 0.000002, 6.9s
2026-05-20 13:56:19,108 - src.base.trainer - INFO - Val loss decrease from 3.4271 to 3.4269, saving to True
2026-05-20 13:56:25,180 - src.base.trainer - INFO - epoch complete
2026-05-20 13:56:25,183 - src.base.trainer - INFO - evaluating now!
2026-05-20 13:56:26,223 - src.base.trainer - INFO - Epoch [156/250] (24963) train_mae: 2.7973, val_mae: 3.4246, lr: 0.000002, 6.1s
2026-05-20 13:56:26,225 - src.base.trainer - INFO - Val loss decrease from 3.4269 to 3.4246, saving to True
2026-05-20 13:56:32,422 - src.base.trainer - INFO - epoch complete
2026-05-20 13:56:32,422 - src.base.trainer - INFO - evaluating now!
2026-05-20 13:56:33,496 - src.base.trainer - INFO - Epoch [157/250] (25122) train_mae: 2.7942, val_mae: 3.4224, lr: 0.000002, 6.2s
2026-05-20 13:56:33,498 - src.base.trainer - INFO - Val loss decrease from 3.4246 to 3.4224, saving to True
2026-05-20 13:56:37,562 - src.base.trainer - INFO - Epoch [158/250] (25200) train_mae: 2.7901, val_mae: 3.4212 
2026-05-20 13:56:37,566 - src.base.trainer - INFO - Val loss decrease from 3.4224 to 3.4212, saving to True
2026-05-20 13:56:40,789 - src.base.trainer - INFO - epoch complete
2026-05-20 13:56:40,790 - src.base.trainer - INFO - evaluating now!
2026-05-20 13:56:41,882 - src.base.trainer - INFO - Epoch [158/250] (25281) train_mae: 2.7939, val_mae: 3.4194, lr: 0.000002, 7.3s
2026-05-20 13:56:41,884 - src.base.trainer - INFO - Val loss decrease from 3.4212 to 3.4194, saving to True
2026-05-20 13:56:48,167 - src.base.trainer - INFO - epoch complete
2026-05-20 13:56:48,167 - src.base.trainer - INFO - evaluating now!
2026-05-20 13:56:49,211 - src.base.trainer - INFO - Epoch [159/250] (25440) train_mae: 2.7909, val_mae: 3.4173, lr: 0.000002, 6.3s
2026-05-20 13:56:49,212 - src.base.trainer - INFO - Val loss decrease from 3.4194 to 3.4173, saving to True
2026-05-20 13:56:55,224 - src.base.trainer - INFO - epoch complete
2026-05-20 13:56:55,226 - src.base.trainer - INFO - evaluating now!
2026-05-20 13:56:56,274 - src.base.trainer - INFO - Epoch [160/250] (25599) train_mae: 2.7894, val_mae: 3.4148, lr: 0.000002, 6.0s
2026-05-20 13:56:56,275 - src.base.trainer - INFO - Val loss decrease from 3.4173 to 3.4148, saving to True
2026-05-20 13:56:57,354 - src.base.trainer - INFO - Epoch [161/250] (25600) train_mae: 1.8465, val_mae: 3.4147 
2026-05-20 13:56:57,355 - src.base.trainer - INFO - Val loss decrease from 3.4148 to 3.4147, saving to True
2026-05-20 13:57:03,256 - src.base.trainer - INFO - epoch complete
2026-05-20 13:57:03,257 - src.base.trainer - INFO - evaluating now!
2026-05-20 13:57:04,320 - src.base.trainer - INFO - Epoch [161/250] (25758) train_mae: 2.7869, val_mae: 3.4126, lr: 0.000002, 7.0s
2026-05-20 13:57:04,322 - src.base.trainer - INFO - Val loss decrease from 3.4147 to 3.4126, saving to True
2026-05-20 13:57:10,640 - src.base.trainer - INFO - epoch complete
2026-05-20 13:57:10,642 - src.base.trainer - INFO - evaluating now!
2026-05-20 13:57:11,739 - src.base.trainer - INFO - Epoch [162/250] (25917) train_mae: 2.7843, val_mae: 3.4102, lr: 0.000002, 6.3s
2026-05-20 13:57:11,741 - src.base.trainer - INFO - Val loss decrease from 3.4126 to 3.4102, saving to True
2026-05-20 13:57:16,324 - src.base.trainer - INFO - Epoch [163/250] (26000) train_mae: 2.7867, val_mae: 3.4093 
2026-05-20 13:57:16,325 - src.base.trainer - INFO - Val loss decrease from 3.4102 to 3.4093, saving to True
2026-05-20 13:57:19,367 - src.base.trainer - INFO - epoch complete
2026-05-20 13:57:19,367 - src.base.trainer - INFO - evaluating now!
2026-05-20 13:57:20,434 - src.base.trainer - INFO - Epoch [163/250] (26076) train_mae: 2.7830, val_mae: 3.4077, lr: 0.000002, 7.6s
2026-05-20 13:57:20,436 - src.base.trainer - INFO - Val loss decrease from 3.4093 to 3.4077, saving to True
2026-05-20 13:57:26,417 - src.base.trainer - INFO - epoch complete
2026-05-20 13:57:26,417 - src.base.trainer - INFO - evaluating now!
2026-05-20 13:57:27,454 - src.base.trainer - INFO - Epoch [164/250] (26235) train_mae: 2.7817, val_mae: 3.4053, lr: 0.000002, 6.0s
2026-05-20 13:57:27,455 - src.base.trainer - INFO - Val loss decrease from 3.4077 to 3.4053, saving to True
2026-05-20 13:57:33,525 - src.base.trainer - INFO - epoch complete
2026-05-20 13:57:33,525 - src.base.trainer - INFO - evaluating now!
2026-05-20 13:57:34,643 - src.base.trainer - INFO - Epoch [165/250] (26394) train_mae: 2.7800, val_mae: 3.4033, lr: 0.000002, 6.1s
2026-05-20 13:57:34,646 - src.base.trainer - INFO - Val loss decrease from 3.4053 to 3.4033, saving to True
2026-05-20 13:57:35,972 - src.base.trainer - INFO - Epoch [166/250] (26400) train_mae: 2.7979, val_mae: 3.4033 
2026-05-20 13:57:42,137 - src.base.trainer - INFO - epoch complete
2026-05-20 13:57:42,139 - src.base.trainer - INFO - evaluating now!
2026-05-20 13:57:43,211 - src.base.trainer - INFO - Epoch [166/250] (26553) train_mae: 2.7776, val_mae: 3.4018, lr: 0.000002, 7.5s
2026-05-20 13:57:43,212 - src.base.trainer - INFO - Val loss decrease from 3.4033 to 3.4018, saving to True
2026-05-20 13:57:49,347 - src.base.trainer - INFO - epoch complete
2026-05-20 13:57:49,347 - src.base.trainer - INFO - evaluating now!
2026-05-20 13:57:50,484 - src.base.trainer - INFO - Epoch [167/250] (26712) train_mae: 2.7748, val_mae: 3.3990, lr: 0.000002, 6.1s
2026-05-20 13:57:50,486 - src.base.trainer - INFO - Val loss decrease from 3.4018 to 3.3990, saving to True
2026-05-20 13:57:55,031 - src.base.trainer - INFO - Epoch [168/250] (26800) train_mae: 2.7750, val_mae: 3.3981 
2026-05-20 13:57:55,033 - src.base.trainer - INFO - Val loss decrease from 3.3990 to 3.3981, saving to True
2026-05-20 13:57:57,739 - src.base.trainer - INFO - epoch complete
2026-05-20 13:57:57,740 - src.base.trainer - INFO - evaluating now!
2026-05-20 13:57:58,797 - src.base.trainer - INFO - Epoch [168/250] (26871) train_mae: 2.7756, val_mae: 3.3965, lr: 0.000002, 7.3s
2026-05-20 13:57:58,799 - src.base.trainer - INFO - Val loss decrease from 3.3981 to 3.3965, saving to True
2026-05-20 13:58:04,737 - src.base.trainer - INFO - epoch complete
2026-05-20 13:58:04,737 - src.base.trainer - INFO - evaluating now!
2026-05-20 13:58:05,840 - src.base.trainer - INFO - Epoch [169/250] (27030) train_mae: 2.7723, val_mae: 3.3947, lr: 0.000002, 5.9s
2026-05-20 13:58:05,842 - src.base.trainer - INFO - Val loss decrease from 3.3965 to 3.3947, saving to True
2026-05-20 13:58:11,792 - src.base.trainer - INFO - epoch complete
2026-05-20 13:58:11,793 - src.base.trainer - INFO - evaluating now!
2026-05-20 13:58:12,842 - src.base.trainer - INFO - Epoch [170/250] (27189) train_mae: 2.7694, val_mae: 3.3928, lr: 0.000002, 6.0s
2026-05-20 13:58:12,843 - src.base.trainer - INFO - Val loss decrease from 3.3947 to 3.3928, saving to True
2026-05-20 13:58:14,326 - src.base.trainer - INFO - Epoch [171/250] (27200) train_mae: 2.7397, val_mae: 3.3925 
2026-05-20 13:58:14,330 - src.base.trainer - INFO - Val loss decrease from 3.3928 to 3.3925, saving to True
2026-05-20 13:58:20,057 - src.base.trainer - INFO - epoch complete
2026-05-20 13:58:20,057 - src.base.trainer - INFO - evaluating now!
2026-05-20 13:58:21,128 - src.base.trainer - INFO - Epoch [171/250] (27348) train_mae: 2.7708, val_mae: 3.3904, lr: 0.000002, 7.2s
2026-05-20 13:58:21,130 - src.base.trainer - INFO - Val loss decrease from 3.3925 to 3.3904, saving to True
2026-05-20 13:58:27,059 - src.base.trainer - INFO - epoch complete
2026-05-20 13:58:27,059 - src.base.trainer - INFO - evaluating now!
2026-05-20 13:58:28,288 - src.base.trainer - INFO - Epoch [172/250] (27507) train_mae: 2.7666, val_mae: 3.3879, lr: 0.000002, 5.9s
2026-05-20 13:58:28,292 - src.base.trainer - INFO - Val loss decrease from 3.3904 to 3.3879, saving to True
2026-05-20 13:58:33,310 - src.base.trainer - INFO - Epoch [173/250] (27600) train_mae: 2.7802, val_mae: 3.3868 
2026-05-20 13:58:33,313 - src.base.trainer - INFO - Val loss decrease from 3.3879 to 3.3868, saving to True
2026-05-20 13:58:35,870 - src.base.trainer - INFO - epoch complete
2026-05-20 13:58:35,870 - src.base.trainer - INFO - evaluating now!
2026-05-20 13:58:37,032 - src.base.trainer - INFO - Epoch [173/250] (27666) train_mae: 2.7653, val_mae: 3.3858, lr: 0.000002, 7.6s
2026-05-20 13:58:37,033 - src.base.trainer - INFO - Val loss decrease from 3.3868 to 3.3858, saving to True
2026-05-20 13:58:43,549 - src.base.trainer - INFO - epoch complete
2026-05-20 13:58:43,549 - src.base.trainer - INFO - evaluating now!
2026-05-20 13:58:44,753 - src.base.trainer - INFO - Epoch [174/250] (27825) train_mae: 2.7637, val_mae: 3.3844, lr: 0.000002, 6.5s
2026-05-20 13:58:44,754 - src.base.trainer - INFO - Val loss decrease from 3.3858 to 3.3844, saving to True
2026-05-20 13:58:51,472 - src.base.trainer - INFO - epoch complete
2026-05-20 13:58:51,473 - src.base.trainer - INFO - evaluating now!
2026-05-20 13:58:52,691 - src.base.trainer - INFO - Epoch [175/250] (27984) train_mae: 2.7619, val_mae: 3.3820, lr: 0.000002, 6.7s
2026-05-20 13:58:52,693 - src.base.trainer - INFO - Val loss decrease from 3.3844 to 3.3820, saving to True
2026-05-20 13:58:54,562 - src.base.trainer - INFO - Epoch [176/250] (28000) train_mae: 2.8662, val_mae: 3.3820 
2026-05-20 13:59:00,568 - src.base.trainer - INFO - epoch complete
2026-05-20 13:59:00,569 - src.base.trainer - INFO - evaluating now!
2026-05-20 13:59:01,806 - src.base.trainer - INFO - Epoch [176/250] (28143) train_mae: 2.7600, val_mae: 3.3797, lr: 0.000002, 7.9s
2026-05-20 13:59:01,810 - src.base.trainer - INFO - Val loss decrease from 3.3820 to 3.3797, saving to True
2026-05-20 13:59:08,160 - src.base.trainer - INFO - epoch complete
2026-05-20 13:59:08,160 - src.base.trainer - INFO - evaluating now!
2026-05-20 13:59:09,576 - src.base.trainer - INFO - Epoch [177/250] (28302) train_mae: 2.7571, val_mae: 3.3775, lr: 0.000002, 6.3s
2026-05-20 13:59:09,578 - src.base.trainer - INFO - Val loss decrease from 3.3797 to 3.3775, saving to True
2026-05-20 13:59:15,845 - src.base.trainer - INFO - Epoch [178/250] (28400) train_mae: 2.7260, val_mae: 3.3775 
2026-05-20 13:59:15,847 - src.base.trainer - INFO - Val loss decrease from 3.3775 to 3.3775, saving to True
2026-05-20 13:59:18,955 - src.base.trainer - INFO - epoch complete
2026-05-20 13:59:18,955 - src.base.trainer - INFO - evaluating now!
2026-05-20 13:59:20,253 - src.base.trainer - INFO - Epoch [178/250] (28461) train_mae: 2.7562, val_mae: 3.3754, lr: 0.000002, 9.4s
2026-05-20 13:59:20,255 - src.base.trainer - INFO - Val loss decrease from 3.3775 to 3.3754, saving to True
2026-05-20 13:59:27,544 - src.base.trainer - INFO - epoch complete
2026-05-20 13:59:27,545 - src.base.trainer - INFO - evaluating now!
2026-05-20 13:59:28,830 - src.base.trainer - INFO - Epoch [179/250] (28620) train_mae: 2.7539, val_mae: 3.3734, lr: 0.000002, 7.3s
2026-05-20 13:59:28,831 - src.base.trainer - INFO - Val loss decrease from 3.3754 to 3.3734, saving to True
2026-05-20 13:59:35,881 - src.base.trainer - INFO - epoch complete
2026-05-20 13:59:35,881 - src.base.trainer - INFO - evaluating now!
2026-05-20 13:59:37,146 - src.base.trainer - INFO - Epoch [180/250] (28779) train_mae: 2.7529, val_mae: 3.3718, lr: 0.000002, 7.0s
2026-05-20 13:59:37,147 - src.base.trainer - INFO - Val loss decrease from 3.3734 to 3.3718, saving to True
2026-05-20 13:59:39,731 - src.base.trainer - INFO - Epoch [181/250] (28800) train_mae: 2.7541, val_mae: 3.3716 
2026-05-20 13:59:39,733 - src.base.trainer - INFO - Val loss decrease from 3.3718 to 3.3716, saving to True
2026-05-20 13:59:47,023 - src.base.trainer - INFO - epoch complete
2026-05-20 13:59:47,023 - src.base.trainer - INFO - evaluating now!
2026-05-20 13:59:48,347 - src.base.trainer - INFO - Epoch [181/250] (28938) train_mae: 2.7504, val_mae: 3.3696, lr: 0.000002, 9.9s
2026-05-20 13:59:48,348 - src.base.trainer - INFO - Val loss decrease from 3.3716 to 3.3696, saving to True
2026-05-20 13:59:55,865 - src.base.trainer - INFO - epoch complete
2026-05-20 13:59:55,865 - src.base.trainer - INFO - evaluating now!
2026-05-20 13:59:57,256 - src.base.trainer - INFO - Epoch [182/250] (29097) train_mae: 2.7503, val_mae: 3.3680, lr: 0.000002, 7.5s
2026-05-20 13:59:57,257 - src.base.trainer - INFO - Val loss decrease from 3.3696 to 3.3680, saving to True
2026-05-20 14:00:03,466 - src.base.trainer - INFO - Epoch [183/250] (29200) train_mae: 2.7616, val_mae: 3.3668 
2026-05-20 14:00:03,468 - src.base.trainer - INFO - Val loss decrease from 3.3680 to 3.3668, saving to True
2026-05-20 14:00:05,954 - src.base.trainer - INFO - epoch complete
2026-05-20 14:00:05,954 - src.base.trainer - INFO - evaluating now!
2026-05-20 14:00:07,203 - src.base.trainer - INFO - Epoch [183/250] (29256) train_mae: 2.7485, val_mae: 3.3662, lr: 0.000002, 8.7s
2026-05-20 14:00:07,204 - src.base.trainer - INFO - Val loss decrease from 3.3668 to 3.3662, saving to True
2026-05-20 14:00:17,264 - src.base.trainer - INFO - epoch complete
2026-05-20 14:00:17,265 - src.base.trainer - INFO - evaluating now!
2026-05-20 14:00:19,052 - src.base.trainer - INFO - Epoch [184/250] (29415) train_mae: 2.7456, val_mae: 3.3643, lr: 0.000002, 10.1s
2026-05-20 14:00:19,055 - src.base.trainer - INFO - Val loss decrease from 3.3662 to 3.3643, saving to True
2026-05-20 14:00:27,551 - src.base.trainer - INFO - epoch complete
2026-05-20 14:00:27,551 - src.base.trainer - INFO - evaluating now!
2026-05-20 14:00:28,818 - src.base.trainer - INFO - Epoch [185/250] (29574) train_mae: 2.7457, val_mae: 3.3619, lr: 0.000002, 8.5s
2026-05-20 14:00:28,820 - src.base.trainer - INFO - Val loss decrease from 3.3643 to 3.3619, saving to True
2026-05-20 14:00:31,973 - src.base.trainer - INFO - Epoch [186/250] (29600) train_mae: 2.7839, val_mae: 3.3617 
2026-05-20 14:00:31,975 - src.base.trainer - INFO - Val loss decrease from 3.3619 to 3.3617, saving to True
2026-05-20 14:00:38,864 - src.base.trainer - INFO - epoch complete
2026-05-20 14:00:38,865 - src.base.trainer - INFO - evaluating now!
2026-05-20 14:00:40,207 - src.base.trainer - INFO - Epoch [186/250] (29733) train_mae: 2.7431, val_mae: 3.3603, lr: 0.000002, 10.0s
2026-05-20 14:00:40,208 - src.base.trainer - INFO - Val loss decrease from 3.3617 to 3.3603, saving to True
2026-05-20 14:00:47,569 - src.base.trainer - INFO - epoch complete
2026-05-20 14:00:47,569 - src.base.trainer - INFO - evaluating now!
2026-05-20 14:00:48,863 - src.base.trainer - INFO - Epoch [187/250] (29892) train_mae: 2.7411, val_mae: 3.3580, lr: 0.000002, 7.4s
2026-05-20 14:00:48,867 - src.base.trainer - INFO - Val loss decrease from 3.3603 to 3.3580, saving to True
2026-05-20 14:00:55,563 - src.base.trainer - INFO - Epoch [188/250] (30000) train_mae: 2.7239, val_mae: 3.3569 
2026-05-20 14:00:55,567 - src.base.trainer - INFO - Val loss decrease from 3.3580 to 3.3569, saving to True
2026-05-20 14:00:57,798 - src.base.trainer - INFO - epoch complete
2026-05-20 14:00:57,798 - src.base.trainer - INFO - evaluating now!
2026-05-20 14:00:59,135 - src.base.trainer - INFO - Epoch [188/250] (30051) train_mae: 2.7417, val_mae: 3.3564, lr: 0.000002, 8.9s
2026-05-20 14:00:59,137 - src.base.trainer - INFO - Val loss decrease from 3.3569 to 3.3564, saving to True
2026-05-20 14:01:06,255 - src.base.trainer - INFO - epoch complete
2026-05-20 14:01:06,255 - src.base.trainer - INFO - evaluating now!
2026-05-20 14:01:07,643 - src.base.trainer - INFO - Epoch [189/250] (30210) train_mae: 2.7386, val_mae: 3.3547, lr: 0.000002, 7.1s
2026-05-20 14:01:07,645 - src.base.trainer - INFO - Val loss decrease from 3.3564 to 3.3547, saving to True
2026-05-20 14:01:15,269 - src.base.trainer - INFO - epoch complete
2026-05-20 14:01:15,270 - src.base.trainer - INFO - evaluating now!
2026-05-20 14:01:16,537 - src.base.trainer - INFO - Epoch [190/250] (30369) train_mae: 2.7382, val_mae: 3.3523, lr: 0.000002, 7.6s
2026-05-20 14:01:16,538 - src.base.trainer - INFO - Val loss decrease from 3.3547 to 3.3523, saving to True
2026-05-20 14:01:19,241 - src.base.trainer - INFO - Epoch [191/250] (30400) train_mae: 2.8442, val_mae: 3.3517 
2026-05-20 14:01:19,243 - src.base.trainer - INFO - Val loss decrease from 3.3523 to 3.3517, saving to True
2026-05-20 14:01:25,497 - src.base.trainer - INFO - epoch complete
2026-05-20 14:01:25,497 - src.base.trainer - INFO - evaluating now!
2026-05-20 14:01:26,820 - src.base.trainer - INFO - Epoch [191/250] (30528) train_mae: 2.7350, val_mae: 3.3507, lr: 0.000002, 9.0s
2026-05-20 14:01:26,822 - src.base.trainer - INFO - Val loss decrease from 3.3517 to 3.3507, saving to True
2026-05-20 14:01:34,406 - src.base.trainer - INFO - epoch complete
2026-05-20 14:01:34,408 - src.base.trainer - INFO - evaluating now!
2026-05-20 14:01:35,547 - src.base.trainer - INFO - Epoch [192/250] (30687) train_mae: 2.7331, val_mae: 3.3487, lr: 0.000002, 7.6s
2026-05-20 14:01:35,549 - src.base.trainer - INFO - Val loss decrease from 3.3507 to 3.3487, saving to True
2026-05-20 14:01:42,128 - src.base.trainer - INFO - Epoch [193/250] (30800) train_mae: 2.7214, val_mae: 3.3467 
2026-05-20 14:01:42,130 - src.base.trainer - INFO - Val loss decrease from 3.3487 to 3.3467, saving to True
2026-05-20 14:01:44,604 - src.base.trainer - INFO - epoch complete
2026-05-20 14:01:44,604 - src.base.trainer - INFO - evaluating now!
2026-05-20 14:01:45,987 - src.base.trainer - INFO - Epoch [193/250] (30846) train_mae: 2.7327, val_mae: 3.3473, lr: 0.000002, 9.1s
2026-05-20 14:01:52,316 - src.base.trainer - INFO - epoch complete
2026-05-20 14:01:52,319 - src.base.trainer - INFO - evaluating now!
2026-05-20 14:01:53,485 - src.base.trainer - INFO - Epoch [194/250] (31005) train_mae: 2.7303, val_mae: 3.3456, lr: 0.000002, 6.3s
2026-05-20 14:01:53,486 - src.base.trainer - INFO - Val loss decrease from 3.3467 to 3.3456, saving to True
2026-05-20 14:01:59,620 - src.base.trainer - INFO - epoch complete
2026-05-20 14:01:59,620 - src.base.trainer - INFO - evaluating now!
2026-05-20 14:02:00,844 - src.base.trainer - INFO - Epoch [195/250] (31164) train_mae: 2.7298, val_mae: 3.3435, lr: 0.000002, 6.1s
2026-05-20 14:02:00,846 - src.base.trainer - INFO - Val loss decrease from 3.3456 to 3.3435, saving to True
2026-05-20 14:02:03,378 - src.base.trainer - INFO - Epoch [196/250] (31200) train_mae: 2.7154, val_mae: 3.3424 
2026-05-20 14:02:03,380 - src.base.trainer - INFO - Val loss decrease from 3.3435 to 3.3424, saving to True
2026-05-20 14:02:08,208 - src.base.trainer - INFO - epoch complete
2026-05-20 14:02:08,208 - src.base.trainer - INFO - evaluating now!
2026-05-20 14:02:09,352 - src.base.trainer - INFO - Epoch [196/250] (31323) train_mae: 2.7270, val_mae: 3.3418, lr: 0.000002, 7.4s
2026-05-20 14:02:09,353 - src.base.trainer - INFO - Val loss decrease from 3.3424 to 3.3418, saving to True
2026-05-20 14:02:15,322 - src.base.trainer - INFO - epoch complete
2026-05-20 14:02:15,323 - src.base.trainer - INFO - evaluating now!
2026-05-20 14:02:16,379 - src.base.trainer - INFO - Epoch [197/250] (31482) train_mae: 2.7251, val_mae: 3.3402, lr: 0.000002, 6.0s
2026-05-20 14:02:16,380 - src.base.trainer - INFO - Val loss decrease from 3.3418 to 3.3402, saving to True
2026-05-20 14:02:22,235 - src.base.trainer - INFO - Epoch [198/250] (31600) train_mae: 2.7316, val_mae: 3.3388 
2026-05-20 14:02:22,237 - src.base.trainer - INFO - Val loss decrease from 3.3402 to 3.3388, saving to True
2026-05-20 14:02:23,783 - src.base.trainer - INFO - epoch complete
2026-05-20 14:02:23,783 - src.base.trainer - INFO - evaluating now!
2026-05-20 14:02:24,858 - src.base.trainer - INFO - Epoch [198/250] (31641) train_mae: 2.7258, val_mae: 3.3378, lr: 0.000002, 7.4s
2026-05-20 14:02:24,859 - src.base.trainer - INFO - Val loss decrease from 3.3388 to 3.3378, saving to True
2026-05-20 14:02:31,293 - src.base.trainer - INFO - epoch complete
2026-05-20 14:02:31,296 - src.base.trainer - INFO - evaluating now!
2026-05-20 14:02:32,363 - src.base.trainer - INFO - Epoch [199/250] (31800) train_mae: 2.7235, val_mae: 3.3363, lr: 0.000002, 6.4s
2026-05-20 14:02:32,365 - src.base.trainer - INFO - Val loss decrease from 3.3378 to 3.3363, saving to True
2026-05-20 14:02:38,312 - src.base.trainer - INFO - epoch complete
2026-05-20 14:02:38,312 - src.base.trainer - INFO - evaluating now!
2026-05-20 14:02:39,377 - src.base.trainer - INFO - Epoch [200/250] (31959) train_mae: 2.7223, val_mae: 3.3346, lr: 0.000002, 5.9s
2026-05-20 14:02:39,378 - src.base.trainer - INFO - Val loss decrease from 3.3363 to 3.3346, saving to True
2026-05-20 14:02:42,022 - src.base.trainer - INFO - Epoch [201/250] (32000) train_mae: 2.7000, val_mae: 3.3344 
2026-05-20 14:02:42,024 - src.base.trainer - INFO - Val loss decrease from 3.3346 to 3.3344, saving to True
2026-05-20 14:02:46,623 - src.base.trainer - INFO - epoch complete
2026-05-20 14:02:46,625 - src.base.trainer - INFO - evaluating now!
2026-05-20 14:02:47,687 - src.base.trainer - INFO - Epoch [201/250] (32118) train_mae: 2.7206, val_mae: 3.3327, lr: 0.000002, 7.2s
2026-05-20 14:02:47,689 - src.base.trainer - INFO - Val loss decrease from 3.3344 to 3.3327, saving to True
2026-05-20 14:02:53,746 - src.base.trainer - INFO - epoch complete
2026-05-20 14:02:53,746 - src.base.trainer - INFO - evaluating now!
2026-05-20 14:02:54,805 - src.base.trainer - INFO - Epoch [202/250] (32277) train_mae: 2.7201, val_mae: 3.3309, lr: 0.000002, 6.1s
2026-05-20 14:02:54,807 - src.base.trainer - INFO - Val loss decrease from 3.3327 to 3.3309, saving to True
2026-05-20 14:03:00,468 - src.base.trainer - INFO - Epoch [203/250] (32400) train_mae: 2.6868, val_mae: 3.3297 
2026-05-20 14:03:00,469 - src.base.trainer - INFO - Val loss decrease from 3.3309 to 3.3297, saving to True
2026-05-20 14:03:01,806 - src.base.trainer - INFO - epoch complete
2026-05-20 14:03:01,806 - src.base.trainer - INFO - evaluating now!
2026-05-20 14:03:02,901 - src.base.trainer - INFO - Epoch [203/250] (32436) train_mae: 2.7190, val_mae: 3.3294, lr: 0.000002, 7.0s
2026-05-20 14:03:02,902 - src.base.trainer - INFO - Val loss decrease from 3.3297 to 3.3294, saving to True
2026-05-20 14:03:08,895 - src.base.trainer - INFO - epoch complete
2026-05-20 14:03:08,895 - src.base.trainer - INFO - evaluating now!
2026-05-20 14:03:09,964 - src.base.trainer - INFO - Epoch [204/250] (32595) train_mae: 2.7187, val_mae: 3.3273, lr: 0.000002, 6.0s
2026-05-20 14:03:09,965 - src.base.trainer - INFO - Val loss decrease from 3.3294 to 3.3273, saving to True
2026-05-20 14:03:15,945 - src.base.trainer - INFO - epoch complete
2026-05-20 14:03:15,945 - src.base.trainer - INFO - evaluating now!
2026-05-20 14:03:17,143 - src.base.trainer - INFO - Epoch [205/250] (32754) train_mae: 2.7164, val_mae: 3.3261, lr: 0.000002, 6.0s
2026-05-20 14:03:17,145 - src.base.trainer - INFO - Val loss decrease from 3.3273 to 3.3261, saving to True
2026-05-20 14:03:20,196 - src.base.trainer - INFO - Epoch [206/250] (32800) train_mae: 2.6332, val_mae: 3.3262 
2026-05-20 14:03:24,632 - src.base.trainer - INFO - epoch complete
2026-05-20 14:03:24,632 - src.base.trainer - INFO - evaluating now!
2026-05-20 14:03:25,790 - src.base.trainer - INFO - Epoch [206/250] (32913) train_mae: 2.7132, val_mae: 3.3241, lr: 0.000002, 7.5s
2026-05-20 14:03:25,791 - src.base.trainer - INFO - Val loss decrease from 3.3261 to 3.3241, saving to True
2026-05-20 14:03:32,171 - src.base.trainer - INFO - epoch complete
2026-05-20 14:03:32,173 - src.base.trainer - INFO - evaluating now!
2026-05-20 14:03:33,292 - src.base.trainer - INFO - Epoch [207/250] (33072) train_mae: 2.7117, val_mae: 3.3241, lr: 0.000002, 6.4s
2026-05-20 14:03:40,629 - src.base.trainer - INFO - Epoch [208/250] (33200) train_mae: 2.7238, val_mae: 3.3212 
2026-05-20 14:03:40,631 - src.base.trainer - INFO - Val loss decrease from 3.3241 to 3.3212, saving to True
2026-05-20 14:03:42,591 - src.base.trainer - INFO - epoch complete
2026-05-20 14:03:42,591 - src.base.trainer - INFO - evaluating now!
2026-05-20 14:03:43,914 - src.base.trainer - INFO - Epoch [208/250] (33231) train_mae: 2.7104, val_mae: 3.3209, lr: 0.000002, 9.3s
2026-05-20 14:03:43,916 - src.base.trainer - INFO - Val loss decrease from 3.3212 to 3.3209, saving to True
2026-05-20 14:03:51,695 - src.base.trainer - INFO - epoch complete
2026-05-20 14:03:51,695 - src.base.trainer - INFO - evaluating now!
2026-05-20 14:03:53,202 - src.base.trainer - INFO - Epoch [209/250] (33390) train_mae: 2.7088, val_mae: 3.3191, lr: 0.000002, 7.8s
2026-05-20 14:03:53,204 - src.base.trainer - INFO - Val loss decrease from 3.3209 to 3.3191, saving to True
2026-05-20 14:04:00,867 - src.base.trainer - INFO - epoch complete
2026-05-20 14:04:00,867 - src.base.trainer - INFO - evaluating now!
2026-05-20 14:04:02,158 - src.base.trainer - INFO - Epoch [210/250] (33549) train_mae: 2.7091, val_mae: 3.3175, lr: 0.000002, 7.7s
2026-05-20 14:04:02,160 - src.base.trainer - INFO - Val loss decrease from 3.3191 to 3.3175, saving to True
2026-05-20 14:04:05,896 - src.base.trainer - INFO - Epoch [211/250] (33600) train_mae: 2.7229, val_mae: 3.3170 
2026-05-20 14:04:05,897 - src.base.trainer - INFO - Val loss decrease from 3.3175 to 3.3170, saving to True
2026-05-20 14:04:11,655 - src.base.trainer - INFO - epoch complete
2026-05-20 14:04:11,657 - src.base.trainer - INFO - evaluating now!
2026-05-20 14:04:13,136 - src.base.trainer - INFO - Epoch [211/250] (33708) train_mae: 2.7067, val_mae: 3.3168, lr: 0.000002, 9.5s
2026-05-20 14:04:13,138 - src.base.trainer - INFO - Val loss decrease from 3.3170 to 3.3168, saving to True
2026-05-20 14:04:20,115 - src.base.trainer - INFO - epoch complete
2026-05-20 14:04:20,115 - src.base.trainer - INFO - evaluating now!
2026-05-20 14:04:21,241 - src.base.trainer - INFO - Epoch [212/250] (33867) train_mae: 2.7044, val_mae: 3.3147, lr: 0.000002, 7.0s
2026-05-20 14:04:21,243 - src.base.trainer - INFO - Val loss decrease from 3.3168 to 3.3147, saving to True
2026-05-20 14:04:27,742 - src.base.trainer - INFO - Epoch [213/250] (34000) train_mae: 2.7265, val_mae: 3.3130 
2026-05-20 14:04:27,743 - src.base.trainer - INFO - Val loss decrease from 3.3147 to 3.3130, saving to True
2026-05-20 14:04:28,786 - src.base.trainer - INFO - epoch complete
2026-05-20 14:04:28,786 - src.base.trainer - INFO - evaluating now!
2026-05-20 14:04:29,932 - src.base.trainer - INFO - Epoch [213/250] (34026) train_mae: 2.7041, val_mae: 3.3134, lr: 0.000002, 7.5s
2026-05-20 14:04:36,282 - src.base.trainer - INFO - epoch complete
2026-05-20 14:04:36,282 - src.base.trainer - INFO - evaluating now!
2026-05-20 14:04:37,537 - src.base.trainer - INFO - Epoch [214/250] (34185) train_mae: 2.7036, val_mae: 3.3111, lr: 0.000002, 6.3s
2026-05-20 14:04:37,539 - src.base.trainer - INFO - Val loss decrease from 3.3130 to 3.3111, saving to True
2026-05-20 14:04:43,897 - src.base.trainer - INFO - epoch complete
2026-05-20 14:04:43,897 - src.base.trainer - INFO - evaluating now!
2026-05-20 14:04:45,051 - src.base.trainer - INFO - Epoch [215/250] (34344) train_mae: 2.7017, val_mae: 3.3102, lr: 0.000002, 6.4s
2026-05-20 14:04:45,053 - src.base.trainer - INFO - Val loss decrease from 3.3111 to 3.3102, saving to True
2026-05-20 14:04:48,523 - src.base.trainer - INFO - Epoch [216/250] (34400) train_mae: 2.7692, val_mae: 3.3095 
2026-05-20 14:04:48,525 - src.base.trainer - INFO - Val loss decrease from 3.3102 to 3.3095, saving to True
2026-05-20 14:04:52,800 - src.base.trainer - INFO - epoch complete
2026-05-20 14:04:52,800 - src.base.trainer - INFO - evaluating now!
2026-05-20 14:04:54,108 - src.base.trainer - INFO - Epoch [216/250] (34503) train_mae: 2.7003, val_mae: 3.3076, lr: 0.000002, 7.7s
2026-05-20 14:04:54,110 - src.base.trainer - INFO - Val loss decrease from 3.3095 to 3.3076, saving to True
2026-05-20 14:05:01,283 - src.base.trainer - INFO - epoch complete
2026-05-20 14:05:01,284 - src.base.trainer - INFO - evaluating now!
2026-05-20 14:05:02,625 - src.base.trainer - INFO - Epoch [217/250] (34662) train_mae: 2.6995, val_mae: 3.3063, lr: 0.000002, 7.2s
2026-05-20 14:05:02,626 - src.base.trainer - INFO - Val loss decrease from 3.3076 to 3.3063, saving to True
2026-05-20 14:05:09,397 - src.base.trainer - INFO - Epoch [218/250] (34800) train_mae: 2.6979, val_mae: 3.3056 
2026-05-20 14:05:09,401 - src.base.trainer - INFO - Val loss decrease from 3.3063 to 3.3056, saving to True
2026-05-20 14:05:10,185 - src.base.trainer - INFO - epoch complete
2026-05-20 14:05:10,185 - src.base.trainer - INFO - evaluating now!
2026-05-20 14:05:11,287 - src.base.trainer - INFO - Epoch [218/250] (34821) train_mae: 2.6949, val_mae: 3.3047, lr: 0.000002, 7.6s
2026-05-20 14:05:11,289 - src.base.trainer - INFO - Val loss decrease from 3.3056 to 3.3047, saving to True
2026-05-20 14:05:17,588 - src.base.trainer - INFO - epoch complete
2026-05-20 14:05:17,588 - src.base.trainer - INFO - evaluating now!
2026-05-20 14:05:19,184 - src.base.trainer - INFO - Epoch [219/250] (34980) train_mae: 2.6957, val_mae: 3.3032, lr: 0.000002, 6.3s
2026-05-20 14:05:19,186 - src.base.trainer - INFO - Val loss decrease from 3.3047 to 3.3032, saving to True
2026-05-20 14:05:25,549 - src.base.trainer - INFO - epoch complete
2026-05-20 14:05:25,549 - src.base.trainer - INFO - evaluating now!
2026-05-20 14:05:26,635 - src.base.trainer - INFO - Epoch [220/250] (35139) train_mae: 2.6959, val_mae: 3.3019, lr: 0.000002, 6.4s
2026-05-20 14:05:26,637 - src.base.trainer - INFO - Val loss decrease from 3.3032 to 3.3019, saving to True
2026-05-20 14:05:30,220 - src.base.trainer - INFO - Epoch [221/250] (35200) train_mae: 2.6865, val_mae: 3.3016 
2026-05-20 14:05:30,222 - src.base.trainer - INFO - Val loss decrease from 3.3019 to 3.3016, saving to True
2026-05-20 14:05:33,999 - src.base.trainer - INFO - epoch complete
2026-05-20 14:05:33,999 - src.base.trainer - INFO - evaluating now!
2026-05-20 14:05:35,105 - src.base.trainer - INFO - Epoch [221/250] (35298) train_mae: 2.6928, val_mae: 3.3002, lr: 0.000002, 7.4s
2026-05-20 14:05:35,106 - src.base.trainer - INFO - Val loss decrease from 3.3016 to 3.3002, saving to True
2026-05-20 14:05:41,350 - src.base.trainer - INFO - epoch complete
2026-05-20 14:05:41,350 - src.base.trainer - INFO - evaluating now!
2026-05-20 14:05:42,468 - src.base.trainer - INFO - Epoch [222/250] (35457) train_mae: 2.6927, val_mae: 3.2992, lr: 0.000002, 6.2s
2026-05-20 14:05:42,471 - src.base.trainer - INFO - Val loss decrease from 3.3002 to 3.2992, saving to True
2026-05-20 14:05:49,237 - src.base.trainer - INFO - Epoch [223/250] (35600) train_mae: 2.6779, val_mae: 3.2970 
2026-05-20 14:05:49,239 - src.base.trainer - INFO - Val loss decrease from 3.2992 to 3.2970, saving to True
2026-05-20 14:05:49,836 - src.base.trainer - INFO - epoch complete
2026-05-20 14:05:49,836 - src.base.trainer - INFO - evaluating now!
2026-05-20 14:05:50,920 - src.base.trainer - INFO - Epoch [223/250] (35616) train_mae: 2.6910, val_mae: 3.2967, lr: 0.000002, 7.4s
2026-05-20 14:05:50,921 - src.base.trainer - INFO - Val loss decrease from 3.2970 to 3.2967, saving to True
2026-05-20 14:05:56,930 - src.base.trainer - INFO - epoch complete
2026-05-20 14:05:56,930 - src.base.trainer - INFO - evaluating now!
2026-05-20 14:05:58,005 - src.base.trainer - INFO - Epoch [224/250] (35775) train_mae: 2.6879, val_mae: 3.2950, lr: 0.000002, 6.0s
2026-05-20 14:05:58,006 - src.base.trainer - INFO - Val loss decrease from 3.2967 to 3.2950, saving to True
2026-05-20 14:06:04,322 - src.base.trainer - INFO - epoch complete
2026-05-20 14:06:04,322 - src.base.trainer - INFO - evaluating now!
2026-05-20 14:06:05,438 - src.base.trainer - INFO - Epoch [225/250] (35934) train_mae: 2.6872, val_mae: 3.2951, lr: 0.000002, 6.3s
2026-05-20 14:06:09,211 - src.base.trainer - INFO - Epoch [226/250] (36000) train_mae: 2.6835, val_mae: 3.2935 
2026-05-20 14:06:09,213 - src.base.trainer - INFO - Val loss decrease from 3.2950 to 3.2935, saving to True
2026-05-20 14:06:12,794 - src.base.trainer - INFO - epoch complete
2026-05-20 14:06:12,794 - src.base.trainer - INFO - evaluating now!
2026-05-20 14:06:13,884 - src.base.trainer - INFO - Epoch [226/250] (36093) train_mae: 2.6867, val_mae: 3.2929, lr: 0.000002, 7.4s
2026-05-20 14:06:13,886 - src.base.trainer - INFO - Val loss decrease from 3.2935 to 3.2929, saving to True
2026-05-20 14:06:20,226 - src.base.trainer - INFO - epoch complete
2026-05-20 14:06:20,228 - src.base.trainer - INFO - evaluating now!
2026-05-20 14:06:21,354 - src.base.trainer - INFO - Epoch [227/250] (36252) train_mae: 2.6852, val_mae: 3.2908, lr: 0.000002, 6.3s
2026-05-20 14:06:21,356 - src.base.trainer - INFO - Val loss decrease from 3.2929 to 3.2908, saving to True
2026-05-20 14:06:28,229 - src.base.trainer - INFO - Epoch [228/250] (36400) train_mae: 2.6827, val_mae: 3.2909 
2026-05-20 14:06:28,640 - src.base.trainer - INFO - epoch complete
2026-05-20 14:06:28,640 - src.base.trainer - INFO - evaluating now!
2026-05-20 14:06:29,746 - src.base.trainer - INFO - Epoch [228/250] (36411) train_mae: 2.6840, val_mae: 3.2902, lr: 0.000002, 7.3s
2026-05-20 14:06:29,748 - src.base.trainer - INFO - Val loss decrease from 3.2908 to 3.2902, saving to True
2026-05-20 14:06:35,886 - src.base.trainer - INFO - epoch complete
2026-05-20 14:06:35,886 - src.base.trainer - INFO - evaluating now!
2026-05-20 14:06:36,991 - src.base.trainer - INFO - Epoch [229/250] (36570) train_mae: 2.6833, val_mae: 3.2882, lr: 0.000002, 6.1s
2026-05-20 14:06:36,993 - src.base.trainer - INFO - Val loss decrease from 3.2902 to 3.2882, saving to True
2026-05-20 14:06:43,101 - src.base.trainer - INFO - epoch complete
2026-05-20 14:06:43,101 - src.base.trainer - INFO - evaluating now!
2026-05-20 14:06:44,213 - src.base.trainer - INFO - Epoch [230/250] (36729) train_mae: 2.6815, val_mae: 3.2866, lr: 0.000002, 6.1s
2026-05-20 14:06:44,215 - src.base.trainer - INFO - Val loss decrease from 3.2882 to 3.2866, saving to True
2026-05-20 14:06:48,833 - src.base.trainer - INFO - Epoch [231/250] (36800) train_mae: 2.6290, val_mae: 3.2864 
2026-05-20 14:06:48,836 - src.base.trainer - INFO - Val loss decrease from 3.2866 to 3.2864, saving to True
2026-05-20 14:06:52,429 - src.base.trainer - INFO - epoch complete
2026-05-20 14:06:52,429 - src.base.trainer - INFO - evaluating now!
2026-05-20 14:06:53,521 - src.base.trainer - INFO - Epoch [231/250] (36888) train_mae: 2.6800, val_mae: 3.2852, lr: 0.000002, 8.2s
2026-05-20 14:06:53,522 - src.base.trainer - INFO - Val loss decrease from 3.2864 to 3.2852, saving to True
2026-05-20 14:06:59,742 - src.base.trainer - INFO - epoch complete
2026-05-20 14:06:59,745 - src.base.trainer - INFO - evaluating now!
2026-05-20 14:07:00,871 - src.base.trainer - INFO - Epoch [232/250] (37047) train_mae: 2.6795, val_mae: 3.2840, lr: 0.000002, 6.2s
2026-05-20 14:07:00,873 - src.base.trainer - INFO - Val loss decrease from 3.2852 to 3.2840, saving to True
2026-05-20 14:07:08,108 - src.base.trainer - INFO - Epoch [233/250] (37200) train_mae: 2.6713, val_mae: 3.2821 
2026-05-20 14:07:08,110 - src.base.trainer - INFO - Val loss decrease from 3.2840 to 3.2821, saving to True
2026-05-20 14:07:08,316 - src.base.trainer - INFO - epoch complete
2026-05-20 14:07:08,316 - src.base.trainer - INFO - evaluating now!
2026-05-20 14:07:09,474 - src.base.trainer - INFO - Epoch [233/250] (37206) train_mae: 2.6789, val_mae: 3.2821, lr: 0.000002, 7.4s
2026-05-20 14:07:15,670 - src.base.trainer - INFO - epoch complete
2026-05-20 14:07:15,670 - src.base.trainer - INFO - evaluating now!
2026-05-20 14:07:16,756 - src.base.trainer - INFO - Epoch [234/250] (37365) train_mae: 2.6769, val_mae: 3.2811, lr: 0.000002, 6.2s
2026-05-20 14:07:16,757 - src.base.trainer - INFO - Val loss decrease from 3.2821 to 3.2811, saving to True
2026-05-20 14:07:22,858 - src.base.trainer - INFO - epoch complete
2026-05-20 14:07:22,859 - src.base.trainer - INFO - evaluating now!
2026-05-20 14:07:23,973 - src.base.trainer - INFO - Epoch [235/250] (37524) train_mae: 2.6749, val_mae: 3.2796, lr: 0.000002, 6.1s
2026-05-20 14:07:23,975 - src.base.trainer - INFO - Val loss decrease from 3.2811 to 3.2796, saving to True
2026-05-20 14:07:28,141 - src.base.trainer - INFO - Epoch [236/250] (37600) train_mae: 2.7145, val_mae: 3.2792 
2026-05-20 14:07:28,142 - src.base.trainer - INFO - Val loss decrease from 3.2796 to 3.2792, saving to True
2026-05-20 14:07:31,329 - src.base.trainer - INFO - epoch complete
2026-05-20 14:07:31,329 - src.base.trainer - INFO - evaluating now!
2026-05-20 14:07:32,414 - src.base.trainer - INFO - Epoch [236/250] (37683) train_mae: 2.6740, val_mae: 3.2782, lr: 0.000002, 7.4s
2026-05-20 14:07:32,416 - src.base.trainer - INFO - Val loss decrease from 3.2792 to 3.2782, saving to True
2026-05-20 14:07:38,820 - src.base.trainer - INFO - epoch complete
2026-05-20 14:07:38,820 - src.base.trainer - INFO - evaluating now!
2026-05-20 14:07:40,178 - src.base.trainer - INFO - Epoch [237/250] (37842) train_mae: 2.6740, val_mae: 3.2768, lr: 0.000002, 6.4s
2026-05-20 14:07:40,179 - src.base.trainer - INFO - Val loss decrease from 3.2782 to 3.2768, saving to True
2026-05-20 14:07:47,497 - src.base.trainer - INFO - Epoch [238/250] (38000) train_mae: 2.6674, val_mae: 3.2753 
2026-05-20 14:07:47,502 - src.base.trainer - INFO - Val loss decrease from 3.2768 to 3.2753, saving to True
2026-05-20 14:07:47,518 - src.base.trainer - INFO - epoch complete
2026-05-20 14:07:47,518 - src.base.trainer - INFO - evaluating now!
2026-05-20 14:07:48,637 - src.base.trainer - INFO - Epoch [238/250] (38001) train_mae: 2.6739, val_mae: 3.2752, lr: 0.000002, 7.3s
2026-05-20 14:07:48,638 - src.base.trainer - INFO - Val loss decrease from 3.2753 to 3.2752, saving to True
2026-05-20 14:07:54,899 - src.base.trainer - INFO - epoch complete
2026-05-20 14:07:54,899 - src.base.trainer - INFO - evaluating now!
2026-05-20 14:07:56,011 - src.base.trainer - INFO - Epoch [239/250] (38160) train_mae: 2.6709, val_mae: 3.2750, lr: 0.000002, 6.3s
2026-05-20 14:07:56,012 - src.base.trainer - INFO - Val loss decrease from 3.2752 to 3.2750, saving to True
2026-05-20 14:08:02,202 - src.base.trainer - INFO - epoch complete
2026-05-20 14:08:02,202 - src.base.trainer - INFO - evaluating now!
2026-05-20 14:08:03,349 - src.base.trainer - INFO - Epoch [240/250] (38319) train_mae: 2.6695, val_mae: 3.2725, lr: 0.000002, 6.2s
2026-05-20 14:08:03,353 - src.base.trainer - INFO - Val loss decrease from 3.2750 to 3.2725, saving to True
2026-05-20 14:08:07,673 - src.base.trainer - INFO - Epoch [241/250] (38400) train_mae: 2.6573, val_mae: 3.2728 
2026-05-20 14:08:10,875 - src.base.trainer - INFO - epoch complete
2026-05-20 14:08:10,875 - src.base.trainer - INFO - evaluating now!
2026-05-20 14:08:12,019 - src.base.trainer - INFO - Epoch [241/250] (38478) train_mae: 2.6673, val_mae: 3.2705, lr: 0.000002, 7.5s
2026-05-20 14:08:12,020 - src.base.trainer - INFO - Val loss decrease from 3.2725 to 3.2705, saving to True
2026-05-20 14:08:18,047 - src.base.trainer - INFO - epoch complete
2026-05-20 14:08:18,048 - src.base.trainer - INFO - evaluating now!
2026-05-20 14:08:19,126 - src.base.trainer - INFO - Epoch [242/250] (38637) train_mae: 2.6669, val_mae: 3.2699, lr: 0.000002, 6.0s
2026-05-20 14:08:19,128 - src.base.trainer - INFO - Val loss decrease from 3.2705 to 3.2699, saving to True
2026-05-20 14:08:25,371 - src.base.trainer - INFO - epoch complete
2026-05-20 14:08:25,371 - src.base.trainer - INFO - evaluating now!
2026-05-20 14:08:26,469 - src.base.trainer - INFO - Epoch [243/250] (38796) train_mae: 2.6662, val_mae: 3.2683, lr: 0.000002, 6.2s
2026-05-20 14:08:26,470 - src.base.trainer - INFO - Val loss decrease from 3.2699 to 3.2683, saving to True
2026-05-20 14:08:27,711 - src.base.trainer - INFO - Epoch [244/250] (38800) train_mae: 2.7936, val_mae: 3.2681 
2026-05-20 14:08:27,713 - src.base.trainer - INFO - Val loss decrease from 3.2683 to 3.2681, saving to True
2026-05-20 14:08:33,767 - src.base.trainer - INFO - epoch complete
2026-05-20 14:08:33,767 - src.base.trainer - INFO - evaluating now!
2026-05-20 14:08:34,881 - src.base.trainer - INFO - Epoch [244/250] (38955) train_mae: 2.6649, val_mae: 3.2671, lr: 0.000002, 7.3s
2026-05-20 14:08:34,882 - src.base.trainer - INFO - Val loss decrease from 3.2681 to 3.2671, saving to True
2026-05-20 14:08:41,186 - src.base.trainer - INFO - epoch complete
2026-05-20 14:08:41,187 - src.base.trainer - INFO - evaluating now!
2026-05-20 14:08:42,276 - src.base.trainer - INFO - Epoch [245/250] (39114) train_mae: 2.6659, val_mae: 3.2658, lr: 0.000002, 6.3s
2026-05-20 14:08:42,279 - src.base.trainer - INFO - Val loss decrease from 3.2671 to 3.2658, saving to True
2026-05-20 14:08:46,980 - src.base.trainer - INFO - Epoch [246/250] (39200) train_mae: 2.7009, val_mae: 3.2655 
2026-05-20 14:08:46,982 - src.base.trainer - INFO - Val loss decrease from 3.2658 to 3.2655, saving to True
2026-05-20 14:08:49,786 - src.base.trainer - INFO - epoch complete
2026-05-20 14:08:49,786 - src.base.trainer - INFO - evaluating now!
2026-05-20 14:08:50,859 - src.base.trainer - INFO - Epoch [246/250] (39273) train_mae: 2.6625, val_mae: 3.2647, lr: 0.000002, 7.5s
2026-05-20 14:08:50,861 - src.base.trainer - INFO - Val loss decrease from 3.2655 to 3.2647, saving to True
2026-05-20 14:08:57,127 - src.base.trainer - INFO - epoch complete
2026-05-20 14:08:57,127 - src.base.trainer - INFO - evaluating now!
2026-05-20 14:08:58,329 - src.base.trainer - INFO - Epoch [247/250] (39432) train_mae: 2.6634, val_mae: 3.2629, lr: 0.000002, 6.3s
2026-05-20 14:08:58,334 - src.base.trainer - INFO - Val loss decrease from 3.2647 to 3.2629, saving to True
2026-05-20 14:09:04,849 - src.base.trainer - INFO - epoch complete
2026-05-20 14:09:04,849 - src.base.trainer - INFO - evaluating now!
2026-05-20 14:09:05,922 - src.base.trainer - INFO - Epoch [248/250] (39591) train_mae: 2.6618, val_mae: 3.2621, lr: 0.000002, 6.5s
2026-05-20 14:09:05,923 - src.base.trainer - INFO - Val loss decrease from 3.2629 to 3.2621, saving to True
2026-05-20 14:09:07,326 - src.base.trainer - INFO - Epoch [249/250] (39600) train_mae: 2.6954, val_mae: 3.2618 
2026-05-20 14:09:07,327 - src.base.trainer - INFO - Val loss decrease from 3.2621 to 3.2618, saving to True
2026-05-20 14:09:12,989 - src.base.trainer - INFO - epoch complete
2026-05-20 14:09:12,989 - src.base.trainer - INFO - evaluating now!
2026-05-20 14:09:14,168 - src.base.trainer - INFO - Epoch [249/250] (39750) train_mae: 2.6611, val_mae: 3.2606, lr: 0.000002, 7.1s
2026-05-20 14:09:14,170 - src.base.trainer - INFO - Val loss decrease from 3.2618 to 3.2606, saving to True
