2026-05-15 17:33:31,620 - src.base.trainer - INFO - the number of parameters: 68251
2026-05-15 17:33:31,621 - src.base.trainer - INFO - start training !!!!!
2026-05-15 17:33:37,775 - src.base.trainer - INFO - epoch complete
2026-05-15 17:33:37,775 - src.base.trainer - INFO - evaluating now!
2026-05-15 17:33:38,408 - src.base.trainer - INFO - Epoch [0/250] (159) train_mae: 16.3636, val_mae: 14.7369, lr: 0.000010, 6.2s
2026-05-15 17:33:38,416 - src.base.trainer - INFO - Val loss decrease from inf to 14.7369, saving to True
2026-05-15 17:33:44,382 - src.base.trainer - INFO - epoch complete
2026-05-15 17:33:44,382 - src.base.trainer - INFO - evaluating now!
2026-05-15 17:33:45,015 - src.base.trainer - INFO - Epoch [1/250] (318) train_mae: 11.8529, val_mae: 13.0682, lr: 0.000010, 6.0s
2026-05-15 17:33:45,017 - src.base.trainer - INFO - Val loss decrease from 14.7369 to 13.0682, saving to True
2026-05-15 17:33:48,822 - src.base.trainer - INFO - Epoch [2/250] (400) train_mae: 10.4940, val_mae: 12.6385 
2026-05-15 17:33:48,828 - src.base.trainer - INFO - Val loss decrease from 13.0682 to 12.6385, saving to True
2026-05-15 17:33:51,839 - src.base.trainer - INFO - epoch complete
2026-05-15 17:33:51,839 - src.base.trainer - INFO - evaluating now!
2026-05-15 17:33:52,471 - src.base.trainer - INFO - Epoch [2/250] (477) train_mae: 10.1762, val_mae: 12.4902, lr: 0.000010, 6.8s
2026-05-15 17:33:52,473 - src.base.trainer - INFO - Val loss decrease from 12.6385 to 12.4902, saving to True
2026-05-15 17:33:58,505 - src.base.trainer - INFO - epoch complete
2026-05-15 17:33:58,506 - src.base.trainer - INFO - evaluating now!
2026-05-15 17:33:59,140 - src.base.trainer - INFO - Epoch [3/250] (636) train_mae: 9.6670, val_mae: 12.1440, lr: 0.000010, 6.0s
2026-05-15 17:33:59,141 - src.base.trainer - INFO - Val loss decrease from 12.4902 to 12.1440, saving to True
2026-05-15 17:34:05,156 - src.base.trainer - INFO - epoch complete
2026-05-15 17:34:05,156 - src.base.trainer - INFO - evaluating now!
2026-05-15 17:34:05,791 - src.base.trainer - INFO - Epoch [4/250] (795) train_mae: 9.4073, val_mae: 11.8286, lr: 0.000010, 6.0s
2026-05-15 17:34:05,793 - src.base.trainer - INFO - Val loss decrease from 12.1440 to 11.8286, saving to True
2026-05-15 17:34:06,718 - src.base.trainer - INFO - Epoch [5/250] (800) train_mae: 10.0354, val_mae: 11.8085 
2026-05-15 17:34:06,719 - src.base.trainer - INFO - Val loss decrease from 11.8286 to 11.8085, saving to True
2026-05-15 17:34:12,695 - src.base.trainer - INFO - epoch complete
2026-05-15 17:34:12,695 - src.base.trainer - INFO - evaluating now!
2026-05-15 17:34:13,333 - src.base.trainer - INFO - Epoch [5/250] (954) train_mae: 9.1267, val_mae: 11.4353, lr: 0.000010, 6.9s
2026-05-15 17:34:13,335 - src.base.trainer - INFO - Val loss decrease from 11.8085 to 11.4353, saving to True
2026-05-15 17:34:19,514 - src.base.trainer - INFO - epoch complete
2026-05-15 17:34:19,514 - src.base.trainer - INFO - evaluating now!
2026-05-15 17:34:20,151 - src.base.trainer - INFO - Epoch [6/250] (1113) train_mae: 8.8332, val_mae: 11.0500, lr: 0.000010, 6.2s
2026-05-15 17:34:20,153 - src.base.trainer - INFO - Val loss decrease from 11.4353 to 11.0500, saving to True
2026-05-15 17:34:24,281 - src.base.trainer - INFO - Epoch [7/250] (1200) train_mae: 8.7034, val_mae: 10.8151 
2026-05-15 17:34:24,283 - src.base.trainer - INFO - Val loss decrease from 11.0500 to 10.8151, saving to True
2026-05-15 17:34:27,134 - src.base.trainer - INFO - epoch complete
2026-05-15 17:34:27,134 - src.base.trainer - INFO - evaluating now!
2026-05-15 17:34:27,773 - src.base.trainer - INFO - Epoch [7/250] (1272) train_mae: 8.5108, val_mae: 10.6769, lr: 0.000010, 7.0s
2026-05-15 17:34:27,774 - src.base.trainer - INFO - Val loss decrease from 10.8151 to 10.6769, saving to True
2026-05-15 17:34:33,853 - src.base.trainer - INFO - epoch complete
2026-05-15 17:34:33,853 - src.base.trainer - INFO - evaluating now!
2026-05-15 17:34:34,488 - src.base.trainer - INFO - Epoch [8/250] (1431) train_mae: 8.1570, val_mae: 10.2191, lr: 0.000010, 6.1s
2026-05-15 17:34:34,490 - src.base.trainer - INFO - Val loss decrease from 10.6769 to 10.2191, saving to True
2026-05-15 17:34:40,577 - src.base.trainer - INFO - epoch complete
2026-05-15 17:34:40,577 - src.base.trainer - INFO - evaluating now!
2026-05-15 17:34:41,319 - src.base.trainer - INFO - Epoch [9/250] (1590) train_mae: 7.7970, val_mae: 9.7860, lr: 0.000010, 6.1s
2026-05-15 17:34:41,321 - src.base.trainer - INFO - Val loss decrease from 10.2191 to 9.7860, saving to True
2026-05-15 17:34:42,489 - src.base.trainer - INFO - Epoch [10/250] (1600) train_mae: 7.5111, val_mae: 9.7492 
2026-05-15 17:34:42,492 - src.base.trainer - INFO - Val loss decrease from 9.7860 to 9.7492, saving to True
2026-05-15 17:34:48,258 - src.base.trainer - INFO - epoch complete
2026-05-15 17:34:48,258 - src.base.trainer - INFO - evaluating now!
2026-05-15 17:34:48,894 - src.base.trainer - INFO - Epoch [10/250] (1749) train_mae: 7.4328, val_mae: 9.3492, lr: 0.000010, 6.9s
2026-05-15 17:34:48,896 - src.base.trainer - INFO - Val loss decrease from 9.7492 to 9.3492, saving to True
2026-05-15 17:34:54,969 - src.base.trainer - INFO - epoch complete
2026-05-15 17:34:54,969 - src.base.trainer - INFO - evaluating now!
2026-05-15 17:34:55,610 - src.base.trainer - INFO - Epoch [11/250] (1908) train_mae: 7.0862, val_mae: 8.9120, lr: 0.000010, 6.1s
2026-05-15 17:34:55,612 - src.base.trainer - INFO - Val loss decrease from 9.3492 to 8.9120, saving to True
2026-05-15 17:34:59,845 - src.base.trainer - INFO - Epoch [12/250] (2000) train_mae: 6.8566, val_mae: 8.6639 
2026-05-15 17:34:59,847 - src.base.trainer - INFO - Val loss decrease from 8.9120 to 8.6639, saving to True
2026-05-15 17:35:02,499 - src.base.trainer - INFO - epoch complete
2026-05-15 17:35:02,499 - src.base.trainer - INFO - evaluating now!
2026-05-15 17:35:03,139 - src.base.trainer - INFO - Epoch [12/250] (2067) train_mae: 6.7569, val_mae: 8.5132, lr: 0.000010, 6.9s
2026-05-15 17:35:03,141 - src.base.trainer - INFO - Val loss decrease from 8.6639 to 8.5132, saving to True
2026-05-15 17:35:09,201 - src.base.trainer - INFO - epoch complete
2026-05-15 17:35:09,201 - src.base.trainer - INFO - evaluating now!
2026-05-15 17:35:09,833 - src.base.trainer - INFO - Epoch [13/250] (2226) train_mae: 6.4784, val_mae: 8.1843, lr: 0.000010, 6.1s
2026-05-15 17:35:09,835 - src.base.trainer - INFO - Val loss decrease from 8.5132 to 8.1843, saving to True
2026-05-15 17:35:15,906 - src.base.trainer - INFO - epoch complete
2026-05-15 17:35:15,907 - src.base.trainer - INFO - evaluating now!
2026-05-15 17:35:16,544 - src.base.trainer - INFO - Epoch [14/250] (2385) train_mae: 6.2395, val_mae: 7.9039, lr: 0.000010, 6.1s
2026-05-15 17:35:16,545 - src.base.trainer - INFO - Val loss decrease from 8.1843 to 7.9039, saving to True
2026-05-15 17:35:17,941 - src.base.trainer - INFO - Epoch [15/250] (2400) train_mae: 6.5096, val_mae: 7.8697 
2026-05-15 17:35:17,943 - src.base.trainer - INFO - Val loss decrease from 7.9039 to 7.8697, saving to True
2026-05-15 17:35:23,483 - src.base.trainer - INFO - epoch complete
2026-05-15 17:35:23,483 - src.base.trainer - INFO - evaluating now!
2026-05-15 17:35:24,121 - src.base.trainer - INFO - Epoch [15/250] (2544) train_mae: 6.0360, val_mae: 7.6604, lr: 0.000010, 6.9s
2026-05-15 17:35:24,122 - src.base.trainer - INFO - Val loss decrease from 7.8697 to 7.6604, saving to True
2026-05-15 17:35:30,183 - src.base.trainer - INFO - epoch complete
2026-05-15 17:35:30,183 - src.base.trainer - INFO - evaluating now!
2026-05-15 17:35:30,822 - src.base.trainer - INFO - Epoch [16/250] (2703) train_mae: 5.8703, val_mae: 7.4626, lr: 0.000010, 6.1s
2026-05-15 17:35:30,824 - src.base.trainer - INFO - Val loss decrease from 7.6604 to 7.4626, saving to True
2026-05-15 17:35:35,240 - src.base.trainer - INFO - Epoch [17/250] (2800) train_mae: 5.6762, val_mae: 7.3530 
2026-05-15 17:35:35,241 - src.base.trainer - INFO - Val loss decrease from 7.4626 to 7.3530, saving to True
2026-05-15 17:35:37,920 - src.base.trainer - INFO - epoch complete
2026-05-15 17:35:37,920 - src.base.trainer - INFO - evaluating now!
2026-05-15 17:35:38,559 - src.base.trainer - INFO - Epoch [17/250] (2862) train_mae: 5.7280, val_mae: 7.2881, lr: 0.000010, 7.1s
2026-05-15 17:35:38,561 - src.base.trainer - INFO - Val loss decrease from 7.3530 to 7.2881, saving to True
2026-05-15 17:35:44,687 - src.base.trainer - INFO - epoch complete
2026-05-15 17:35:44,687 - src.base.trainer - INFO - evaluating now!
2026-05-15 17:35:45,325 - src.base.trainer - INFO - Epoch [18/250] (3021) train_mae: 5.6081, val_mae: 7.1340, lr: 0.000010, 6.1s
2026-05-15 17:35:45,327 - src.base.trainer - INFO - Val loss decrease from 7.2881 to 7.1340, saving to True
2026-05-15 17:35:51,452 - src.base.trainer - INFO - epoch complete
2026-05-15 17:35:51,452 - src.base.trainer - INFO - evaluating now!
2026-05-15 17:35:52,091 - src.base.trainer - INFO - Epoch [19/250] (3180) train_mae: 5.4928, val_mae: 6.9899, lr: 0.000010, 6.1s
2026-05-15 17:35:52,093 - src.base.trainer - INFO - Val loss decrease from 7.1340 to 6.9899, saving to True
2026-05-15 17:35:53,728 - src.base.trainer - INFO - Epoch [20/250] (3200) train_mae: 5.8440, val_mae: 6.9741 
2026-05-15 17:35:53,730 - src.base.trainer - INFO - Val loss decrease from 6.9899 to 6.9741, saving to True
2026-05-15 17:35:59,087 - src.base.trainer - INFO - epoch complete
2026-05-15 17:35:59,087 - src.base.trainer - INFO - evaluating now!
2026-05-15 17:35:59,726 - src.base.trainer - INFO - Epoch [20/250] (3339) train_mae: 5.3907, val_mae: 6.8599, lr: 0.000010, 7.0s
2026-05-15 17:35:59,728 - src.base.trainer - INFO - Val loss decrease from 6.9741 to 6.8599, saving to True
2026-05-15 17:36:05,893 - src.base.trainer - INFO - epoch complete
2026-05-15 17:36:05,893 - src.base.trainer - INFO - evaluating now!
2026-05-15 17:36:06,531 - src.base.trainer - INFO - Epoch [21/250] (3498) train_mae: 5.2916, val_mae: 6.7321, lr: 0.000010, 6.2s
2026-05-15 17:36:06,533 - src.base.trainer - INFO - Val loss decrease from 6.8599 to 6.7321, saving to True
2026-05-15 17:36:11,677 - src.base.trainer - INFO - Epoch [22/250] (3600) train_mae: 5.1968, val_mae: 6.6537 
2026-05-15 17:36:11,679 - src.base.trainer - INFO - Val loss decrease from 6.7321 to 6.6537, saving to True
2026-05-15 17:36:14,033 - src.base.trainer - INFO - epoch complete
2026-05-15 17:36:14,033 - src.base.trainer - INFO - evaluating now!
2026-05-15 17:36:14,689 - src.base.trainer - INFO - Epoch [22/250] (3657) train_mae: 5.2001, val_mae: 6.6101, lr: 0.000010, 7.5s
2026-05-15 17:36:14,691 - src.base.trainer - INFO - Val loss decrease from 6.6537 to 6.6101, saving to True
2026-05-15 17:36:20,940 - src.base.trainer - INFO - epoch complete
2026-05-15 17:36:20,940 - src.base.trainer - INFO - evaluating now!
2026-05-15 17:36:21,585 - src.base.trainer - INFO - Epoch [23/250] (3816) train_mae: 5.1113, val_mae: 6.4939, lr: 0.000010, 6.2s
2026-05-15 17:36:21,587 - src.base.trainer - INFO - Val loss decrease from 6.6101 to 6.4939, saving to True
2026-05-15 17:36:27,678 - src.base.trainer - INFO - epoch complete
2026-05-15 17:36:27,679 - src.base.trainer - INFO - evaluating now!
2026-05-15 17:36:28,317 - src.base.trainer - INFO - Epoch [24/250] (3975) train_mae: 5.0269, val_mae: 6.3798, lr: 0.000010, 6.1s
2026-05-15 17:36:28,318 - src.base.trainer - INFO - Val loss decrease from 6.4939 to 6.3798, saving to True
2026-05-15 17:36:30,129 - src.base.trainer - INFO - Epoch [25/250] (4000) train_mae: 4.8203, val_mae: 6.3619 
2026-05-15 17:36:30,131 - src.base.trainer - INFO - Val loss decrease from 6.3798 to 6.3619, saving to True
2026-05-15 17:36:35,355 - src.base.trainer - INFO - epoch complete
2026-05-15 17:36:35,355 - src.base.trainer - INFO - evaluating now!
2026-05-15 17:36:35,994 - src.base.trainer - INFO - Epoch [25/250] (4134) train_mae: 4.9417, val_mae: 6.2671, lr: 0.000010, 7.0s
2026-05-15 17:36:35,995 - src.base.trainer - INFO - Val loss decrease from 6.3619 to 6.2671, saving to True
2026-05-15 17:36:42,164 - src.base.trainer - INFO - epoch complete
2026-05-15 17:36:42,164 - src.base.trainer - INFO - evaluating now!
2026-05-15 17:36:42,827 - src.base.trainer - INFO - Epoch [26/250] (4293) train_mae: 4.8600, val_mae: 6.1555, lr: 0.000010, 6.2s
2026-05-15 17:36:42,829 - src.base.trainer - INFO - Val loss decrease from 6.2671 to 6.1555, saving to True
2026-05-15 17:36:47,840 - src.base.trainer - INFO - Epoch [27/250] (4400) train_mae: 4.8357, val_mae: 6.0792 
2026-05-15 17:36:47,841 - src.base.trainer - INFO - Val loss decrease from 6.1555 to 6.0792, saving to True
2026-05-15 17:36:50,249 - src.base.trainer - INFO - epoch complete
2026-05-15 17:36:50,249 - src.base.trainer - INFO - evaluating now!
2026-05-15 17:36:50,936 - src.base.trainer - INFO - Epoch [27/250] (4452) train_mae: 4.7816, val_mae: 6.0458, lr: 0.000010, 7.4s
2026-05-15 17:36:50,938 - src.base.trainer - INFO - Val loss decrease from 6.0792 to 6.0458, saving to True
2026-05-15 17:36:57,298 - src.base.trainer - INFO - epoch complete
2026-05-15 17:36:57,298 - src.base.trainer - INFO - evaluating now!
2026-05-15 17:36:57,936 - src.base.trainer - INFO - Epoch [28/250] (4611) train_mae: 4.7016, val_mae: 5.9359, lr: 0.000010, 6.4s
2026-05-15 17:36:57,937 - src.base.trainer - INFO - Val loss decrease from 6.0458 to 5.9359, saving to True
2026-05-15 17:37:04,290 - src.base.trainer - INFO - epoch complete
2026-05-15 17:37:04,290 - src.base.trainer - INFO - evaluating now!
2026-05-15 17:37:04,928 - src.base.trainer - INFO - Epoch [29/250] (4770) train_mae: 4.6288, val_mae: 5.8321, lr: 0.000010, 6.4s
2026-05-15 17:37:04,930 - src.base.trainer - INFO - Val loss decrease from 5.9359 to 5.8321, saving to True
2026-05-15 17:37:07,349 - src.base.trainer - INFO - Epoch [30/250] (4800) train_mae: 4.6268, val_mae: 5.8131 
2026-05-15 17:37:07,351 - src.base.trainer - INFO - Val loss decrease from 5.8321 to 5.8131, saving to True
2026-05-15 17:37:13,211 - src.base.trainer - INFO - epoch complete
2026-05-15 17:37:13,212 - src.base.trainer - INFO - evaluating now!
2026-05-15 17:37:13,976 - src.base.trainer - INFO - Epoch [30/250] (4929) train_mae: 4.5520, val_mae: 5.7289, lr: 0.000010, 8.3s
2026-05-15 17:37:13,978 - src.base.trainer - INFO - Val loss decrease from 5.8131 to 5.7289, saving to True
2026-05-15 17:37:20,536 - src.base.trainer - INFO - epoch complete
2026-05-15 17:37:20,536 - src.base.trainer - INFO - evaluating now!
2026-05-15 17:37:21,253 - src.base.trainer - INFO - Epoch [31/250] (5088) train_mae: 4.4748, val_mae: 5.6209, lr: 0.000010, 6.6s
2026-05-15 17:37:21,255 - src.base.trainer - INFO - Val loss decrease from 5.7289 to 5.6209, saving to True
2026-05-15 17:37:26,767 - src.base.trainer - INFO - Epoch [32/250] (5200) train_mae: 4.3988, val_mae: 5.5474 
2026-05-15 17:37:26,769 - src.base.trainer - INFO - Val loss decrease from 5.6209 to 5.5474, saving to True
2026-05-15 17:37:29,128 - src.base.trainer - INFO - epoch complete
2026-05-15 17:37:29,128 - src.base.trainer - INFO - evaluating now!
2026-05-15 17:37:29,845 - src.base.trainer - INFO - Epoch [32/250] (5247) train_mae: 4.3985, val_mae: 5.5177, lr: 0.000010, 7.9s
2026-05-15 17:37:29,847 - src.base.trainer - INFO - Val loss decrease from 5.5474 to 5.5177, saving to True
2026-05-15 17:37:36,714 - src.base.trainer - INFO - epoch complete
2026-05-15 17:37:36,715 - src.base.trainer - INFO - evaluating now!
2026-05-15 17:37:37,464 - src.base.trainer - INFO - Epoch [33/250] (5406) train_mae: 4.3276, val_mae: 5.4203, lr: 0.000010, 6.9s
2026-05-15 17:37:37,466 - src.base.trainer - INFO - Val loss decrease from 5.5177 to 5.4203, saving to True
2026-05-15 17:37:44,384 - src.base.trainer - INFO - epoch complete
2026-05-15 17:37:44,384 - src.base.trainer - INFO - evaluating now!
2026-05-15 17:37:45,139 - src.base.trainer - INFO - Epoch [34/250] (5565) train_mae: 4.2551, val_mae: 5.3219, lr: 0.000010, 6.9s
2026-05-15 17:37:45,141 - src.base.trainer - INFO - Val loss decrease from 5.4203 to 5.3219, saving to True
2026-05-15 17:37:47,878 - src.base.trainer - INFO - Epoch [35/250] (5600) train_mae: 4.1821, val_mae: 5.3008 
2026-05-15 17:37:47,880 - src.base.trainer - INFO - Val loss decrease from 5.3219 to 5.3008, saving to True
2026-05-15 17:37:53,177 - src.base.trainer - INFO - epoch complete
2026-05-15 17:37:53,177 - src.base.trainer - INFO - evaluating now!
2026-05-15 17:37:53,884 - src.base.trainer - INFO - Epoch [35/250] (5724) train_mae: 4.1869, val_mae: 5.2274, lr: 0.000010, 8.0s
2026-05-15 17:37:53,886 - src.base.trainer - INFO - Val loss decrease from 5.3008 to 5.2274, saving to True
2026-05-15 17:38:00,475 - src.base.trainer - INFO - epoch complete
2026-05-15 17:38:00,475 - src.base.trainer - INFO - evaluating now!
2026-05-15 17:38:01,191 - src.base.trainer - INFO - Epoch [36/250] (5883) train_mae: 4.1178, val_mae: 5.1347, lr: 0.000010, 6.6s
2026-05-15 17:38:01,193 - src.base.trainer - INFO - Val loss decrease from 5.2274 to 5.1347, saving to True
2026-05-15 17:38:06,997 - src.base.trainer - INFO - Epoch [37/250] (6000) train_mae: 4.0505, val_mae: 5.0690 
2026-05-15 17:38:06,999 - src.base.trainer - INFO - Val loss decrease from 5.1347 to 5.0690, saving to True
2026-05-15 17:38:09,386 - src.base.trainer - INFO - epoch complete
2026-05-15 17:38:09,386 - src.base.trainer - INFO - evaluating now!
2026-05-15 17:38:10,120 - src.base.trainer - INFO - Epoch [37/250] (6042) train_mae: 4.0529, val_mae: 5.0473, lr: 0.000010, 8.2s
2026-05-15 17:38:10,122 - src.base.trainer - INFO - Val loss decrease from 5.0690 to 5.0473, saving to True
2026-05-15 17:38:16,785 - src.base.trainer - INFO - epoch complete
2026-05-15 17:38:16,785 - src.base.trainer - INFO - evaluating now!
2026-05-15 17:38:17,500 - src.base.trainer - INFO - Epoch [38/250] (6201) train_mae: 3.9904, val_mae: 4.9632, lr: 0.000010, 6.7s
2026-05-15 17:38:17,502 - src.base.trainer - INFO - Val loss decrease from 5.0473 to 4.9632, saving to True
2026-05-15 17:38:24,114 - src.base.trainer - INFO - epoch complete
2026-05-15 17:38:24,114 - src.base.trainer - INFO - evaluating now!
2026-05-15 17:38:24,829 - src.base.trainer - INFO - Epoch [39/250] (6360) train_mae: 3.9322, val_mae: 4.8844, lr: 0.000010, 6.6s
2026-05-15 17:38:24,831 - src.base.trainer - INFO - Val loss decrease from 4.9632 to 4.8844, saving to True
2026-05-15 17:38:27,652 - src.base.trainer - INFO - Epoch [40/250] (6400) train_mae: 3.9589, val_mae: 4.8661 
2026-05-15 17:38:27,654 - src.base.trainer - INFO - Val loss decrease from 4.8844 to 4.8661, saving to True
2026-05-15 17:38:32,647 - src.base.trainer - INFO - epoch complete
2026-05-15 17:38:32,647 - src.base.trainer - INFO - evaluating now!
2026-05-15 17:38:33,352 - src.base.trainer - INFO - Epoch [40/250] (6519) train_mae: 3.8757, val_mae: 4.8111, lr: 0.000010, 7.8s
2026-05-15 17:38:33,354 - src.base.trainer - INFO - Val loss decrease from 4.8661 to 4.8111, saving to True
2026-05-15 17:38:39,960 - src.base.trainer - INFO - epoch complete
2026-05-15 17:38:39,961 - src.base.trainer - INFO - evaluating now!
2026-05-15 17:38:40,677 - src.base.trainer - INFO - Epoch [41/250] (6678) train_mae: 3.8261, val_mae: 4.7428, lr: 0.000010, 6.6s
2026-05-15 17:38:40,679 - src.base.trainer - INFO - Val loss decrease from 4.8111 to 4.7428, saving to True
2026-05-15 17:38:46,546 - src.base.trainer - INFO - Epoch [42/250] (6800) train_mae: 3.8101, val_mae: 4.6926 
2026-05-15 17:38:46,548 - src.base.trainer - INFO - Val loss decrease from 4.7428 to 4.6926, saving to True
2026-05-15 17:38:48,481 - src.base.trainer - INFO - epoch complete
2026-05-15 17:38:48,481 - src.base.trainer - INFO - evaluating now!
2026-05-15 17:38:49,255 - src.base.trainer - INFO - Epoch [42/250] (6837) train_mae: 3.7790, val_mae: 4.6804, lr: 0.000010, 7.8s
2026-05-15 17:38:49,257 - src.base.trainer - INFO - Val loss decrease from 4.6926 to 4.6804, saving to True
2026-05-15 17:38:55,735 - src.base.trainer - INFO - epoch complete
2026-05-15 17:38:55,735 - src.base.trainer - INFO - evaluating now!
2026-05-15 17:38:56,461 - src.base.trainer - INFO - Epoch [43/250] (6996) train_mae: 3.7339, val_mae: 4.6204, lr: 0.000010, 6.5s
2026-05-15 17:38:56,463 - src.base.trainer - INFO - Val loss decrease from 4.6804 to 4.6204, saving to True
2026-05-15 17:39:03,027 - src.base.trainer - INFO - epoch complete
2026-05-15 17:39:03,027 - src.base.trainer - INFO - evaluating now!
2026-05-15 17:39:03,738 - src.base.trainer - INFO - Epoch [44/250] (7155) train_mae: 3.6942, val_mae: 4.5668, lr: 0.000010, 6.6s
2026-05-15 17:39:03,740 - src.base.trainer - INFO - Val loss decrease from 4.6204 to 4.5668, saving to True
2026-05-15 17:39:06,724 - src.base.trainer - INFO - Epoch [45/250] (7200) train_mae: 3.6149, val_mae: 4.5520 
2026-05-15 17:39:06,725 - src.base.trainer - INFO - Val loss decrease from 4.5668 to 4.5520, saving to True
2026-05-15 17:39:11,562 - src.base.trainer - INFO - epoch complete
2026-05-15 17:39:11,562 - src.base.trainer - INFO - evaluating now!
2026-05-15 17:39:12,319 - src.base.trainer - INFO - Epoch [45/250] (7314) train_mae: 3.6552, val_mae: 4.5175, lr: 0.000010, 7.8s
2026-05-15 17:39:12,321 - src.base.trainer - INFO - Val loss decrease from 4.5520 to 4.5175, saving to True
2026-05-15 17:39:18,847 - src.base.trainer - INFO - epoch complete
2026-05-15 17:39:18,848 - src.base.trainer - INFO - evaluating now!
2026-05-15 17:39:19,564 - src.base.trainer - INFO - Epoch [46/250] (7473) train_mae: 3.6206, val_mae: 4.4718, lr: 0.000010, 6.5s
2026-05-15 17:39:19,566 - src.base.trainer - INFO - Val loss decrease from 4.5175 to 4.4718, saving to True
2026-05-15 17:39:25,670 - src.base.trainer - INFO - Epoch [47/250] (7600) train_mae: 3.6189, val_mae: 4.4375 
2026-05-15 17:39:25,672 - src.base.trainer - INFO - Val loss decrease from 4.4718 to 4.4375, saving to True
2026-05-15 17:39:27,352 - src.base.trainer - INFO - epoch complete
2026-05-15 17:39:27,353 - src.base.trainer - INFO - evaluating now!
2026-05-15 17:39:28,210 - src.base.trainer - INFO - Epoch [47/250] (7632) train_mae: 3.5861, val_mae: 4.4293, lr: 0.000010, 7.8s
2026-05-15 17:39:28,212 - src.base.trainer - INFO - Val loss decrease from 4.4375 to 4.4293, saving to True
2026-05-15 17:39:34,672 - src.base.trainer - INFO - epoch complete
2026-05-15 17:39:34,672 - src.base.trainer - INFO - evaluating now!
2026-05-15 17:39:35,383 - src.base.trainer - INFO - Epoch [48/250] (7791) train_mae: 3.5577, val_mae: 4.3894, lr: 0.000010, 6.5s
2026-05-15 17:39:35,385 - src.base.trainer - INFO - Val loss decrease from 4.4293 to 4.3894, saving to True
2026-05-15 17:39:41,862 - src.base.trainer - INFO - epoch complete
2026-05-15 17:39:41,862 - src.base.trainer - INFO - evaluating now!
2026-05-15 17:39:42,568 - src.base.trainer - INFO - Epoch [49/250] (7950) train_mae: 3.5281, val_mae: 4.3539, lr: 0.000010, 6.5s
2026-05-15 17:39:42,570 - src.base.trainer - INFO - Val loss decrease from 4.3894 to 4.3539, saving to True
2026-05-15 17:39:45,725 - src.base.trainer - INFO - Epoch [50/250] (8000) train_mae: 3.5664, val_mae: 4.3436 
2026-05-15 17:39:45,727 - src.base.trainer - INFO - Val loss decrease from 4.3539 to 4.3436, saving to True
2026-05-15 17:39:50,367 - src.base.trainer - INFO - epoch complete
2026-05-15 17:39:50,367 - src.base.trainer - INFO - evaluating now!
2026-05-15 17:39:51,081 - src.base.trainer - INFO - Epoch [50/250] (8109) train_mae: 3.5020, val_mae: 4.3191, lr: 0.000010, 7.8s
2026-05-15 17:39:51,083 - src.base.trainer - INFO - Val loss decrease from 4.3436 to 4.3191, saving to True
2026-05-15 17:39:57,722 - src.base.trainer - INFO - epoch complete
2026-05-15 17:39:57,722 - src.base.trainer - INFO - evaluating now!
2026-05-15 17:39:58,437 - src.base.trainer - INFO - Epoch [51/250] (8268) train_mae: 3.4755, val_mae: 4.2876, lr: 0.000010, 6.6s
2026-05-15 17:39:58,438 - src.base.trainer - INFO - Val loss decrease from 4.3191 to 4.2876, saving to True
2026-05-15 17:40:04,698 - src.base.trainer - INFO - Epoch [52/250] (8400) train_mae: 3.4503, val_mae: 4.2634 
2026-05-15 17:40:04,700 - src.base.trainer - INFO - Val loss decrease from 4.2876 to 4.2634, saving to True
2026-05-15 17:40:06,077 - src.base.trainer - INFO - epoch complete
2026-05-15 17:40:06,078 - src.base.trainer - INFO - evaluating now!
2026-05-15 17:40:07,056 - src.base.trainer - INFO - Epoch [52/250] (8427) train_mae: 3.4536, val_mae: 4.2579, lr: 0.000010, 7.6s
2026-05-15 17:40:07,058 - src.base.trainer - INFO - Val loss decrease from 4.2634 to 4.2579, saving to True
2026-05-15 17:40:13,774 - src.base.trainer - INFO - epoch complete
2026-05-15 17:40:13,774 - src.base.trainer - INFO - evaluating now!
2026-05-15 17:40:14,486 - src.base.trainer - INFO - Epoch [53/250] (8586) train_mae: 3.4299, val_mae: 4.2309, lr: 0.000010, 6.7s
2026-05-15 17:40:14,490 - src.base.trainer - INFO - Val loss decrease from 4.2579 to 4.2309, saving to True
2026-05-15 17:40:20,984 - src.base.trainer - INFO - epoch complete
2026-05-15 17:40:20,985 - src.base.trainer - INFO - evaluating now!
2026-05-15 17:40:21,721 - src.base.trainer - INFO - Epoch [54/250] (8745) train_mae: 3.4103, val_mae: 4.2039, lr: 0.000010, 6.5s
2026-05-15 17:40:21,723 - src.base.trainer - INFO - Val loss decrease from 4.2309 to 4.2039, saving to True
2026-05-15 17:40:25,167 - src.base.trainer - INFO - Epoch [55/250] (8800) train_mae: 3.4501, val_mae: 4.1947 
2026-05-15 17:40:25,168 - src.base.trainer - INFO - Val loss decrease from 4.2039 to 4.1947, saving to True
2026-05-15 17:40:29,636 - src.base.trainer - INFO - epoch complete
2026-05-15 17:40:29,636 - src.base.trainer - INFO - evaluating now!
2026-05-15 17:40:30,330 - src.base.trainer - INFO - Epoch [55/250] (8904) train_mae: 3.3897, val_mae: 4.1790, lr: 0.000010, 7.9s
2026-05-15 17:40:30,332 - src.base.trainer - INFO - Val loss decrease from 4.1947 to 4.1790, saving to True
2026-05-15 17:40:38,120 - src.base.trainer - INFO - epoch complete
2026-05-15 17:40:38,120 - src.base.trainer - INFO - evaluating now!
2026-05-15 17:40:38,912 - src.base.trainer - INFO - Epoch [56/250] (9063) train_mae: 3.3708, val_mae: 4.1554, lr: 0.000010, 7.8s
2026-05-15 17:40:38,914 - src.base.trainer - INFO - Val loss decrease from 4.1790 to 4.1554, saving to True
2026-05-15 17:40:45,347 - src.base.trainer - INFO - Epoch [57/250] (9200) train_mae: 3.3442, val_mae: 4.1361 
2026-05-15 17:40:45,349 - src.base.trainer - INFO - Val loss decrease from 4.1554 to 4.1361, saving to True
2026-05-15 17:40:46,352 - src.base.trainer - INFO - epoch complete
2026-05-15 17:40:46,352 - src.base.trainer - INFO - evaluating now!
2026-05-15 17:40:47,415 - src.base.trainer - INFO - Epoch [57/250] (9222) train_mae: 3.3530, val_mae: 4.1329, lr: 0.000010, 7.4s
2026-05-15 17:40:47,417 - src.base.trainer - INFO - Val loss decrease from 4.1361 to 4.1329, saving to True
2026-05-15 17:40:53,988 - src.base.trainer - INFO - epoch complete
2026-05-15 17:40:53,988 - src.base.trainer - INFO - evaluating now!
2026-05-15 17:40:54,705 - src.base.trainer - INFO - Epoch [58/250] (9381) train_mae: 3.3359, val_mae: 4.1120, lr: 0.000010, 6.6s
2026-05-15 17:40:54,707 - src.base.trainer - INFO - Val loss decrease from 4.1329 to 4.1120, saving to True
2026-05-15 17:41:01,349 - src.base.trainer - INFO - epoch complete
2026-05-15 17:41:01,349 - src.base.trainer - INFO - evaluating now!
2026-05-15 17:41:02,071 - src.base.trainer - INFO - Epoch [59/250] (9540) train_mae: 3.3193, val_mae: 4.0913, lr: 0.000010, 6.6s
2026-05-15 17:41:02,073 - src.base.trainer - INFO - Val loss decrease from 4.1120 to 4.0913, saving to True
2026-05-15 17:41:05,683 - src.base.trainer - INFO - Epoch [60/250] (9600) train_mae: 3.2558, val_mae: 4.0843 
2026-05-15 17:41:05,685 - src.base.trainer - INFO - Val loss decrease from 4.0913 to 4.0843, saving to True
2026-05-15 17:41:10,067 - src.base.trainer - INFO - epoch complete
2026-05-15 17:41:10,067 - src.base.trainer - INFO - evaluating now!
2026-05-15 17:41:10,765 - src.base.trainer - INFO - Epoch [60/250] (9699) train_mae: 3.3042, val_mae: 4.0723, lr: 0.000010, 8.0s
2026-05-15 17:41:10,767 - src.base.trainer - INFO - Val loss decrease from 4.0843 to 4.0723, saving to True
2026-05-15 17:41:17,378 - src.base.trainer - INFO - epoch complete
2026-05-15 17:41:17,378 - src.base.trainer - INFO - evaluating now!
2026-05-15 17:41:18,091 - src.base.trainer - INFO - Epoch [61/250] (9858) train_mae: 3.2894, val_mae: 4.0530, lr: 0.000010, 6.6s
2026-05-15 17:41:18,093 - src.base.trainer - INFO - Val loss decrease from 4.0723 to 4.0530, saving to True
2026-05-15 17:41:24,673 - src.base.trainer - INFO - Epoch [62/250] (10000) train_mae: 3.2796, val_mae: 4.0373 
2026-05-15 17:41:24,675 - src.base.trainer - INFO - Val loss decrease from 4.0530 to 4.0373, saving to True
2026-05-15 17:41:25,382 - src.base.trainer - INFO - epoch complete
2026-05-15 17:41:25,382 - src.base.trainer - INFO - evaluating now!
2026-05-15 17:41:26,535 - src.base.trainer - INFO - Epoch [62/250] (10017) train_mae: 3.2742, val_mae: 4.0358, lr: 0.000010, 7.3s
2026-05-15 17:41:26,537 - src.base.trainer - INFO - Val loss decrease from 4.0373 to 4.0358, saving to True
2026-05-15 17:41:33,094 - src.base.trainer - INFO - epoch complete
2026-05-15 17:41:33,094 - src.base.trainer - INFO - evaluating now!
2026-05-15 17:41:33,799 - src.base.trainer - INFO - Epoch [63/250] (10176) train_mae: 3.2603, val_mae: 4.0181, lr: 0.000010, 6.6s
2026-05-15 17:41:33,801 - src.base.trainer - INFO - Val loss decrease from 4.0358 to 4.0181, saving to True
2026-05-15 17:41:40,287 - src.base.trainer - INFO - epoch complete
2026-05-15 17:41:40,287 - src.base.trainer - INFO - evaluating now!
2026-05-15 17:41:40,999 - src.base.trainer - INFO - Epoch [64/250] (10335) train_mae: 3.2464, val_mae: 4.0013, lr: 0.000010, 6.5s
2026-05-15 17:41:41,001 - src.base.trainer - INFO - Val loss decrease from 4.0181 to 4.0013, saving to True
2026-05-15 17:41:45,234 - src.base.trainer - INFO - Epoch [65/250] (10400) train_mae: 3.1713, val_mae: 3.9952 
2026-05-15 17:41:45,236 - src.base.trainer - INFO - Val loss decrease from 4.0013 to 3.9952, saving to True
2026-05-15 17:41:49,346 - src.base.trainer - INFO - epoch complete
2026-05-15 17:41:49,346 - src.base.trainer - INFO - evaluating now!
2026-05-15 17:41:50,069 - src.base.trainer - INFO - Epoch [65/250] (10494) train_mae: 3.2330, val_mae: 3.9852, lr: 0.000010, 8.3s
2026-05-15 17:41:50,071 - src.base.trainer - INFO - Val loss decrease from 3.9952 to 3.9852, saving to True
2026-05-15 17:41:56,680 - src.base.trainer - INFO - epoch complete
2026-05-15 17:41:56,681 - src.base.trainer - INFO - evaluating now!
2026-05-15 17:41:57,390 - src.base.trainer - INFO - Epoch [66/250] (10653) train_mae: 3.2193, val_mae: 3.9695, lr: 0.000010, 6.6s
2026-05-15 17:41:57,392 - src.base.trainer - INFO - Val loss decrease from 3.9852 to 3.9695, saving to True
2026-05-15 17:42:04,157 - src.base.trainer - INFO - Epoch [67/250] (10800) train_mae: 3.2231, val_mae: 3.9563 
2026-05-15 17:42:04,158 - src.base.trainer - INFO - Val loss decrease from 3.9695 to 3.9563, saving to True
2026-05-15 17:42:04,610 - src.base.trainer - INFO - epoch complete
2026-05-15 17:42:04,610 - src.base.trainer - INFO - evaluating now!
2026-05-15 17:42:05,730 - src.base.trainer - INFO - Epoch [67/250] (10812) train_mae: 3.2081, val_mae: 3.9553, lr: 0.000010, 7.2s
2026-05-15 17:42:05,733 - src.base.trainer - INFO - Val loss decrease from 3.9563 to 3.9553, saving to True
2026-05-15 17:42:13,235 - src.base.trainer - INFO - epoch complete
2026-05-15 17:42:13,235 - src.base.trainer - INFO - evaluating now!
2026-05-15 17:42:13,963 - src.base.trainer - INFO - Epoch [68/250] (10971) train_mae: 3.1967, val_mae: 3.9394, lr: 0.000010, 7.5s
2026-05-15 17:42:13,965 - src.base.trainer - INFO - Val loss decrease from 3.9553 to 3.9394, saving to True
2026-05-15 17:42:20,529 - src.base.trainer - INFO - epoch complete
2026-05-15 17:42:20,529 - src.base.trainer - INFO - evaluating now!
2026-05-15 17:42:21,251 - src.base.trainer - INFO - Epoch [69/250] (11130) train_mae: 3.1845, val_mae: 3.9253, lr: 0.000010, 6.6s
2026-05-15 17:42:21,253 - src.base.trainer - INFO - Val loss decrease from 3.9394 to 3.9253, saving to True
2026-05-15 17:42:25,189 - src.base.trainer - INFO - Epoch [70/250] (11200) train_mae: 3.2531, val_mae: 3.9194 
2026-05-15 17:42:25,191 - src.base.trainer - INFO - Val loss decrease from 3.9253 to 3.9194, saving to True
2026-05-15 17:42:29,284 - src.base.trainer - INFO - epoch complete
2026-05-15 17:42:29,284 - src.base.trainer - INFO - evaluating now!
2026-05-15 17:42:30,066 - src.base.trainer - INFO - Epoch [70/250] (11289) train_mae: 3.1715, val_mae: 3.9122, lr: 0.000010, 8.0s
2026-05-15 17:42:30,068 - src.base.trainer - INFO - Val loss decrease from 3.9194 to 3.9122, saving to True
2026-05-15 17:42:36,670 - src.base.trainer - INFO - epoch complete
2026-05-15 17:42:36,670 - src.base.trainer - INFO - evaluating now!
2026-05-15 17:42:37,435 - src.base.trainer - INFO - Epoch [71/250] (11448) train_mae: 3.1622, val_mae: 3.8977, lr: 0.000010, 6.6s
2026-05-15 17:42:37,437 - src.base.trainer - INFO - Val loss decrease from 3.9122 to 3.8977, saving to True
2026-05-15 17:42:44,428 - src.base.trainer - INFO - Epoch [72/250] (11600) train_mae: 3.1512, val_mae: 3.8848 
2026-05-15 17:42:44,429 - src.base.trainer - INFO - Val loss decrease from 3.8977 to 3.8848, saving to True
2026-05-15 17:42:44,696 - src.base.trainer - INFO - epoch complete
2026-05-15 17:42:44,696 - src.base.trainer - INFO - evaluating now!
2026-05-15 17:42:45,691 - src.base.trainer - INFO - Epoch [72/250] (11607) train_mae: 3.1519, val_mae: 3.8846, lr: 0.000010, 7.3s
2026-05-15 17:42:45,693 - src.base.trainer - INFO - Val loss decrease from 3.8848 to 3.8846, saving to True
2026-05-15 17:42:52,713 - src.base.trainer - INFO - epoch complete
2026-05-15 17:42:52,713 - src.base.trainer - INFO - evaluating now!
2026-05-15 17:42:53,509 - src.base.trainer - INFO - Epoch [73/250] (11766) train_mae: 3.1407, val_mae: 3.8712, lr: 0.000010, 7.0s
2026-05-15 17:42:53,511 - src.base.trainer - INFO - Val loss decrease from 3.8846 to 3.8712, saving to True
2026-05-15 17:43:02,181 - src.base.trainer - INFO - epoch complete
2026-05-15 17:43:02,181 - src.base.trainer - INFO - evaluating now!
2026-05-15 17:43:02,886 - src.base.trainer - INFO - Epoch [74/250] (11925) train_mae: 3.1317, val_mae: 3.8582, lr: 0.000010, 8.7s
2026-05-15 17:43:02,888 - src.base.trainer - INFO - Val loss decrease from 3.8712 to 3.8582, saving to True
2026-05-15 17:43:07,041 - src.base.trainer - INFO - Epoch [75/250] (12000) train_mae: 3.0815, val_mae: 3.8531 
2026-05-15 17:43:07,042 - src.base.trainer - INFO - Val loss decrease from 3.8582 to 3.8531, saving to True
2026-05-15 17:43:10,776 - src.base.trainer - INFO - epoch complete
2026-05-15 17:43:10,776 - src.base.trainer - INFO - evaluating now!
2026-05-15 17:43:11,481 - src.base.trainer - INFO - Epoch [75/250] (12084) train_mae: 3.1210, val_mae: 3.8459, lr: 0.000010, 7.9s
2026-05-15 17:43:11,483 - src.base.trainer - INFO - Val loss decrease from 3.8531 to 3.8459, saving to True
2026-05-15 17:43:18,099 - src.base.trainer - INFO - epoch complete
2026-05-15 17:43:18,099 - src.base.trainer - INFO - evaluating now!
2026-05-15 17:43:18,836 - src.base.trainer - INFO - Epoch [76/250] (12243) train_mae: 3.1097, val_mae: 3.8337, lr: 0.000010, 6.6s
2026-05-15 17:43:18,837 - src.base.trainer - INFO - Val loss decrease from 3.8459 to 3.8337, saving to True
2026-05-15 17:43:26,342 - src.base.trainer - INFO - Epoch [77/250] (12400) train_mae: 3.1023, val_mae: 3.8226 
2026-05-15 17:43:26,344 - src.base.trainer - INFO - Val loss decrease from 3.8337 to 3.8226, saving to True
2026-05-15 17:43:26,416 - src.base.trainer - INFO - epoch complete
2026-05-15 17:43:26,416 - src.base.trainer - INFO - evaluating now!
2026-05-15 17:43:27,348 - src.base.trainer - INFO - Epoch [77/250] (12402) train_mae: 3.1016, val_mae: 3.8223, lr: 0.000010, 7.6s
2026-05-15 17:43:27,351 - src.base.trainer - INFO - Val loss decrease from 3.8226 to 3.8223, saving to True
2026-05-15 17:43:34,352 - src.base.trainer - INFO - epoch complete
2026-05-15 17:43:34,352 - src.base.trainer - INFO - evaluating now!
2026-05-15 17:43:35,067 - src.base.trainer - INFO - Epoch [78/250] (12561) train_mae: 3.0921, val_mae: 3.8110, lr: 0.000010, 7.0s
2026-05-15 17:43:35,069 - src.base.trainer - INFO - Val loss decrease from 3.8223 to 3.8110, saving to True
2026-05-15 17:43:41,738 - src.base.trainer - INFO - epoch complete
2026-05-15 17:43:41,738 - src.base.trainer - INFO - evaluating now!
2026-05-15 17:43:42,457 - src.base.trainer - INFO - Epoch [79/250] (12720) train_mae: 3.0827, val_mae: 3.7992, lr: 0.000010, 6.7s
2026-05-15 17:43:42,462 - src.base.trainer - INFO - Val loss decrease from 3.8110 to 3.7992, saving to True
2026-05-15 17:43:46,879 - src.base.trainer - INFO - Epoch [80/250] (12800) train_mae: 3.0530, val_mae: 3.7943 
2026-05-15 17:43:46,881 - src.base.trainer - INFO - Val loss decrease from 3.7992 to 3.7943, saving to True
2026-05-15 17:43:50,481 - src.base.trainer - INFO - epoch complete
2026-05-15 17:43:50,481 - src.base.trainer - INFO - evaluating now!
2026-05-15 17:43:51,196 - src.base.trainer - INFO - Epoch [80/250] (12879) train_mae: 3.0731, val_mae: 3.7873, lr: 0.000010, 8.0s
2026-05-15 17:43:51,198 - src.base.trainer - INFO - Val loss decrease from 3.7943 to 3.7873, saving to True
2026-05-15 17:43:57,792 - src.base.trainer - INFO - epoch complete
2026-05-15 17:43:57,792 - src.base.trainer - INFO - evaluating now!
2026-05-15 17:43:58,508 - src.base.trainer - INFO - Epoch [81/250] (13038) train_mae: 3.0645, val_mae: 3.7767, lr: 0.000010, 6.6s
2026-05-15 17:43:58,510 - src.base.trainer - INFO - Val loss decrease from 3.7873 to 3.7767, saving to True
2026-05-15 17:44:05,126 - src.base.trainer - INFO - epoch complete
2026-05-15 17:44:05,126 - src.base.trainer - INFO - evaluating now!
2026-05-15 17:44:05,838 - src.base.trainer - INFO - Epoch [82/250] (13197) train_mae: 3.0565, val_mae: 3.7656, lr: 0.000010, 6.6s
2026-05-15 17:44:05,840 - src.base.trainer - INFO - Val loss decrease from 3.7767 to 3.7656, saving to True
2026-05-15 17:44:06,881 - src.base.trainer - INFO - Epoch [83/250] (13200) train_mae: 3.2148, val_mae: 3.7654 
2026-05-15 17:44:06,884 - src.base.trainer - INFO - Val loss decrease from 3.7656 to 3.7654, saving to True
2026-05-15 17:44:13,711 - src.base.trainer - INFO - epoch complete
2026-05-15 17:44:13,711 - src.base.trainer - INFO - evaluating now!
2026-05-15 17:44:14,424 - src.base.trainer - INFO - Epoch [83/250] (13356) train_mae: 3.0477, val_mae: 3.7550, lr: 0.000010, 7.9s
2026-05-15 17:44:14,426 - src.base.trainer - INFO - Val loss decrease from 3.7654 to 3.7550, saving to True
2026-05-15 17:44:20,999 - src.base.trainer - INFO - epoch complete
2026-05-15 17:44:20,999 - src.base.trainer - INFO - evaluating now!
2026-05-15 17:44:21,715 - src.base.trainer - INFO - Epoch [84/250] (13515) train_mae: 3.0397, val_mae: 3.7447, lr: 0.000010, 6.6s
2026-05-15 17:44:21,717 - src.base.trainer - INFO - Val loss decrease from 3.7550 to 3.7447, saving to True
2026-05-15 17:44:26,250 - src.base.trainer - INFO - Epoch [85/250] (13600) train_mae: 3.0924, val_mae: 3.7381 
2026-05-15 17:44:26,252 - src.base.trainer - INFO - Val loss decrease from 3.7447 to 3.7381, saving to True
2026-05-15 17:44:29,612 - src.base.trainer - INFO - epoch complete
2026-05-15 17:44:29,613 - src.base.trainer - INFO - evaluating now!
2026-05-15 17:44:30,306 - src.base.trainer - INFO - Epoch [85/250] (13674) train_mae: 3.0315, val_mae: 3.7345, lr: 0.000010, 7.9s
2026-05-15 17:44:30,308 - src.base.trainer - INFO - Val loss decrease from 3.7381 to 3.7345, saving to True
2026-05-15 17:44:36,816 - src.base.trainer - INFO - epoch complete
2026-05-15 17:44:36,816 - src.base.trainer - INFO - evaluating now!
2026-05-15 17:44:37,532 - src.base.trainer - INFO - Epoch [86/250] (13833) train_mae: 3.0208, val_mae: 3.7234, lr: 0.000010, 6.5s
2026-05-15 17:44:37,534 - src.base.trainer - INFO - Val loss decrease from 3.7345 to 3.7234, saving to True
2026-05-15 17:44:44,054 - src.base.trainer - INFO - epoch complete
2026-05-15 17:44:44,054 - src.base.trainer - INFO - evaluating now!
2026-05-15 17:44:44,769 - src.base.trainer - INFO - Epoch [87/250] (13992) train_mae: 3.0137, val_mae: 3.7143, lr: 0.000010, 6.5s
2026-05-15 17:44:44,771 - src.base.trainer - INFO - Val loss decrease from 3.7234 to 3.7143, saving to True
2026-05-15 17:44:46,083 - src.base.trainer - INFO - Epoch [88/250] (14000) train_mae: 2.8751, val_mae: 3.7140 
2026-05-15 17:44:46,086 - src.base.trainer - INFO - Val loss decrease from 3.7143 to 3.7140, saving to True
2026-05-15 17:44:52,566 - src.base.trainer - INFO - epoch complete
2026-05-15 17:44:52,566 - src.base.trainer - INFO - evaluating now!
2026-05-15 17:44:53,279 - src.base.trainer - INFO - Epoch [88/250] (14151) train_mae: 3.0044, val_mae: 3.7036, lr: 0.000010, 7.8s
2026-05-15 17:44:53,281 - src.base.trainer - INFO - Val loss decrease from 3.7140 to 3.7036, saving to True
2026-05-15 17:44:59,771 - src.base.trainer - INFO - epoch complete
2026-05-15 17:44:59,771 - src.base.trainer - INFO - evaluating now!
2026-05-15 17:45:00,484 - src.base.trainer - INFO - Epoch [89/250] (14310) train_mae: 2.9978, val_mae: 3.6936, lr: 0.000010, 6.5s
2026-05-15 17:45:00,486 - src.base.trainer - INFO - Val loss decrease from 3.7036 to 3.6936, saving to True
2026-05-15 17:45:05,149 - src.base.trainer - INFO - Epoch [90/250] (14400) train_mae: 2.9393, val_mae: 3.6891 
2026-05-15 17:45:05,151 - src.base.trainer - INFO - Val loss decrease from 3.6936 to 3.6891, saving to True
2026-05-15 17:45:08,426 - src.base.trainer - INFO - epoch complete
2026-05-15 17:45:08,426 - src.base.trainer - INFO - evaluating now!
2026-05-15 17:45:09,149 - src.base.trainer - INFO - Epoch [90/250] (14469) train_mae: 2.9900, val_mae: 3.6839, lr: 0.000010, 7.9s
2026-05-15 17:45:09,151 - src.base.trainer - INFO - Val loss decrease from 3.6891 to 3.6839, saving to True
2026-05-15 17:45:15,633 - src.base.trainer - INFO - epoch complete
2026-05-15 17:45:15,633 - src.base.trainer - INFO - evaluating now!
2026-05-15 17:45:16,357 - src.base.trainer - INFO - Epoch [91/250] (14628) train_mae: 2.9815, val_mae: 3.6746, lr: 0.000010, 6.5s
2026-05-15 17:45:16,359 - src.base.trainer - INFO - Val loss decrease from 3.6839 to 3.6746, saving to True
2026-05-15 17:45:23,223 - src.base.trainer - INFO - epoch complete
2026-05-15 17:45:23,223 - src.base.trainer - INFO - evaluating now!
2026-05-15 17:45:23,956 - src.base.trainer - INFO - Epoch [92/250] (14787) train_mae: 2.9755, val_mae: 3.6651, lr: 0.000010, 6.9s
2026-05-15 17:45:23,958 - src.base.trainer - INFO - Val loss decrease from 3.6746 to 3.6651, saving to True
2026-05-15 17:45:25,620 - src.base.trainer - INFO - Epoch [93/250] (14800) train_mae: 2.9997, val_mae: 3.6645 
2026-05-15 17:45:25,623 - src.base.trainer - INFO - Val loss decrease from 3.6651 to 3.6645, saving to True
2026-05-15 17:45:31,761 - src.base.trainer - INFO - epoch complete
2026-05-15 17:45:31,761 - src.base.trainer - INFO - evaluating now!
2026-05-15 17:45:32,475 - src.base.trainer - INFO - Epoch [93/250] (14946) train_mae: 2.9677, val_mae: 3.6551, lr: 0.000010, 7.8s
2026-05-15 17:45:32,477 - src.base.trainer - INFO - Val loss decrease from 3.6645 to 3.6551, saving to True
2026-05-15 17:45:39,414 - src.base.trainer - INFO - epoch complete
2026-05-15 17:45:39,415 - src.base.trainer - INFO - evaluating now!
2026-05-15 17:45:40,140 - src.base.trainer - INFO - Epoch [94/250] (15105) train_mae: 2.9594, val_mae: 3.6461, lr: 0.000010, 6.9s
2026-05-15 17:45:40,142 - src.base.trainer - INFO - Val loss decrease from 3.6551 to 3.6461, saving to True
2026-05-15 17:45:45,054 - src.base.trainer - INFO - Epoch [95/250] (15200) train_mae: 2.9777, val_mae: 3.6403 
2026-05-15 17:45:45,056 - src.base.trainer - INFO - Val loss decrease from 3.6461 to 3.6403, saving to True
2026-05-15 17:45:48,076 - src.base.trainer - INFO - epoch complete
2026-05-15 17:45:48,076 - src.base.trainer - INFO - evaluating now!
2026-05-15 17:45:48,766 - src.base.trainer - INFO - Epoch [95/250] (15264) train_mae: 2.9513, val_mae: 3.6363, lr: 0.000010, 7.9s
2026-05-15 17:45:48,767 - src.base.trainer - INFO - Val loss decrease from 3.6403 to 3.6363, saving to True
2026-05-15 17:45:55,330 - src.base.trainer - INFO - epoch complete
2026-05-15 17:45:55,330 - src.base.trainer - INFO - evaluating now!
2026-05-15 17:45:56,047 - src.base.trainer - INFO - Epoch [96/250] (15423) train_mae: 2.9445, val_mae: 3.6274, lr: 0.000010, 6.6s
2026-05-15 17:45:56,048 - src.base.trainer - INFO - Val loss decrease from 3.6363 to 3.6274, saving to True
2026-05-15 17:46:02,652 - src.base.trainer - INFO - epoch complete
2026-05-15 17:46:02,652 - src.base.trainer - INFO - evaluating now!
2026-05-15 17:46:03,378 - src.base.trainer - INFO - Epoch [97/250] (15582) train_mae: 2.9386, val_mae: 3.6188, lr: 0.000010, 6.6s
2026-05-15 17:46:03,379 - src.base.trainer - INFO - Val loss decrease from 3.6274 to 3.6188, saving to True
2026-05-15 17:46:05,337 - src.base.trainer - INFO - Epoch [98/250] (15600) train_mae: 2.9010, val_mae: 3.6186 
2026-05-15 17:46:05,339 - src.base.trainer - INFO - Val loss decrease from 3.6188 to 3.6186, saving to True
2026-05-15 17:46:11,231 - src.base.trainer - INFO - epoch complete
2026-05-15 17:46:11,231 - src.base.trainer - INFO - evaluating now!
2026-05-15 17:46:12,027 - src.base.trainer - INFO - Epoch [98/250] (15741) train_mae: 2.9295, val_mae: 3.6098, lr: 0.000010, 7.9s
2026-05-15 17:46:12,029 - src.base.trainer - INFO - Val loss decrease from 3.6186 to 3.6098, saving to True
2026-05-15 17:46:18,628 - src.base.trainer - INFO - epoch complete
2026-05-15 17:46:18,628 - src.base.trainer - INFO - evaluating now!
2026-05-15 17:46:19,355 - src.base.trainer - INFO - Epoch [99/250] (15900) train_mae: 2.9234, val_mae: 3.5997, lr: 0.000010, 6.6s
2026-05-15 17:46:19,357 - src.base.trainer - INFO - Val loss decrease from 3.6098 to 3.5997, saving to True
2026-05-15 17:46:24,402 - src.base.trainer - INFO - Epoch [100/250] (16000) train_mae: 2.9298, val_mae: 3.5943 
2026-05-15 17:46:24,403 - src.base.trainer - INFO - Val loss decrease from 3.5997 to 3.5943, saving to True
2026-05-15 17:46:27,295 - src.base.trainer - INFO - epoch complete
2026-05-15 17:46:27,295 - src.base.trainer - INFO - evaluating now!
2026-05-15 17:46:27,996 - src.base.trainer - INFO - Epoch [100/250] (16059) train_mae: 2.9168, val_mae: 3.5911, lr: 0.000010, 7.9s
2026-05-15 17:46:27,998 - src.base.trainer - INFO - Val loss decrease from 3.5943 to 3.5911, saving to True
2026-05-15 17:46:34,498 - src.base.trainer - INFO - epoch complete
2026-05-15 17:46:34,498 - src.base.trainer - INFO - evaluating now!
2026-05-15 17:46:35,210 - src.base.trainer - INFO - Epoch [101/250] (16218) train_mae: 2.9084, val_mae: 3.5821, lr: 0.000010, 6.5s
2026-05-15 17:46:35,212 - src.base.trainer - INFO - Val loss decrease from 3.5911 to 3.5821, saving to True
2026-05-15 17:46:41,776 - src.base.trainer - INFO - epoch complete
2026-05-15 17:46:41,776 - src.base.trainer - INFO - evaluating now!
2026-05-15 17:46:42,486 - src.base.trainer - INFO - Epoch [102/250] (16377) train_mae: 2.9017, val_mae: 3.5728, lr: 0.000010, 6.6s
2026-05-15 17:46:42,488 - src.base.trainer - INFO - Val loss decrease from 3.5821 to 3.5728, saving to True
2026-05-15 17:46:44,666 - src.base.trainer - INFO - Epoch [103/250] (16400) train_mae: 2.8746, val_mae: 3.5720 
2026-05-15 17:46:44,668 - src.base.trainer - INFO - Val loss decrease from 3.5728 to 3.5720, saving to True
2026-05-15 17:46:50,350 - src.base.trainer - INFO - epoch complete
2026-05-15 17:46:50,350 - src.base.trainer - INFO - evaluating now!
2026-05-15 17:46:51,067 - src.base.trainer - INFO - Epoch [103/250] (16536) train_mae: 2.8944, val_mae: 3.5634, lr: 0.000010, 7.9s
2026-05-15 17:46:51,068 - src.base.trainer - INFO - Val loss decrease from 3.5720 to 3.5634, saving to True
2026-05-15 17:46:57,610 - src.base.trainer - INFO - epoch complete
2026-05-15 17:46:57,610 - src.base.trainer - INFO - evaluating now!
2026-05-15 17:46:58,324 - src.base.trainer - INFO - Epoch [104/250] (16695) train_mae: 2.8880, val_mae: 3.5555, lr: 0.000010, 6.5s
2026-05-15 17:46:58,326 - src.base.trainer - INFO - Val loss decrease from 3.5634 to 3.5555, saving to True
2026-05-15 17:47:03,652 - src.base.trainer - INFO - Epoch [105/250] (16800) train_mae: 2.9289, val_mae: 3.5497 
2026-05-15 17:47:03,654 - src.base.trainer - INFO - Val loss decrease from 3.5555 to 3.5497, saving to True
2026-05-15 17:47:06,376 - src.base.trainer - INFO - epoch complete
2026-05-15 17:47:06,376 - src.base.trainer - INFO - evaluating now!
2026-05-15 17:47:07,089 - src.base.trainer - INFO - Epoch [105/250] (16854) train_mae: 2.8811, val_mae: 3.5475, lr: 0.000010, 8.1s
2026-05-15 17:47:07,091 - src.base.trainer - INFO - Val loss decrease from 3.5497 to 3.5475, saving to True
2026-05-15 17:47:14,224 - src.base.trainer - INFO - epoch complete
2026-05-15 17:47:14,224 - src.base.trainer - INFO - evaluating now!
2026-05-15 17:47:14,919 - src.base.trainer - INFO - Epoch [106/250] (17013) train_mae: 2.8741, val_mae: 3.5382, lr: 0.000010, 7.1s
2026-05-15 17:47:14,921 - src.base.trainer - INFO - Val loss decrease from 3.5475 to 3.5382, saving to True
2026-05-15 17:47:21,529 - src.base.trainer - INFO - epoch complete
2026-05-15 17:47:21,530 - src.base.trainer - INFO - evaluating now!
2026-05-15 17:47:22,245 - src.base.trainer - INFO - Epoch [107/250] (17172) train_mae: 2.8671, val_mae: 3.5311, lr: 0.000010, 6.6s
2026-05-15 17:47:22,247 - src.base.trainer - INFO - Val loss decrease from 3.5382 to 3.5311, saving to True
2026-05-15 17:47:24,647 - src.base.trainer - INFO - Epoch [108/250] (17200) train_mae: 2.9158, val_mae: 3.5294 
2026-05-15 17:47:24,649 - src.base.trainer - INFO - Val loss decrease from 3.5311 to 3.5294, saving to True
2026-05-15 17:47:30,111 - src.base.trainer - INFO - epoch complete
2026-05-15 17:47:30,111 - src.base.trainer - INFO - evaluating now!
2026-05-15 17:47:30,834 - src.base.trainer - INFO - Epoch [108/250] (17331) train_mae: 2.8608, val_mae: 3.5222, lr: 0.000010, 7.9s
2026-05-15 17:47:30,836 - src.base.trainer - INFO - Val loss decrease from 3.5294 to 3.5222, saving to True
2026-05-15 17:47:37,464 - src.base.trainer - INFO - epoch complete
2026-05-15 17:47:37,464 - src.base.trainer - INFO - evaluating now!
2026-05-15 17:47:38,176 - src.base.trainer - INFO - Epoch [109/250] (17490) train_mae: 2.8544, val_mae: 3.5136, lr: 0.000010, 6.6s
2026-05-15 17:47:38,178 - src.base.trainer - INFO - Val loss decrease from 3.5222 to 3.5136, saving to True
2026-05-15 17:47:43,617 - src.base.trainer - INFO - Epoch [110/250] (17600) train_mae: 2.8433, val_mae: 3.5084 
2026-05-15 17:47:43,619 - src.base.trainer - INFO - Val loss decrease from 3.5136 to 3.5084, saving to True
2026-05-15 17:47:46,074 - src.base.trainer - INFO - epoch complete
2026-05-15 17:47:46,076 - src.base.trainer - INFO - evaluating now!
2026-05-15 17:47:46,792 - src.base.trainer - INFO - Epoch [110/250] (17649) train_mae: 2.8488, val_mae: 3.5065, lr: 0.000010, 7.9s
2026-05-15 17:47:46,794 - src.base.trainer - INFO - Val loss decrease from 3.5084 to 3.5065, saving to True
2026-05-15 17:47:53,326 - src.base.trainer - INFO - epoch complete
2026-05-15 17:47:53,326 - src.base.trainer - INFO - evaluating now!
2026-05-15 17:47:54,041 - src.base.trainer - INFO - Epoch [111/250] (17808) train_mae: 2.8432, val_mae: 3.4987, lr: 0.000010, 6.5s
2026-05-15 17:47:54,043 - src.base.trainer - INFO - Val loss decrease from 3.5065 to 3.4987, saving to True
2026-05-15 17:48:00,624 - src.base.trainer - INFO - epoch complete
2026-05-15 17:48:00,624 - src.base.trainer - INFO - evaluating now!
2026-05-15 17:48:01,338 - src.base.trainer - INFO - Epoch [112/250] (17967) train_mae: 2.8350, val_mae: 3.4906, lr: 0.000010, 6.6s
2026-05-15 17:48:01,340 - src.base.trainer - INFO - Val loss decrease from 3.4987 to 3.4906, saving to True
2026-05-15 17:48:03,944 - src.base.trainer - INFO - Epoch [113/250] (18000) train_mae: 2.8246, val_mae: 3.4883 
2026-05-15 17:48:03,946 - src.base.trainer - INFO - Val loss decrease from 3.4906 to 3.4883, saving to True
2026-05-15 17:48:09,302 - src.base.trainer - INFO - epoch complete
2026-05-15 17:48:09,302 - src.base.trainer - INFO - evaluating now!
2026-05-15 17:48:10,015 - src.base.trainer - INFO - Epoch [113/250] (18126) train_mae: 2.8300, val_mae: 3.4819, lr: 0.000010, 8.0s
2026-05-15 17:48:10,017 - src.base.trainer - INFO - Val loss decrease from 3.4883 to 3.4819, saving to True
2026-05-15 17:48:16,874 - src.base.trainer - INFO - epoch complete
2026-05-15 17:48:16,874 - src.base.trainer - INFO - evaluating now!
2026-05-15 17:48:17,622 - src.base.trainer - INFO - Epoch [114/250] (18285) train_mae: 2.8230, val_mae: 3.4751, lr: 0.000010, 6.9s
2026-05-15 17:48:17,624 - src.base.trainer - INFO - Val loss decrease from 3.4819 to 3.4751, saving to True
2026-05-15 17:48:23,349 - src.base.trainer - INFO - Epoch [115/250] (18400) train_mae: 2.8077, val_mae: 3.4708 
2026-05-15 17:48:23,351 - src.base.trainer - INFO - Val loss decrease from 3.4751 to 3.4708, saving to True
2026-05-15 17:48:25,645 - src.base.trainer - INFO - epoch complete
2026-05-15 17:48:25,645 - src.base.trainer - INFO - evaluating now!
2026-05-15 17:48:26,370 - src.base.trainer - INFO - Epoch [115/250] (18444) train_mae: 2.8170, val_mae: 3.4654, lr: 0.000010, 8.0s
2026-05-15 17:48:26,371 - src.base.trainer - INFO - Val loss decrease from 3.4708 to 3.4654, saving to True
2026-05-15 17:48:33,085 - src.base.trainer - INFO - epoch complete
2026-05-15 17:48:33,085 - src.base.trainer - INFO - evaluating now!
2026-05-15 17:48:33,800 - src.base.trainer - INFO - Epoch [116/250] (18603) train_mae: 2.8112, val_mae: 3.4586, lr: 0.000010, 6.7s
2026-05-15 17:48:33,802 - src.base.trainer - INFO - Val loss decrease from 3.4654 to 3.4586, saving to True
2026-05-15 17:48:40,430 - src.base.trainer - INFO - epoch complete
2026-05-15 17:48:40,431 - src.base.trainer - INFO - evaluating now!
2026-05-15 17:48:41,146 - src.base.trainer - INFO - Epoch [117/250] (18762) train_mae: 2.8054, val_mae: 3.4509, lr: 0.000010, 6.6s
2026-05-15 17:48:41,148 - src.base.trainer - INFO - Val loss decrease from 3.4586 to 3.4509, saving to True
2026-05-15 17:48:43,872 - src.base.trainer - INFO - Epoch [118/250] (18800) train_mae: 2.8182, val_mae: 3.4498 
2026-05-15 17:48:43,874 - src.base.trainer - INFO - Val loss decrease from 3.4509 to 3.4498, saving to True
2026-05-15 17:48:49,041 - src.base.trainer - INFO - epoch complete
2026-05-15 17:48:49,041 - src.base.trainer - INFO - evaluating now!
2026-05-15 17:48:49,783 - src.base.trainer - INFO - Epoch [118/250] (18921) train_mae: 2.8010, val_mae: 3.4440, lr: 0.000010, 7.9s
2026-05-15 17:48:49,785 - src.base.trainer - INFO - Val loss decrease from 3.4498 to 3.4440, saving to True
2026-05-15 17:48:56,485 - src.base.trainer - INFO - epoch complete
2026-05-15 17:48:56,485 - src.base.trainer - INFO - evaluating now!
2026-05-15 17:48:57,206 - src.base.trainer - INFO - Epoch [119/250] (19080) train_mae: 2.7938, val_mae: 3.4360, lr: 0.000010, 6.7s
2026-05-15 17:48:57,208 - src.base.trainer - INFO - Val loss decrease from 3.4440 to 3.4360, saving to True
2026-05-15 17:49:03,082 - src.base.trainer - INFO - Epoch [120/250] (19200) train_mae: 2.7631, val_mae: 3.4311 
2026-05-15 17:49:03,084 - src.base.trainer - INFO - Val loss decrease from 3.4360 to 3.4311, saving to True
2026-05-15 17:49:05,157 - src.base.trainer - INFO - epoch complete
2026-05-15 17:49:05,157 - src.base.trainer - INFO - evaluating now!
2026-05-15 17:49:05,959 - src.base.trainer - INFO - Epoch [120/250] (19239) train_mae: 2.7887, val_mae: 3.4285, lr: 0.000010, 7.9s
2026-05-15 17:49:05,961 - src.base.trainer - INFO - Val loss decrease from 3.4311 to 3.4285, saving to True
2026-05-15 17:49:12,638 - src.base.trainer - INFO - epoch complete
2026-05-15 17:49:12,638 - src.base.trainer - INFO - evaluating now!
2026-05-15 17:49:13,356 - src.base.trainer - INFO - Epoch [121/250] (19398) train_mae: 2.7835, val_mae: 3.4210, lr: 0.000010, 6.7s
2026-05-15 17:49:13,358 - src.base.trainer - INFO - Val loss decrease from 3.4285 to 3.4210, saving to True
2026-05-15 17:49:20,207 - src.base.trainer - INFO - epoch complete
2026-05-15 17:49:20,207 - src.base.trainer - INFO - evaluating now!
2026-05-15 17:49:20,946 - src.base.trainer - INFO - Epoch [122/250] (19557) train_mae: 2.7767, val_mae: 3.4145, lr: 0.000010, 6.8s
2026-05-15 17:49:20,948 - src.base.trainer - INFO - Val loss decrease from 3.4210 to 3.4145, saving to True
2026-05-15 17:49:24,020 - src.base.trainer - INFO - Epoch [123/250] (19600) train_mae: 2.6927, val_mae: 3.4124 
2026-05-15 17:49:24,022 - src.base.trainer - INFO - Val loss decrease from 3.4145 to 3.4124, saving to True
2026-05-15 17:49:29,056 - src.base.trainer - INFO - epoch complete
2026-05-15 17:49:29,056 - src.base.trainer - INFO - evaluating now!
2026-05-15 17:49:29,803 - src.base.trainer - INFO - Epoch [123/250] (19716) train_mae: 2.7703, val_mae: 3.4066, lr: 0.000010, 8.1s
2026-05-15 17:49:29,805 - src.base.trainer - INFO - Val loss decrease from 3.4124 to 3.4066, saving to True
2026-05-15 17:49:36,453 - src.base.trainer - INFO - epoch complete
2026-05-15 17:49:36,454 - src.base.trainer - INFO - evaluating now!
2026-05-15 17:49:37,172 - src.base.trainer - INFO - Epoch [124/250] (19875) train_mae: 2.7654, val_mae: 3.3999, lr: 0.000010, 6.6s
2026-05-15 17:49:37,174 - src.base.trainer - INFO - Val loss decrease from 3.4066 to 3.3999, saving to True
2026-05-15 17:49:43,259 - src.base.trainer - INFO - Epoch [125/250] (20000) train_mae: 2.7530, val_mae: 3.3949 
2026-05-15 17:49:43,261 - src.base.trainer - INFO - Val loss decrease from 3.3999 to 3.3949, saving to True
2026-05-15 17:49:45,078 - src.base.trainer - INFO - epoch complete
2026-05-15 17:49:45,078 - src.base.trainer - INFO - evaluating now!
2026-05-15 17:49:45,907 - src.base.trainer - INFO - Epoch [125/250] (20034) train_mae: 2.7605, val_mae: 3.3929, lr: 0.000010, 7.9s
2026-05-15 17:49:45,908 - src.base.trainer - INFO - Val loss decrease from 3.3949 to 3.3929, saving to True
2026-05-15 17:49:52,550 - src.base.trainer - INFO - epoch complete
2026-05-15 17:49:52,550 - src.base.trainer - INFO - evaluating now!
2026-05-15 17:49:53,269 - src.base.trainer - INFO - Epoch [126/250] (20193) train_mae: 2.7542, val_mae: 3.3856, lr: 0.000010, 6.6s
2026-05-15 17:49:53,271 - src.base.trainer - INFO - Val loss decrease from 3.3929 to 3.3856, saving to True
2026-05-15 17:49:59,920 - src.base.trainer - INFO - epoch complete
2026-05-15 17:49:59,920 - src.base.trainer - INFO - evaluating now!
2026-05-15 17:50:00,638 - src.base.trainer - INFO - Epoch [127/250] (20352) train_mae: 2.7477, val_mae: 3.3795, lr: 0.000010, 6.6s
2026-05-15 17:50:00,640 - src.base.trainer - INFO - Val loss decrease from 3.3856 to 3.3795, saving to True
2026-05-15 17:50:03,836 - src.base.trainer - INFO - Epoch [128/250] (20400) train_mae: 2.7943, val_mae: 3.3762 
2026-05-15 17:50:03,838 - src.base.trainer - INFO - Val loss decrease from 3.3795 to 3.3762, saving to True
2026-05-15 17:50:08,734 - src.base.trainer - INFO - epoch complete
2026-05-15 17:50:08,734 - src.base.trainer - INFO - evaluating now!
2026-05-15 17:50:09,476 - src.base.trainer - INFO - Epoch [128/250] (20511) train_mae: 2.7427, val_mae: 3.3724, lr: 0.000010, 8.1s
2026-05-15 17:50:09,478 - src.base.trainer - INFO - Val loss decrease from 3.3762 to 3.3724, saving to True
2026-05-15 17:50:16,219 - src.base.trainer - INFO - epoch complete
2026-05-15 17:50:16,220 - src.base.trainer - INFO - evaluating now!
2026-05-15 17:50:16,958 - src.base.trainer - INFO - Epoch [129/250] (20670) train_mae: 2.7385, val_mae: 3.3656, lr: 0.000010, 6.7s
2026-05-15 17:50:16,960 - src.base.trainer - INFO - Val loss decrease from 3.3724 to 3.3656, saving to True
2026-05-15 17:50:23,196 - src.base.trainer - INFO - Epoch [130/250] (20800) train_mae: 2.6988, val_mae: 3.3587 
2026-05-15 17:50:23,198 - src.base.trainer - INFO - Val loss decrease from 3.3656 to 3.3587, saving to True
2026-05-15 17:50:24,704 - src.base.trainer - INFO - epoch complete
2026-05-15 17:50:24,704 - src.base.trainer - INFO - evaluating now!
2026-05-15 17:50:25,633 - src.base.trainer - INFO - Epoch [130/250] (20829) train_mae: 2.7311, val_mae: 3.3583, lr: 0.000010, 7.7s
2026-05-15 17:50:25,635 - src.base.trainer - INFO - Val loss decrease from 3.3587 to 3.3583, saving to True
2026-05-15 17:50:32,281 - src.base.trainer - INFO - epoch complete
2026-05-15 17:50:32,281 - src.base.trainer - INFO - evaluating now!
2026-05-15 17:50:33,008 - src.base.trainer - INFO - Epoch [131/250] (20988) train_mae: 2.7259, val_mae: 3.3513, lr: 0.000010, 6.6s
2026-05-15 17:50:33,010 - src.base.trainer - INFO - Val loss decrease from 3.3583 to 3.3513, saving to True
2026-05-15 17:50:39,630 - src.base.trainer - INFO - epoch complete
2026-05-15 17:50:39,630 - src.base.trainer - INFO - evaluating now!
2026-05-15 17:50:40,353 - src.base.trainer - INFO - Epoch [132/250] (21147) train_mae: 2.7218, val_mae: 3.3452, lr: 0.000010, 6.6s
2026-05-15 17:50:40,355 - src.base.trainer - INFO - Val loss decrease from 3.3513 to 3.3452, saving to True
2026-05-15 17:50:43,745 - src.base.trainer - INFO - Epoch [133/250] (21200) train_mae: 2.7465, val_mae: 3.3432 
2026-05-15 17:50:43,747 - src.base.trainer - INFO - Val loss decrease from 3.3452 to 3.3432, saving to True
2026-05-15 17:50:48,306 - src.base.trainer - INFO - epoch complete
2026-05-15 17:50:48,306 - src.base.trainer - INFO - evaluating now!
2026-05-15 17:50:49,016 - src.base.trainer - INFO - Epoch [133/250] (21306) train_mae: 2.7154, val_mae: 3.3386, lr: 0.000010, 8.0s
2026-05-15 17:50:49,018 - src.base.trainer - INFO - Val loss decrease from 3.3432 to 3.3386, saving to True
2026-05-15 17:50:55,707 - src.base.trainer - INFO - epoch complete
2026-05-15 17:50:55,707 - src.base.trainer - INFO - evaluating now!
2026-05-15 17:50:56,423 - src.base.trainer - INFO - Epoch [134/250] (21465) train_mae: 2.7101, val_mae: 3.3316, lr: 0.000010, 6.7s
2026-05-15 17:50:56,425 - src.base.trainer - INFO - Val loss decrease from 3.3386 to 3.3316, saving to True
2026-05-15 17:51:02,899 - src.base.trainer - INFO - Epoch [135/250] (21600) train_mae: 2.7092, val_mae: 3.3267 
2026-05-15 17:51:02,901 - src.base.trainer - INFO - Val loss decrease from 3.3316 to 3.3267, saving to True
2026-05-15 17:51:04,099 - src.base.trainer - INFO - epoch complete
2026-05-15 17:51:04,099 - src.base.trainer - INFO - evaluating now!
2026-05-15 17:51:05,143 - src.base.trainer - INFO - Epoch [135/250] (21624) train_mae: 2.7059, val_mae: 3.3257, lr: 0.000010, 7.7s
2026-05-15 17:51:05,145 - src.base.trainer - INFO - Val loss decrease from 3.3267 to 3.3257, saving to True
2026-05-15 17:51:11,816 - src.base.trainer - INFO - epoch complete
2026-05-15 17:51:11,816 - src.base.trainer - INFO - evaluating now!
2026-05-15 17:51:12,532 - src.base.trainer - INFO - Epoch [136/250] (21783) train_mae: 2.7019, val_mae: 3.3194, lr: 0.000010, 6.7s
2026-05-15 17:51:12,534 - src.base.trainer - INFO - Val loss decrease from 3.3257 to 3.3194, saving to True
2026-05-15 17:51:19,212 - src.base.trainer - INFO - epoch complete
2026-05-15 17:51:19,212 - src.base.trainer - INFO - evaluating now!
2026-05-15 17:51:19,936 - src.base.trainer - INFO - Epoch [137/250] (21942) train_mae: 2.6967, val_mae: 3.3141, lr: 0.000010, 6.7s
2026-05-15 17:51:19,938 - src.base.trainer - INFO - Val loss decrease from 3.3194 to 3.3141, saving to True
2026-05-15 17:51:23,491 - src.base.trainer - INFO - Epoch [138/250] (22000) train_mae: 2.6507, val_mae: 3.3124 
2026-05-15 17:51:23,493 - src.base.trainer - INFO - Val loss decrease from 3.3141 to 3.3124, saving to True
2026-05-15 17:51:27,872 - src.base.trainer - INFO - epoch complete
2026-05-15 17:51:27,872 - src.base.trainer - INFO - evaluating now!
2026-05-15 17:51:28,585 - src.base.trainer - INFO - Epoch [138/250] (22101) train_mae: 2.6926, val_mae: 3.3074, lr: 0.000010, 7.9s
2026-05-15 17:51:28,586 - src.base.trainer - INFO - Val loss decrease from 3.3124 to 3.3074, saving to True
2026-05-15 17:51:35,523 - src.base.trainer - INFO - epoch complete
2026-05-15 17:51:35,523 - src.base.trainer - INFO - evaluating now!
2026-05-15 17:51:36,301 - src.base.trainer - INFO - Epoch [139/250] (22260) train_mae: 2.6868, val_mae: 3.3027, lr: 0.000010, 6.9s
2026-05-15 17:51:36,303 - src.base.trainer - INFO - Val loss decrease from 3.3074 to 3.3027, saving to True
2026-05-15 17:51:43,007 - src.base.trainer - INFO - Epoch [140/250] (22400) train_mae: 2.6976, val_mae: 3.2972 
2026-05-15 17:51:43,008 - src.base.trainer - INFO - Val loss decrease from 3.3027 to 3.2972, saving to True
2026-05-15 17:51:43,889 - src.base.trainer - INFO - epoch complete
2026-05-15 17:51:43,889 - src.base.trainer - INFO - evaluating now!
2026-05-15 17:51:45,002 - src.base.trainer - INFO - Epoch [140/250] (22419) train_mae: 2.6821, val_mae: 3.2955, lr: 0.000010, 7.6s
2026-05-15 17:51:45,004 - src.base.trainer - INFO - Val loss decrease from 3.2972 to 3.2955, saving to True
2026-05-15 17:51:51,660 - src.base.trainer - INFO - epoch complete
2026-05-15 17:51:51,661 - src.base.trainer - INFO - evaluating now!
2026-05-15 17:51:52,392 - src.base.trainer - INFO - Epoch [141/250] (22578) train_mae: 2.6775, val_mae: 3.2901, lr: 0.000010, 6.7s
2026-05-15 17:51:52,394 - src.base.trainer - INFO - Val loss decrease from 3.2955 to 3.2901, saving to True
2026-05-15 17:51:59,001 - src.base.trainer - INFO - epoch complete
2026-05-15 17:51:59,001 - src.base.trainer - INFO - evaluating now!
2026-05-15 17:51:59,717 - src.base.trainer - INFO - Epoch [142/250] (22737) train_mae: 2.6733, val_mae: 3.2849, lr: 0.000010, 6.6s
2026-05-15 17:51:59,719 - src.base.trainer - INFO - Val loss decrease from 3.2901 to 3.2849, saving to True
2026-05-15 17:52:03,401 - src.base.trainer - INFO - Epoch [143/250] (22800) train_mae: 2.6833, val_mae: 3.2818 
2026-05-15 17:52:03,403 - src.base.trainer - INFO - Val loss decrease from 3.2849 to 3.2818, saving to True
2026-05-15 17:52:07,799 - src.base.trainer - INFO - epoch complete
2026-05-15 17:52:07,799 - src.base.trainer - INFO - evaluating now!
2026-05-15 17:52:08,585 - src.base.trainer - INFO - Epoch [143/250] (22896) train_mae: 2.6678, val_mae: 3.2801, lr: 0.000010, 8.1s
2026-05-15 17:52:08,587 - src.base.trainer - INFO - Val loss decrease from 3.2818 to 3.2801, saving to True
2026-05-15 17:52:15,754 - src.base.trainer - INFO - epoch complete
2026-05-15 17:52:15,754 - src.base.trainer - INFO - evaluating now!
2026-05-15 17:52:16,468 - src.base.trainer - INFO - Epoch [144/250] (23055) train_mae: 2.6644, val_mae: 3.2729, lr: 0.000010, 7.2s
2026-05-15 17:52:16,470 - src.base.trainer - INFO - Val loss decrease from 3.2801 to 3.2729, saving to True
2026-05-15 17:52:23,321 - src.base.trainer - INFO - Epoch [145/250] (23200) train_mae: 2.6662, val_mae: 3.2690 
2026-05-15 17:52:23,323 - src.base.trainer - INFO - Val loss decrease from 3.2729 to 3.2690, saving to True
2026-05-15 17:52:23,882 - src.base.trainer - INFO - epoch complete
2026-05-15 17:52:23,882 - src.base.trainer - INFO - evaluating now!
2026-05-15 17:52:25,028 - src.base.trainer - INFO - Epoch [145/250] (23214) train_mae: 2.6590, val_mae: 3.2689, lr: 0.000010, 7.4s
2026-05-15 17:52:25,031 - src.base.trainer - INFO - Val loss decrease from 3.2690 to 3.2689, saving to True
2026-05-15 17:52:31,803 - src.base.trainer - INFO - epoch complete
2026-05-15 17:52:31,803 - src.base.trainer - INFO - evaluating now!
2026-05-15 17:52:32,519 - src.base.trainer - INFO - Epoch [146/250] (23373) train_mae: 2.6559, val_mae: 3.2626, lr: 0.000010, 6.8s
2026-05-15 17:52:32,521 - src.base.trainer - INFO - Val loss decrease from 3.2689 to 3.2626, saving to True
2026-05-15 17:52:39,194 - src.base.trainer - INFO - epoch complete
2026-05-15 17:52:39,194 - src.base.trainer - INFO - evaluating now!
2026-05-15 17:52:39,917 - src.base.trainer - INFO - Epoch [147/250] (23532) train_mae: 2.6526, val_mae: 3.2574, lr: 0.000010, 6.7s
2026-05-15 17:52:39,919 - src.base.trainer - INFO - Val loss decrease from 3.2626 to 3.2574, saving to True
2026-05-15 17:52:43,839 - src.base.trainer - INFO - Epoch [148/250] (23600) train_mae: 2.6695, val_mae: 3.2557 
2026-05-15 17:52:43,841 - src.base.trainer - INFO - Val loss decrease from 3.2574 to 3.2557, saving to True
2026-05-15 17:52:47,864 - src.base.trainer - INFO - epoch complete
2026-05-15 17:52:47,864 - src.base.trainer - INFO - evaluating now!
2026-05-15 17:52:48,576 - src.base.trainer - INFO - Epoch [148/250] (23691) train_mae: 2.6463, val_mae: 3.2515, lr: 0.000010, 7.9s
2026-05-15 17:52:48,578 - src.base.trainer - INFO - Val loss decrease from 3.2557 to 3.2515, saving to True
2026-05-15 17:52:55,255 - src.base.trainer - INFO - epoch complete
2026-05-15 17:52:55,255 - src.base.trainer - INFO - evaluating now!
2026-05-15 17:52:55,970 - src.base.trainer - INFO - Epoch [149/250] (23850) train_mae: 2.6438, val_mae: 3.2472, lr: 0.000010, 6.7s
2026-05-15 17:52:55,972 - src.base.trainer - INFO - Val loss decrease from 3.2515 to 3.2472, saving to True
2026-05-15 17:53:02,985 - src.base.trainer - INFO - Epoch [150/250] (24000) train_mae: 2.6371, val_mae: 3.2429 
2026-05-15 17:53:02,986 - src.base.trainer - INFO - Val loss decrease from 3.2472 to 3.2429, saving to True
2026-05-15 17:53:03,333 - src.base.trainer - INFO - epoch complete
2026-05-15 17:53:03,333 - src.base.trainer - INFO - evaluating now!
2026-05-15 17:53:04,397 - src.base.trainer - INFO - Epoch [150/250] (24009) train_mae: 2.6387, val_mae: 3.2430, lr: 0.000010, 7.4s
2026-05-15 17:53:10,723 - src.base.trainer - INFO - epoch complete
2026-05-15 17:53:10,723 - src.base.trainer - INFO - evaluating now!
2026-05-15 17:53:11,455 - src.base.trainer - INFO - Epoch [151/250] (24168) train_mae: 2.6363, val_mae: 3.2372, lr: 0.000010, 6.3s
2026-05-15 17:53:11,457 - src.base.trainer - INFO - Val loss decrease from 3.2429 to 3.2372, saving to True
2026-05-15 17:53:18,625 - src.base.trainer - INFO - epoch complete
2026-05-15 17:53:18,625 - src.base.trainer - INFO - evaluating now!
2026-05-15 17:53:19,340 - src.base.trainer - INFO - Epoch [152/250] (24327) train_mae: 2.6313, val_mae: 3.2325, lr: 0.000010, 7.2s
2026-05-15 17:53:19,342 - src.base.trainer - INFO - Val loss decrease from 3.2372 to 3.2325, saving to True
2026-05-15 17:53:23,501 - src.base.trainer - INFO - Epoch [153/250] (24400) train_mae: 2.5907, val_mae: 3.2308 
2026-05-15 17:53:23,502 - src.base.trainer - INFO - Val loss decrease from 3.2325 to 3.2308, saving to True
2026-05-15 17:53:27,359 - src.base.trainer - INFO - epoch complete
2026-05-15 17:53:27,359 - src.base.trainer - INFO - evaluating now!
2026-05-15 17:53:28,056 - src.base.trainer - INFO - Epoch [153/250] (24486) train_mae: 2.6277, val_mae: 3.2274, lr: 0.000010, 8.0s
2026-05-15 17:53:28,058 - src.base.trainer - INFO - Val loss decrease from 3.2308 to 3.2274, saving to True
2026-05-15 17:53:34,671 - src.base.trainer - INFO - epoch complete
2026-05-15 17:53:34,672 - src.base.trainer - INFO - evaluating now!
2026-05-15 17:53:35,391 - src.base.trainer - INFO - Epoch [154/250] (24645) train_mae: 2.6231, val_mae: 3.2230, lr: 0.000010, 6.6s
2026-05-15 17:53:35,393 - src.base.trainer - INFO - Val loss decrease from 3.2274 to 3.2230, saving to True
2026-05-15 17:53:42,578 - src.base.trainer - INFO - Epoch [155/250] (24800) train_mae: 2.6247, val_mae: 3.2174 
2026-05-15 17:53:42,580 - src.base.trainer - INFO - Val loss decrease from 3.2230 to 3.2174, saving to True
2026-05-15 17:53:42,729 - src.base.trainer - INFO - epoch complete
2026-05-15 17:53:42,729 - src.base.trainer - INFO - evaluating now!
2026-05-15 17:53:43,654 - src.base.trainer - INFO - Epoch [155/250] (24804) train_mae: 2.6191, val_mae: 3.2178, lr: 0.000010, 7.3s
2026-05-15 17:53:50,043 - src.base.trainer - INFO - epoch complete
2026-05-15 17:53:50,043 - src.base.trainer - INFO - evaluating now!
2026-05-15 17:53:50,760 - src.base.trainer - INFO - Epoch [156/250] (24963) train_mae: 2.6153, val_mae: 3.2146, lr: 0.000010, 6.4s
2026-05-15 17:53:50,761 - src.base.trainer - INFO - Val loss decrease from 3.2174 to 3.2146, saving to True
2026-05-15 17:53:57,374 - src.base.trainer - INFO - epoch complete
2026-05-15 17:53:57,375 - src.base.trainer - INFO - evaluating now!
2026-05-15 17:53:58,087 - src.base.trainer - INFO - Epoch [157/250] (25122) train_mae: 2.6134, val_mae: 3.2096, lr: 0.000010, 6.6s
2026-05-15 17:53:58,089 - src.base.trainer - INFO - Val loss decrease from 3.2146 to 3.2096, saving to True
2026-05-15 17:54:02,340 - src.base.trainer - INFO - Epoch [158/250] (25200) train_mae: 2.6077, val_mae: 3.2062 
2026-05-15 17:54:02,342 - src.base.trainer - INFO - Val loss decrease from 3.2096 to 3.2062, saving to True
2026-05-15 17:54:05,991 - src.base.trainer - INFO - epoch complete
2026-05-15 17:54:05,991 - src.base.trainer - INFO - evaluating now!
2026-05-15 17:54:06,702 - src.base.trainer - INFO - Epoch [158/250] (25281) train_mae: 2.6090, val_mae: 3.2060, lr: 0.000010, 7.9s
2026-05-15 17:54:06,704 - src.base.trainer - INFO - Val loss decrease from 3.2062 to 3.2060, saving to True
2026-05-15 17:54:13,420 - src.base.trainer - INFO - epoch complete
2026-05-15 17:54:13,420 - src.base.trainer - INFO - evaluating now!
2026-05-15 17:54:14,134 - src.base.trainer - INFO - Epoch [159/250] (25440) train_mae: 2.6050, val_mae: 3.2010, lr: 0.000010, 6.7s
2026-05-15 17:54:14,136 - src.base.trainer - INFO - Val loss decrease from 3.2060 to 3.2010, saving to True
2026-05-15 17:54:20,796 - src.base.trainer - INFO - epoch complete
2026-05-15 17:54:20,796 - src.base.trainer - INFO - evaluating now!
2026-05-15 17:54:21,512 - src.base.trainer - INFO - Epoch [160/250] (25599) train_mae: 2.6027, val_mae: 3.1957, lr: 0.000010, 6.7s
2026-05-15 17:54:21,513 - src.base.trainer - INFO - Val loss decrease from 3.2010 to 3.1957, saving to True
2026-05-15 17:54:22,428 - src.base.trainer - INFO - Epoch [161/250] (25600) train_mae: 1.9697, val_mae: 3.1957 
2026-05-15 17:54:22,431 - src.base.trainer - INFO - Val loss decrease from 3.1957 to 3.1957, saving to True
2026-05-15 17:54:29,185 - src.base.trainer - INFO - epoch complete
2026-05-15 17:54:29,185 - src.base.trainer - INFO - evaluating now!
2026-05-15 17:54:29,898 - src.base.trainer - INFO - Epoch [161/250] (25758) train_mae: 2.5990, val_mae: 3.1918, lr: 0.000010, 7.7s
2026-05-15 17:54:29,900 - src.base.trainer - INFO - Val loss decrease from 3.1957 to 3.1918, saving to True
2026-05-15 17:54:36,522 - src.base.trainer - INFO - epoch complete
2026-05-15 17:54:36,522 - src.base.trainer - INFO - evaluating now!
2026-05-15 17:54:37,235 - src.base.trainer - INFO - Epoch [162/250] (25917) train_mae: 2.5955, val_mae: 3.1881, lr: 0.000010, 6.6s
2026-05-15 17:54:37,237 - src.base.trainer - INFO - Val loss decrease from 3.1918 to 3.1881, saving to True
2026-05-15 17:54:41,702 - src.base.trainer - INFO - Epoch [163/250] (26000) train_mae: 2.5793, val_mae: 3.1871 
2026-05-15 17:54:41,704 - src.base.trainer - INFO - Val loss decrease from 3.1881 to 3.1871, saving to True
2026-05-15 17:54:45,161 - src.base.trainer - INFO - epoch complete
2026-05-15 17:54:45,161 - src.base.trainer - INFO - evaluating now!
2026-05-15 17:54:45,863 - src.base.trainer - INFO - Epoch [163/250] (26076) train_mae: 2.5911, val_mae: 3.1836, lr: 0.000010, 7.9s
2026-05-15 17:54:45,865 - src.base.trainer - INFO - Val loss decrease from 3.1871 to 3.1836, saving to True
2026-05-15 17:54:52,374 - src.base.trainer - INFO - epoch complete
2026-05-15 17:54:52,374 - src.base.trainer - INFO - evaluating now!
2026-05-15 17:54:53,088 - src.base.trainer - INFO - Epoch [164/250] (26235) train_mae: 2.5884, val_mae: 3.1797, lr: 0.000010, 6.5s
2026-05-15 17:54:53,090 - src.base.trainer - INFO - Val loss decrease from 3.1836 to 3.1797, saving to True
2026-05-15 17:54:59,975 - src.base.trainer - INFO - epoch complete
2026-05-15 17:54:59,975 - src.base.trainer - INFO - evaluating now!
2026-05-15 17:55:00,692 - src.base.trainer - INFO - Epoch [165/250] (26394) train_mae: 2.5837, val_mae: 3.1768, lr: 0.000010, 6.9s
2026-05-15 17:55:00,693 - src.base.trainer - INFO - Val loss decrease from 3.1797 to 3.1768, saving to True
2026-05-15 17:55:02,042 - src.base.trainer - INFO - Epoch [166/250] (26400) train_mae: 2.4696, val_mae: 3.1766 
2026-05-15 17:55:02,045 - src.base.trainer - INFO - Val loss decrease from 3.1768 to 3.1766, saving to True
2026-05-15 17:55:10,548 - src.base.trainer - INFO - epoch complete
2026-05-15 17:55:10,549 - src.base.trainer - INFO - evaluating now!
2026-05-15 17:55:11,312 - src.base.trainer - INFO - Epoch [166/250] (26553) train_mae: 2.5820, val_mae: 3.1723, lr: 0.000010, 9.9s
2026-05-15 17:55:11,314 - src.base.trainer - INFO - Val loss decrease from 3.1766 to 3.1723, saving to True
2026-05-15 17:55:18,117 - src.base.trainer - INFO - epoch complete
2026-05-15 17:55:18,117 - src.base.trainer - INFO - evaluating now!
2026-05-15 17:55:18,829 - src.base.trainer - INFO - Epoch [167/250] (26712) train_mae: 2.5804, val_mae: 3.1698, lr: 0.000010, 6.8s
2026-05-15 17:55:18,831 - src.base.trainer - INFO - Val loss decrease from 3.1723 to 3.1698, saving to True
2026-05-15 17:55:23,449 - src.base.trainer - INFO - Epoch [168/250] (26800) train_mae: 2.5653, val_mae: 3.1668 
2026-05-15 17:55:23,451 - src.base.trainer - INFO - Val loss decrease from 3.1698 to 3.1668, saving to True
2026-05-15 17:55:26,736 - src.base.trainer - INFO - epoch complete
2026-05-15 17:55:26,736 - src.base.trainer - INFO - evaluating now!
2026-05-15 17:55:27,439 - src.base.trainer - INFO - Epoch [168/250] (26871) train_mae: 2.5763, val_mae: 3.1646, lr: 0.000010, 7.9s
2026-05-15 17:55:27,441 - src.base.trainer - INFO - Val loss decrease from 3.1668 to 3.1646, saving to True
2026-05-15 17:55:34,023 - src.base.trainer - INFO - epoch complete
2026-05-15 17:55:34,023 - src.base.trainer - INFO - evaluating now!
2026-05-15 17:55:34,739 - src.base.trainer - INFO - Epoch [169/250] (27030) train_mae: 2.5740, val_mae: 3.1617, lr: 0.000010, 6.6s
2026-05-15 17:55:34,741 - src.base.trainer - INFO - Val loss decrease from 3.1646 to 3.1617, saving to True
2026-05-15 17:55:41,364 - src.base.trainer - INFO - epoch complete
2026-05-15 17:55:41,364 - src.base.trainer - INFO - evaluating now!
2026-05-15 17:55:42,084 - src.base.trainer - INFO - Epoch [170/250] (27189) train_mae: 2.5695, val_mae: 3.1577, lr: 0.000010, 6.6s
2026-05-15 17:55:42,086 - src.base.trainer - INFO - Val loss decrease from 3.1617 to 3.1577, saving to True
2026-05-15 17:55:43,642 - src.base.trainer - INFO - Epoch [171/250] (27200) train_mae: 2.4571, val_mae: 3.1571 
2026-05-15 17:55:43,645 - src.base.trainer - INFO - Val loss decrease from 3.1577 to 3.1571, saving to True
2026-05-15 17:55:49,983 - src.base.trainer - INFO - epoch complete
2026-05-15 17:55:49,983 - src.base.trainer - INFO - evaluating now!
2026-05-15 17:55:50,701 - src.base.trainer - INFO - Epoch [171/250] (27348) train_mae: 2.5668, val_mae: 3.1541, lr: 0.000010, 7.9s
2026-05-15 17:55:50,703 - src.base.trainer - INFO - Val loss decrease from 3.1571 to 3.1541, saving to True
2026-05-15 17:55:57,352 - src.base.trainer - INFO - epoch complete
2026-05-15 17:55:57,352 - src.base.trainer - INFO - evaluating now!
2026-05-15 17:55:58,069 - src.base.trainer - INFO - Epoch [172/250] (27507) train_mae: 2.5640, val_mae: 3.1497, lr: 0.000010, 6.6s
2026-05-15 17:55:58,071 - src.base.trainer - INFO - Val loss decrease from 3.1541 to 3.1497, saving to True
2026-05-15 17:56:03,003 - src.base.trainer - INFO - Epoch [173/250] (27600) train_mae: 2.5287, val_mae: 3.1480 
2026-05-15 17:56:03,005 - src.base.trainer - INFO - Val loss decrease from 3.1497 to 3.1480, saving to True
2026-05-15 17:56:06,136 - src.base.trainer - INFO - epoch complete
2026-05-15 17:56:06,137 - src.base.trainer - INFO - evaluating now!
2026-05-15 17:56:06,837 - src.base.trainer - INFO - Epoch [173/250] (27666) train_mae: 2.5625, val_mae: 3.1461, lr: 0.000010, 8.1s
2026-05-15 17:56:06,839 - src.base.trainer - INFO - Val loss decrease from 3.1480 to 3.1461, saving to True
2026-05-15 17:56:13,634 - src.base.trainer - INFO - epoch complete
2026-05-15 17:56:13,634 - src.base.trainer - INFO - evaluating now!
2026-05-15 17:56:14,355 - src.base.trainer - INFO - Epoch [174/250] (27825) train_mae: 2.5587, val_mae: 3.1436, lr: 0.000010, 6.8s
2026-05-15 17:56:14,357 - src.base.trainer - INFO - Val loss decrease from 3.1461 to 3.1436, saving to True
2026-05-15 17:56:21,057 - src.base.trainer - INFO - epoch complete
2026-05-15 17:56:21,057 - src.base.trainer - INFO - evaluating now!
2026-05-15 17:56:21,783 - src.base.trainer - INFO - Epoch [175/250] (27984) train_mae: 2.5567, val_mae: 3.1401, lr: 0.000010, 6.7s
2026-05-15 17:56:21,785 - src.base.trainer - INFO - Val loss decrease from 3.1436 to 3.1401, saving to True
2026-05-15 17:56:23,630 - src.base.trainer - INFO - Epoch [176/250] (28000) train_mae: 2.6217, val_mae: 3.1394 
2026-05-15 17:56:23,632 - src.base.trainer - INFO - Val loss decrease from 3.1401 to 3.1394, saving to True
2026-05-15 17:56:29,765 - src.base.trainer - INFO - epoch complete
2026-05-15 17:56:29,765 - src.base.trainer - INFO - evaluating now!
2026-05-15 17:56:30,490 - src.base.trainer - INFO - Epoch [176/250] (28143) train_mae: 2.5536, val_mae: 3.1371, lr: 0.000010, 8.0s
2026-05-15 17:56:30,491 - src.base.trainer - INFO - Val loss decrease from 3.1394 to 3.1371, saving to True
2026-05-15 17:56:37,220 - src.base.trainer - INFO - epoch complete
2026-05-15 17:56:37,220 - src.base.trainer - INFO - evaluating now!
2026-05-15 17:56:37,948 - src.base.trainer - INFO - Epoch [177/250] (28302) train_mae: 2.5498, val_mae: 3.1325, lr: 0.000010, 6.7s
2026-05-15 17:56:37,950 - src.base.trainer - INFO - Val loss decrease from 3.1371 to 3.1325, saving to True
2026-05-15 17:56:43,064 - src.base.trainer - INFO - Epoch [178/250] (28400) train_mae: 2.6055, val_mae: 3.1321 
2026-05-15 17:56:43,066 - src.base.trainer - INFO - Val loss decrease from 3.1325 to 3.1321, saving to True
2026-05-15 17:56:46,144 - src.base.trainer - INFO - epoch complete
2026-05-15 17:56:46,144 - src.base.trainer - INFO - evaluating now!
2026-05-15 17:56:46,861 - src.base.trainer - INFO - Epoch [178/250] (28461) train_mae: 2.5476, val_mae: 3.1300, lr: 0.000010, 8.2s
2026-05-15 17:56:46,863 - src.base.trainer - INFO - Val loss decrease from 3.1321 to 3.1300, saving to True
2026-05-15 17:56:53,556 - src.base.trainer - INFO - epoch complete
2026-05-15 17:56:53,557 - src.base.trainer - INFO - evaluating now!
2026-05-15 17:56:54,280 - src.base.trainer - INFO - Epoch [179/250] (28620) train_mae: 2.5446, val_mae: 3.1273, lr: 0.000010, 6.7s
2026-05-15 17:56:54,282 - src.base.trainer - INFO - Val loss decrease from 3.1300 to 3.1273, saving to True
2026-05-15 17:57:00,991 - src.base.trainer - INFO - epoch complete
2026-05-15 17:57:00,991 - src.base.trainer - INFO - evaluating now!
2026-05-15 17:57:01,743 - src.base.trainer - INFO - Epoch [180/250] (28779) train_mae: 2.5427, val_mae: 3.1250, lr: 0.000010, 6.7s
2026-05-15 17:57:01,745 - src.base.trainer - INFO - Val loss decrease from 3.1273 to 3.1250, saving to True
2026-05-15 17:57:03,890 - src.base.trainer - INFO - Epoch [181/250] (28800) train_mae: 2.5887, val_mae: 3.1232 
2026-05-15 17:57:03,892 - src.base.trainer - INFO - Val loss decrease from 3.1250 to 3.1232, saving to True
2026-05-15 17:57:09,833 - src.base.trainer - INFO - epoch complete
2026-05-15 17:57:09,833 - src.base.trainer - INFO - evaluating now!
2026-05-15 17:57:10,546 - src.base.trainer - INFO - Epoch [181/250] (28938) train_mae: 2.5395, val_mae: 3.1216, lr: 0.000010, 8.1s
2026-05-15 17:57:10,548 - src.base.trainer - INFO - Val loss decrease from 3.1232 to 3.1216, saving to True
2026-05-15 17:57:17,668 - src.base.trainer - INFO - epoch complete
2026-05-15 17:57:17,669 - src.base.trainer - INFO - evaluating now!
2026-05-15 17:57:18,387 - src.base.trainer - INFO - Epoch [182/250] (29097) train_mae: 2.5387, val_mae: 3.1190, lr: 0.000010, 7.1s
2026-05-15 17:57:18,389 - src.base.trainer - INFO - Val loss decrease from 3.1216 to 3.1190, saving to True
2026-05-15 17:57:23,614 - src.base.trainer - INFO - Epoch [183/250] (29200) train_mae: 2.5350, val_mae: 3.1168 
2026-05-15 17:57:23,615 - src.base.trainer - INFO - Val loss decrease from 3.1190 to 3.1168, saving to True
2026-05-15 17:57:26,365 - src.base.trainer - INFO - epoch complete
2026-05-15 17:57:26,365 - src.base.trainer - INFO - evaluating now!
2026-05-15 17:57:27,071 - src.base.trainer - INFO - Epoch [183/250] (29256) train_mae: 2.5352, val_mae: 3.1156, lr: 0.000010, 8.0s
2026-05-15 17:57:27,073 - src.base.trainer - INFO - Val loss decrease from 3.1168 to 3.1156, saving to True
2026-05-15 17:57:33,735 - src.base.trainer - INFO - epoch complete
2026-05-15 17:57:33,735 - src.base.trainer - INFO - evaluating now!
2026-05-15 17:57:34,457 - src.base.trainer - INFO - Epoch [184/250] (29415) train_mae: 2.5323, val_mae: 3.1119, lr: 0.000010, 6.7s
2026-05-15 17:57:34,459 - src.base.trainer - INFO - Val loss decrease from 3.1156 to 3.1119, saving to True
2026-05-15 17:57:41,089 - src.base.trainer - INFO - epoch complete
2026-05-15 17:57:41,089 - src.base.trainer - INFO - evaluating now!
2026-05-15 17:57:41,806 - src.base.trainer - INFO - Epoch [185/250] (29574) train_mae: 2.5314, val_mae: 3.1092, lr: 0.000010, 6.6s
2026-05-15 17:57:41,808 - src.base.trainer - INFO - Val loss decrease from 3.1119 to 3.1092, saving to True
2026-05-15 17:57:44,306 - src.base.trainer - INFO - Epoch [186/250] (29600) train_mae: 2.4182, val_mae: 3.1088 
2026-05-15 17:57:44,308 - src.base.trainer - INFO - Val loss decrease from 3.1092 to 3.1088, saving to True
2026-05-15 17:57:49,887 - src.base.trainer - INFO - epoch complete
2026-05-15 17:57:49,887 - src.base.trainer - INFO - evaluating now!
2026-05-15 17:57:50,602 - src.base.trainer - INFO - Epoch [186/250] (29733) train_mae: 2.5298, val_mae: 3.1063, lr: 0.000010, 8.1s
2026-05-15 17:57:50,604 - src.base.trainer - INFO - Val loss decrease from 3.1088 to 3.1063, saving to True
2026-05-15 17:57:57,227 - src.base.trainer - INFO - epoch complete
2026-05-15 17:57:57,227 - src.base.trainer - INFO - evaluating now!
2026-05-15 17:57:57,939 - src.base.trainer - INFO - Epoch [187/250] (29892) train_mae: 2.5252, val_mae: 3.1039, lr: 0.000010, 6.6s
2026-05-15 17:57:57,941 - src.base.trainer - INFO - Val loss decrease from 3.1063 to 3.1039, saving to True
2026-05-15 17:58:03,433 - src.base.trainer - INFO - Epoch [188/250] (30000) train_mae: 2.5321, val_mae: 3.1034 
2026-05-15 17:58:03,435 - src.base.trainer - INFO - Val loss decrease from 3.1039 to 3.1034, saving to True
2026-05-15 17:58:05,989 - src.base.trainer - INFO - epoch complete
2026-05-15 17:58:05,989 - src.base.trainer - INFO - evaluating now!
2026-05-15 17:58:06,703 - src.base.trainer - INFO - Epoch [188/250] (30051) train_mae: 2.5247, val_mae: 3.1013, lr: 0.000010, 8.0s
2026-05-15 17:58:06,705 - src.base.trainer - INFO - Val loss decrease from 3.1034 to 3.1013, saving to True
2026-05-15 17:58:13,395 - src.base.trainer - INFO - epoch complete
2026-05-15 17:58:13,395 - src.base.trainer - INFO - evaluating now!
2026-05-15 17:58:14,109 - src.base.trainer - INFO - Epoch [189/250] (30210) train_mae: 2.5224, val_mae: 3.0992, lr: 0.000010, 6.7s
2026-05-15 17:58:14,111 - src.base.trainer - INFO - Val loss decrease from 3.1013 to 3.0992, saving to True
2026-05-15 17:58:20,795 - src.base.trainer - INFO - epoch complete
2026-05-15 17:58:20,796 - src.base.trainer - INFO - evaluating now!
2026-05-15 17:58:21,513 - src.base.trainer - INFO - Epoch [190/250] (30369) train_mae: 2.5193, val_mae: 3.0963, lr: 0.000010, 6.7s
2026-05-15 17:58:21,515 - src.base.trainer - INFO - Val loss decrease from 3.0992 to 3.0963, saving to True
2026-05-15 17:58:24,031 - src.base.trainer - INFO - Epoch [191/250] (30400) train_mae: 2.4490, val_mae: 3.0960 
2026-05-15 17:58:24,033 - src.base.trainer - INFO - Val loss decrease from 3.0963 to 3.0960, saving to True
2026-05-15 17:58:29,425 - src.base.trainer - INFO - epoch complete
2026-05-15 17:58:29,425 - src.base.trainer - INFO - evaluating now!
2026-05-15 17:58:30,148 - src.base.trainer - INFO - Epoch [191/250] (30528) train_mae: 2.5169, val_mae: 3.0928, lr: 0.000010, 7.9s
2026-05-15 17:58:30,150 - src.base.trainer - INFO - Val loss decrease from 3.0960 to 3.0928, saving to True
2026-05-15 17:58:36,851 - src.base.trainer - INFO - epoch complete
2026-05-15 17:58:36,851 - src.base.trainer - INFO - evaluating now!
2026-05-15 17:58:37,567 - src.base.trainer - INFO - Epoch [192/250] (30687) train_mae: 2.5157, val_mae: 3.0898, lr: 0.000010, 6.7s
2026-05-15 17:58:37,569 - src.base.trainer - INFO - Val loss decrease from 3.0928 to 3.0898, saving to True
2026-05-15 17:58:43,174 - src.base.trainer - INFO - Epoch [193/250] (30800) train_mae: 2.4984, val_mae: 3.0889 
2026-05-15 17:58:43,176 - src.base.trainer - INFO - Val loss decrease from 3.0898 to 3.0889, saving to True
2026-05-15 17:58:45,542 - src.base.trainer - INFO - epoch complete
2026-05-15 17:58:45,542 - src.base.trainer - INFO - evaluating now!
2026-05-15 17:58:46,282 - src.base.trainer - INFO - Epoch [193/250] (30846) train_mae: 2.5130, val_mae: 3.0878, lr: 0.000010, 8.0s
2026-05-15 17:58:46,284 - src.base.trainer - INFO - Val loss decrease from 3.0889 to 3.0878, saving to True
2026-05-15 17:58:52,890 - src.base.trainer - INFO - epoch complete
2026-05-15 17:58:52,890 - src.base.trainer - INFO - evaluating now!
2026-05-15 17:58:53,607 - src.base.trainer - INFO - Epoch [194/250] (31005) train_mae: 2.5111, val_mae: 3.0847, lr: 0.000010, 6.6s
2026-05-15 17:58:53,608 - src.base.trainer - INFO - Val loss decrease from 3.0878 to 3.0847, saving to True
2026-05-15 17:59:00,263 - src.base.trainer - INFO - epoch complete
2026-05-15 17:59:00,263 - src.base.trainer - INFO - evaluating now!
2026-05-15 17:59:00,996 - src.base.trainer - INFO - Epoch [195/250] (31164) train_mae: 2.5102, val_mae: 3.0827, lr: 0.000010, 6.7s
2026-05-15 17:59:00,998 - src.base.trainer - INFO - Val loss decrease from 3.0847 to 3.0827, saving to True
2026-05-15 17:59:03,741 - src.base.trainer - INFO - Epoch [196/250] (31200) train_mae: 2.6129, val_mae: 3.0820 
2026-05-15 17:59:03,743 - src.base.trainer - INFO - Val loss decrease from 3.0827 to 3.0820, saving to True
2026-05-15 17:59:09,076 - src.base.trainer - INFO - epoch complete
2026-05-15 17:59:09,076 - src.base.trainer - INFO - evaluating now!
2026-05-15 17:59:09,790 - src.base.trainer - INFO - Epoch [196/250] (31323) train_mae: 2.5068, val_mae: 3.0807, lr: 0.000010, 8.1s
2026-05-15 17:59:09,792 - src.base.trainer - INFO - Val loss decrease from 3.0820 to 3.0807, saving to True
2026-05-15 17:59:16,458 - src.base.trainer - INFO - epoch complete
2026-05-15 17:59:16,458 - src.base.trainer - INFO - evaluating now!
2026-05-15 17:59:17,183 - src.base.trainer - INFO - Epoch [197/250] (31482) train_mae: 2.5059, val_mae: 3.0785, lr: 0.000010, 6.7s
2026-05-15 17:59:17,184 - src.base.trainer - INFO - Val loss decrease from 3.0807 to 3.0785, saving to True
2026-05-15 17:59:22,992 - src.base.trainer - INFO - Epoch [198/250] (31600) train_mae: 2.5213, val_mae: 3.0756 
2026-05-15 17:59:22,994 - src.base.trainer - INFO - Val loss decrease from 3.0785 to 3.0756, saving to True
2026-05-15 17:59:25,131 - src.base.trainer - INFO - epoch complete
2026-05-15 17:59:25,132 - src.base.trainer - INFO - evaluating now!
2026-05-15 17:59:25,872 - src.base.trainer - INFO - Epoch [198/250] (31641) train_mae: 2.5031, val_mae: 3.0764, lr: 0.000010, 7.9s
2026-05-15 17:59:31,920 - src.base.trainer - INFO - epoch complete
2026-05-15 17:59:31,920 - src.base.trainer - INFO - evaluating now!
2026-05-15 17:59:32,632 - src.base.trainer - INFO - Epoch [199/250] (31800) train_mae: 2.5017, val_mae: 3.0732, lr: 0.000010, 6.0s
2026-05-15 17:59:32,634 - src.base.trainer - INFO - Val loss decrease from 3.0756 to 3.0732, saving to True
2026-05-15 17:59:39,298 - src.base.trainer - INFO - epoch complete
2026-05-15 17:59:39,298 - src.base.trainer - INFO - evaluating now!
2026-05-15 17:59:40,011 - src.base.trainer - INFO - Epoch [200/250] (31959) train_mae: 2.5013, val_mae: 3.0718, lr: 0.000010, 6.7s
2026-05-15 17:59:40,013 - src.base.trainer - INFO - Val loss decrease from 3.0732 to 3.0718, saving to True
2026-05-15 17:59:42,918 - src.base.trainer - INFO - Epoch [201/250] (32000) train_mae: 2.4371, val_mae: 3.0704 
2026-05-15 17:59:42,920 - src.base.trainer - INFO - Val loss decrease from 3.0718 to 3.0704, saving to True
2026-05-15 17:59:47,909 - src.base.trainer - INFO - epoch complete
2026-05-15 17:59:47,909 - src.base.trainer - INFO - evaluating now!
2026-05-15 17:59:48,627 - src.base.trainer - INFO - Epoch [201/250] (32118) train_mae: 2.4988, val_mae: 3.0695, lr: 0.000010, 7.9s
2026-05-15 17:59:48,629 - src.base.trainer - INFO - Val loss decrease from 3.0704 to 3.0695, saving to True
2026-05-15 17:59:55,241 - src.base.trainer - INFO - epoch complete
2026-05-15 17:59:55,241 - src.base.trainer - INFO - evaluating now!
2026-05-15 17:59:55,956 - src.base.trainer - INFO - Epoch [202/250] (32277) train_mae: 2.4953, val_mae: 3.0670, lr: 0.000010, 6.6s
2026-05-15 17:59:55,958 - src.base.trainer - INFO - Val loss decrease from 3.0695 to 3.0670, saving to True
2026-05-15 18:00:01,991 - src.base.trainer - INFO - Epoch [203/250] (32400) train_mae: 2.5070, val_mae: 3.0650 
2026-05-15 18:00:01,993 - src.base.trainer - INFO - Val loss decrease from 3.0670 to 3.0650, saving to True
2026-05-15 18:00:03,912 - src.base.trainer - INFO - epoch complete
2026-05-15 18:00:03,913 - src.base.trainer - INFO - evaluating now!
2026-05-15 18:00:04,697 - src.base.trainer - INFO - Epoch [203/250] (32436) train_mae: 2.4947, val_mae: 3.0647, lr: 0.000010, 8.0s
2026-05-15 18:00:04,699 - src.base.trainer - INFO - Val loss decrease from 3.0650 to 3.0647, saving to True
2026-05-15 18:00:11,280 - src.base.trainer - INFO - epoch complete
2026-05-15 18:00:11,280 - src.base.trainer - INFO - evaluating now!
2026-05-15 18:00:12,042 - src.base.trainer - INFO - Epoch [204/250] (32595) train_mae: 2.4941, val_mae: 3.0625, lr: 0.000010, 6.6s
2026-05-15 18:00:12,044 - src.base.trainer - INFO - Val loss decrease from 3.0647 to 3.0625, saving to True
2026-05-15 18:00:18,725 - src.base.trainer - INFO - epoch complete
2026-05-15 18:00:18,725 - src.base.trainer - INFO - evaluating now!
2026-05-15 18:00:19,441 - src.base.trainer - INFO - Epoch [205/250] (32754) train_mae: 2.4899, val_mae: 3.0603, lr: 0.000010, 6.7s
2026-05-15 18:00:19,443 - src.base.trainer - INFO - Val loss decrease from 3.0625 to 3.0603, saving to True
2026-05-15 18:00:22,536 - src.base.trainer - INFO - Epoch [206/250] (32800) train_mae: 2.4840, val_mae: 3.0593 
2026-05-15 18:00:22,538 - src.base.trainer - INFO - Val loss decrease from 3.0603 to 3.0593, saving to True
2026-05-15 18:00:27,328 - src.base.trainer - INFO - epoch complete
2026-05-15 18:00:27,328 - src.base.trainer - INFO - evaluating now!
2026-05-15 18:00:28,043 - src.base.trainer - INFO - Epoch [206/250] (32913) train_mae: 2.4888, val_mae: 3.0585, lr: 0.000010, 7.9s
2026-05-15 18:00:28,045 - src.base.trainer - INFO - Val loss decrease from 3.0593 to 3.0585, saving to True
2026-05-15 18:00:34,728 - src.base.trainer - INFO - epoch complete
2026-05-15 18:00:34,728 - src.base.trainer - INFO - evaluating now!
2026-05-15 18:00:35,441 - src.base.trainer - INFO - Epoch [207/250] (33072) train_mae: 2.4859, val_mae: 3.0560, lr: 0.000010, 6.7s
2026-05-15 18:00:35,443 - src.base.trainer - INFO - Val loss decrease from 3.0585 to 3.0560, saving to True
2026-05-15 18:00:41,603 - src.base.trainer - INFO - Epoch [208/250] (33200) train_mae: 2.4893, val_mae: 3.0544 
2026-05-15 18:00:41,605 - src.base.trainer - INFO - Val loss decrease from 3.0560 to 3.0544, saving to True
2026-05-15 18:00:43,332 - src.base.trainer - INFO - epoch complete
2026-05-15 18:00:43,332 - src.base.trainer - INFO - evaluating now!
2026-05-15 18:00:44,237 - src.base.trainer - INFO - Epoch [208/250] (33231) train_mae: 2.4866, val_mae: 3.0543, lr: 0.000010, 7.9s
2026-05-15 18:00:44,239 - src.base.trainer - INFO - Val loss decrease from 3.0544 to 3.0543, saving to True
2026-05-15 18:00:50,856 - src.base.trainer - INFO - epoch complete
2026-05-15 18:00:50,856 - src.base.trainer - INFO - evaluating now!
2026-05-15 18:00:51,569 - src.base.trainer - INFO - Epoch [209/250] (33390) train_mae: 2.4833, val_mae: 3.0519, lr: 0.000010, 6.6s
2026-05-15 18:00:51,571 - src.base.trainer - INFO - Val loss decrease from 3.0543 to 3.0519, saving to True
2026-05-15 18:00:58,183 - src.base.trainer - INFO - epoch complete
2026-05-15 18:00:58,183 - src.base.trainer - INFO - evaluating now!
2026-05-15 18:00:58,900 - src.base.trainer - INFO - Epoch [210/250] (33549) train_mae: 2.4837, val_mae: 3.0503, lr: 0.000010, 6.6s
2026-05-15 18:00:58,902 - src.base.trainer - INFO - Val loss decrease from 3.0519 to 3.0503, saving to True
2026-05-15 18:01:02,271 - src.base.trainer - INFO - Epoch [211/250] (33600) train_mae: 2.4546, val_mae: 3.0502 
2026-05-15 18:01:02,273 - src.base.trainer - INFO - Val loss decrease from 3.0503 to 3.0502, saving to True
2026-05-15 18:01:06,963 - src.base.trainer - INFO - epoch complete
2026-05-15 18:01:06,963 - src.base.trainer - INFO - evaluating now!
2026-05-15 18:01:07,775 - src.base.trainer - INFO - Epoch [211/250] (33708) train_mae: 2.4818, val_mae: 3.0483, lr: 0.000010, 8.1s
2026-05-15 18:01:07,777 - src.base.trainer - INFO - Val loss decrease from 3.0502 to 3.0483, saving to True
2026-05-15 18:01:14,510 - src.base.trainer - INFO - epoch complete
2026-05-15 18:01:14,511 - src.base.trainer - INFO - evaluating now!
2026-05-15 18:01:15,232 - src.base.trainer - INFO - Epoch [212/250] (33867) train_mae: 2.4813, val_mae: 3.0473, lr: 0.000010, 6.7s
2026-05-15 18:01:15,234 - src.base.trainer - INFO - Val loss decrease from 3.0483 to 3.0473, saving to True
2026-05-15 18:01:21,656 - src.base.trainer - INFO - Epoch [213/250] (34000) train_mae: 2.4813, val_mae: 3.0454 
2026-05-15 18:01:21,658 - src.base.trainer - INFO - Val loss decrease from 3.0473 to 3.0454, saving to True
2026-05-15 18:01:22,967 - src.base.trainer - INFO - epoch complete
2026-05-15 18:01:22,967 - src.base.trainer - INFO - evaluating now!
2026-05-15 18:01:23,958 - src.base.trainer - INFO - Epoch [213/250] (34026) train_mae: 2.4785, val_mae: 3.0454, lr: 0.000010, 7.7s
2026-05-15 18:01:23,960 - src.base.trainer - INFO - Val loss decrease from 3.0454 to 3.0454, saving to True
2026-05-15 18:01:30,568 - src.base.trainer - INFO - epoch complete
2026-05-15 18:01:30,568 - src.base.trainer - INFO - evaluating now!
2026-05-15 18:01:31,281 - src.base.trainer - INFO - Epoch [214/250] (34185) train_mae: 2.4787, val_mae: 3.0427, lr: 0.000010, 6.6s
2026-05-15 18:01:31,283 - src.base.trainer - INFO - Val loss decrease from 3.0454 to 3.0427, saving to True
2026-05-15 18:01:37,944 - src.base.trainer - INFO - epoch complete
2026-05-15 18:01:37,944 - src.base.trainer - INFO - evaluating now!
2026-05-15 18:01:38,664 - src.base.trainer - INFO - Epoch [215/250] (34344) train_mae: 2.4754, val_mae: 3.0407, lr: 0.000010, 6.7s
2026-05-15 18:01:38,666 - src.base.trainer - INFO - Val loss decrease from 3.0427 to 3.0407, saving to True
2026-05-15 18:01:42,163 - src.base.trainer - INFO - Epoch [216/250] (34400) train_mae: 2.5141, val_mae: 3.0399 
2026-05-15 18:01:42,165 - src.base.trainer - INFO - Val loss decrease from 3.0407 to 3.0399, saving to True
2026-05-15 18:01:46,687 - src.base.trainer - INFO - epoch complete
2026-05-15 18:01:46,687 - src.base.trainer - INFO - evaluating now!
2026-05-15 18:01:47,426 - src.base.trainer - INFO - Epoch [216/250] (34503) train_mae: 2.4735, val_mae: 3.0401, lr: 0.000010, 8.0s
2026-05-15 18:01:53,544 - src.base.trainer - INFO - epoch complete
2026-05-15 18:01:53,544 - src.base.trainer - INFO - evaluating now!
2026-05-15 18:01:54,258 - src.base.trainer - INFO - Epoch [217/250] (34662) train_mae: 2.4721, val_mae: 3.0374, lr: 0.000010, 6.1s
2026-05-15 18:01:54,260 - src.base.trainer - INFO - Val loss decrease from 3.0399 to 3.0374, saving to True
2026-05-15 18:02:00,872 - src.base.trainer - INFO - Epoch [218/250] (34800) train_mae: 2.4644, val_mae: 3.0359 
2026-05-15 18:02:00,874 - src.base.trainer - INFO - Val loss decrease from 3.0374 to 3.0359, saving to True
2026-05-15 18:02:01,875 - src.base.trainer - INFO - epoch complete
2026-05-15 18:02:01,875 - src.base.trainer - INFO - evaluating now!
2026-05-15 18:02:02,984 - src.base.trainer - INFO - Epoch [218/250] (34821) train_mae: 2.4714, val_mae: 3.0354, lr: 0.000010, 7.6s
2026-05-15 18:02:02,986 - src.base.trainer - INFO - Val loss decrease from 3.0359 to 3.0354, saving to True
2026-05-15 18:02:09,615 - src.base.trainer - INFO - epoch complete
2026-05-15 18:02:09,615 - src.base.trainer - INFO - evaluating now!
2026-05-15 18:02:10,328 - src.base.trainer - INFO - Epoch [219/250] (34980) train_mae: 2.4724, val_mae: 3.0339, lr: 0.000010, 6.6s
2026-05-15 18:02:10,330 - src.base.trainer - INFO - Val loss decrease from 3.0354 to 3.0339, saving to True
2026-05-15 18:02:17,568 - src.base.trainer - INFO - epoch complete
2026-05-15 18:02:17,568 - src.base.trainer - INFO - evaluating now!
2026-05-15 18:02:18,297 - src.base.trainer - INFO - Epoch [220/250] (35139) train_mae: 2.4677, val_mae: 3.0329, lr: 0.000010, 7.2s
2026-05-15 18:02:18,299 - src.base.trainer - INFO - Val loss decrease from 3.0339 to 3.0329, saving to True
2026-05-15 18:02:22,013 - src.base.trainer - INFO - Epoch [221/250] (35200) train_mae: 2.3994, val_mae: 3.0314 
2026-05-15 18:02:22,015 - src.base.trainer - INFO - Val loss decrease from 3.0329 to 3.0314, saving to True
2026-05-15 18:02:26,314 - src.base.trainer - INFO - epoch complete
2026-05-15 18:02:26,314 - src.base.trainer - INFO - evaluating now!
2026-05-15 18:02:27,025 - src.base.trainer - INFO - Epoch [221/250] (35298) train_mae: 2.4662, val_mae: 3.0309, lr: 0.000010, 8.0s
2026-05-15 18:02:27,027 - src.base.trainer - INFO - Val loss decrease from 3.0314 to 3.0309, saving to True
2026-05-15 18:02:33,786 - src.base.trainer - INFO - epoch complete
2026-05-15 18:02:33,786 - src.base.trainer - INFO - evaluating now!
2026-05-15 18:02:34,504 - src.base.trainer - INFO - Epoch [222/250] (35457) train_mae: 2.4653, val_mae: 3.0294, lr: 0.000010, 6.8s
2026-05-15 18:02:34,506 - src.base.trainer - INFO - Val loss decrease from 3.0309 to 3.0294, saving to True
2026-05-15 18:02:41,354 - src.base.trainer - INFO - Epoch [223/250] (35600) train_mae: 2.4687, val_mae: 3.0274 
2026-05-15 18:02:41,356 - src.base.trainer - INFO - Val loss decrease from 3.0294 to 3.0274, saving to True
2026-05-15 18:02:42,043 - src.base.trainer - INFO - epoch complete
2026-05-15 18:02:42,043 - src.base.trainer - INFO - evaluating now!
2026-05-15 18:02:43,189 - src.base.trainer - INFO - Epoch [223/250] (35616) train_mae: 2.4648, val_mae: 3.0277, lr: 0.000010, 7.5s
2026-05-15 18:02:49,413 - src.base.trainer - INFO - epoch complete
2026-05-15 18:02:49,414 - src.base.trainer - INFO - evaluating now!
2026-05-15 18:02:50,138 - src.base.trainer - INFO - Epoch [224/250] (35775) train_mae: 2.4638, val_mae: 3.0268, lr: 0.000010, 6.2s
2026-05-15 18:02:50,140 - src.base.trainer - INFO - Val loss decrease from 3.0274 to 3.0268, saving to True
2026-05-15 18:02:57,013 - src.base.trainer - INFO - epoch complete
2026-05-15 18:02:57,013 - src.base.trainer - INFO - evaluating now!
2026-05-15 18:02:57,747 - src.base.trainer - INFO - Epoch [225/250] (35934) train_mae: 2.4619, val_mae: 3.0244, lr: 0.000010, 6.9s
2026-05-15 18:02:57,749 - src.base.trainer - INFO - Val loss decrease from 3.0268 to 3.0244, saving to True
2026-05-15 18:03:01,677 - src.base.trainer - INFO - Epoch [226/250] (36000) train_mae: 2.4423, val_mae: 3.0237 
2026-05-15 18:03:01,679 - src.base.trainer - INFO - Val loss decrease from 3.0244 to 3.0237, saving to True
2026-05-15 18:03:05,836 - src.base.trainer - INFO - epoch complete
2026-05-15 18:03:05,836 - src.base.trainer - INFO - evaluating now!
2026-05-15 18:03:06,549 - src.base.trainer - INFO - Epoch [226/250] (36093) train_mae: 2.4610, val_mae: 3.0241, lr: 0.000010, 8.1s
2026-05-15 18:03:12,824 - src.base.trainer - INFO - epoch complete
2026-05-15 18:03:12,824 - src.base.trainer - INFO - evaluating now!
2026-05-15 18:03:13,548 - src.base.trainer - INFO - Epoch [227/250] (36252) train_mae: 2.4581, val_mae: 3.0215, lr: 0.000010, 6.3s
2026-05-15 18:03:13,550 - src.base.trainer - INFO - Val loss decrease from 3.0237 to 3.0215, saving to True
2026-05-15 18:03:20,627 - src.base.trainer - INFO - Epoch [228/250] (36400) train_mae: 2.4459, val_mae: 3.0201 
2026-05-15 18:03:20,629 - src.base.trainer - INFO - Val loss decrease from 3.0215 to 3.0201, saving to True
2026-05-15 18:03:21,058 - src.base.trainer - INFO - epoch complete
2026-05-15 18:03:21,058 - src.base.trainer - INFO - evaluating now!
2026-05-15 18:03:22,180 - src.base.trainer - INFO - Epoch [228/250] (36411) train_mae: 2.4585, val_mae: 3.0200, lr: 0.000010, 7.5s
2026-05-15 18:03:22,182 - src.base.trainer - INFO - Val loss decrease from 3.0201 to 3.0200, saving to True
2026-05-15 18:03:29,027 - src.base.trainer - INFO - epoch complete
2026-05-15 18:03:29,028 - src.base.trainer - INFO - evaluating now!
2026-05-15 18:03:29,745 - src.base.trainer - INFO - Epoch [229/250] (36570) train_mae: 2.4565, val_mae: 3.0186, lr: 0.000010, 6.8s
2026-05-15 18:03:29,747 - src.base.trainer - INFO - Val loss decrease from 3.0200 to 3.0186, saving to True
2026-05-15 18:03:36,444 - src.base.trainer - INFO - epoch complete
2026-05-15 18:03:36,444 - src.base.trainer - INFO - evaluating now!
2026-05-15 18:03:37,168 - src.base.trainer - INFO - Epoch [230/250] (36729) train_mae: 2.4559, val_mae: 3.0172, lr: 0.000010, 6.7s
2026-05-15 18:03:37,170 - src.base.trainer - INFO - Val loss decrease from 3.0186 to 3.0172, saving to True
2026-05-15 18:03:41,213 - src.base.trainer - INFO - Epoch [231/250] (36800) train_mae: 2.5251, val_mae: 3.0167 
2026-05-15 18:03:41,215 - src.base.trainer - INFO - Val loss decrease from 3.0172 to 3.0167, saving to True
2026-05-15 18:03:45,172 - src.base.trainer - INFO - epoch complete
2026-05-15 18:03:45,172 - src.base.trainer - INFO - evaluating now!
2026-05-15 18:03:45,884 - src.base.trainer - INFO - Epoch [231/250] (36888) train_mae: 2.4550, val_mae: 3.0157, lr: 0.000010, 8.0s
2026-05-15 18:03:45,886 - src.base.trainer - INFO - Val loss decrease from 3.0167 to 3.0157, saving to True
2026-05-15 18:03:53,619 - src.base.trainer - INFO - epoch complete
2026-05-15 18:03:53,619 - src.base.trainer - INFO - evaluating now!
2026-05-15 18:03:54,330 - src.base.trainer - INFO - Epoch [232/250] (37047) train_mae: 2.4531, val_mae: 3.0141, lr: 0.000010, 7.7s
2026-05-15 18:03:54,332 - src.base.trainer - INFO - Val loss decrease from 3.0157 to 3.0141, saving to True
2026-05-15 18:04:01,629 - src.base.trainer - INFO - Epoch [233/250] (37200) train_mae: 2.4514, val_mae: 3.0133 
2026-05-15 18:04:01,631 - src.base.trainer - INFO - Val loss decrease from 3.0141 to 3.0133, saving to True
2026-05-15 18:04:01,859 - src.base.trainer - INFO - epoch complete
2026-05-15 18:04:01,859 - src.base.trainer - INFO - evaluating now!
2026-05-15 18:04:02,850 - src.base.trainer - INFO - Epoch [233/250] (37206) train_mae: 2.4518, val_mae: 3.0129, lr: 0.000010, 7.5s
2026-05-15 18:04:02,853 - src.base.trainer - INFO - Val loss decrease from 3.0133 to 3.0129, saving to True
2026-05-15 18:04:10,027 - src.base.trainer - INFO - epoch complete
2026-05-15 18:04:10,028 - src.base.trainer - INFO - evaluating now!
2026-05-15 18:04:10,771 - src.base.trainer - INFO - Epoch [234/250] (37365) train_mae: 2.4516, val_mae: 3.0118, lr: 0.000010, 7.2s
2026-05-15 18:04:10,773 - src.base.trainer - INFO - Val loss decrease from 3.0129 to 3.0118, saving to True
2026-05-15 18:04:17,717 - src.base.trainer - INFO - epoch complete
2026-05-15 18:04:17,718 - src.base.trainer - INFO - evaluating now!
2026-05-15 18:04:18,465 - src.base.trainer - INFO - Epoch [235/250] (37524) train_mae: 2.4507, val_mae: 3.0104, lr: 0.000010, 6.9s
2026-05-15 18:04:18,467 - src.base.trainer - INFO - Val loss decrease from 3.0118 to 3.0104, saving to True
2026-05-15 18:04:22,852 - src.base.trainer - INFO - Epoch [236/250] (37600) train_mae: 2.4305, val_mae: 3.0099 
2026-05-15 18:04:22,854 - src.base.trainer - INFO - Val loss decrease from 3.0104 to 3.0099, saving to True
2026-05-15 18:04:26,761 - src.base.trainer - INFO - epoch complete
2026-05-15 18:04:26,761 - src.base.trainer - INFO - evaluating now!
2026-05-15 18:04:27,482 - src.base.trainer - INFO - Epoch [236/250] (37683) train_mae: 2.4488, val_mae: 3.0087, lr: 0.000010, 8.3s
2026-05-15 18:04:27,484 - src.base.trainer - INFO - Val loss decrease from 3.0099 to 3.0087, saving to True
2026-05-15 18:04:34,373 - src.base.trainer - INFO - epoch complete
2026-05-15 18:04:34,373 - src.base.trainer - INFO - evaluating now!
2026-05-15 18:04:35,128 - src.base.trainer - INFO - Epoch [237/250] (37842) train_mae: 2.4484, val_mae: 3.0074, lr: 0.000010, 6.9s
2026-05-15 18:04:35,130 - src.base.trainer - INFO - Val loss decrease from 3.0087 to 3.0074, saving to True
2026-05-15 18:04:42,755 - src.base.trainer - INFO - Epoch [238/250] (38000) train_mae: 2.4428, val_mae: 3.0061 
2026-05-15 18:04:42,757 - src.base.trainer - INFO - Val loss decrease from 3.0074 to 3.0061, saving to True
2026-05-15 18:04:42,787 - src.base.trainer - INFO - epoch complete
2026-05-15 18:04:42,787 - src.base.trainer - INFO - evaluating now!
2026-05-15 18:04:43,660 - src.base.trainer - INFO - Epoch [238/250] (38001) train_mae: 2.4492, val_mae: 3.0062, lr: 0.000010, 7.7s
2026-05-15 18:04:50,424 - src.base.trainer - INFO - epoch complete
2026-05-15 18:04:50,424 - src.base.trainer - INFO - evaluating now!
2026-05-15 18:04:51,177 - src.base.trainer - INFO - Epoch [239/250] (38160) train_mae: 2.4471, val_mae: 3.0062, lr: 0.000010, 6.8s
2026-05-15 18:04:57,512 - src.base.trainer - INFO - epoch complete
2026-05-15 18:04:57,512 - src.base.trainer - INFO - evaluating now!
2026-05-15 18:04:58,265 - src.base.trainer - INFO - Epoch [240/250] (38319) train_mae: 2.4446, val_mae: 3.0038, lr: 0.000010, 6.3s
2026-05-15 18:04:58,267 - src.base.trainer - INFO - Val loss decrease from 3.0061 to 3.0038, saving to True
2026-05-15 18:05:02,905 - src.base.trainer - INFO - Epoch [241/250] (38400) train_mae: 2.4488, val_mae: 3.0032 
2026-05-15 18:05:02,907 - src.base.trainer - INFO - Val loss decrease from 3.0038 to 3.0032, saving to True
2026-05-15 18:05:06,636 - src.base.trainer - INFO - epoch complete
2026-05-15 18:05:06,636 - src.base.trainer - INFO - evaluating now!
2026-05-15 18:05:07,371 - src.base.trainer - INFO - Epoch [241/250] (38478) train_mae: 2.4452, val_mae: 3.0022, lr: 0.000010, 8.4s
2026-05-15 18:05:07,373 - src.base.trainer - INFO - Val loss decrease from 3.0032 to 3.0022, saving to True
2026-05-15 18:05:14,387 - src.base.trainer - INFO - epoch complete
2026-05-15 18:05:14,387 - src.base.trainer - INFO - evaluating now!
2026-05-15 18:05:15,139 - src.base.trainer - INFO - Epoch [242/250] (38637) train_mae: 2.4436, val_mae: 3.0016, lr: 0.000010, 7.0s
2026-05-15 18:05:15,146 - src.base.trainer - INFO - Val loss decrease from 3.0022 to 3.0016, saving to True
2026-05-15 18:05:22,068 - src.base.trainer - INFO - epoch complete
2026-05-15 18:05:22,068 - src.base.trainer - INFO - evaluating now!
2026-05-15 18:05:22,828 - src.base.trainer - INFO - Epoch [243/250] (38796) train_mae: 2.4426, val_mae: 3.0001, lr: 0.000010, 6.9s
2026-05-15 18:05:22,830 - src.base.trainer - INFO - Val loss decrease from 3.0016 to 3.0001, saving to True
2026-05-15 18:05:23,968 - src.base.trainer - INFO - Epoch [244/250] (38800) train_mae: 2.3616, val_mae: 3.0001 
2026-05-15 18:05:23,970 - src.base.trainer - INFO - Val loss decrease from 3.0001 to 3.0001, saving to True
2026-05-15 18:05:30,961 - src.base.trainer - INFO - epoch complete
2026-05-15 18:05:30,962 - src.base.trainer - INFO - evaluating now!
2026-05-15 18:05:31,714 - src.base.trainer - INFO - Epoch [244/250] (38955) train_mae: 2.4408, val_mae: 2.9991, lr: 0.000010, 8.1s
2026-05-15 18:05:31,716 - src.base.trainer - INFO - Val loss decrease from 3.0001 to 2.9991, saving to True
2026-05-15 18:05:38,574 - src.base.trainer - INFO - epoch complete
2026-05-15 18:05:38,575 - src.base.trainer - INFO - evaluating now!
2026-05-15 18:05:39,333 - src.base.trainer - INFO - Epoch [245/250] (39114) train_mae: 2.4396, val_mae: 2.9978, lr: 0.000010, 6.9s
2026-05-15 18:05:39,335 - src.base.trainer - INFO - Val loss decrease from 2.9991 to 2.9978, saving to True
2026-05-15 18:05:44,075 - src.base.trainer - INFO - Epoch [246/250] (39200) train_mae: 2.4435, val_mae: 2.9974 
2026-05-15 18:05:44,077 - src.base.trainer - INFO - Val loss decrease from 2.9978 to 2.9974, saving to True
2026-05-15 18:05:47,604 - src.base.trainer - INFO - epoch complete
2026-05-15 18:05:47,604 - src.base.trainer - INFO - evaluating now!
2026-05-15 18:05:48,311 - src.base.trainer - INFO - Epoch [246/250] (39273) train_mae: 2.4394, val_mae: 2.9960, lr: 0.000010, 8.3s
2026-05-15 18:05:48,313 - src.base.trainer - INFO - Val loss decrease from 2.9974 to 2.9960, saving to True
2026-05-15 18:05:55,153 - src.base.trainer - INFO - epoch complete
2026-05-15 18:05:55,154 - src.base.trainer - INFO - evaluating now!
2026-05-15 18:05:55,911 - src.base.trainer - INFO - Epoch [247/250] (39432) train_mae: 2.4390, val_mae: 2.9959, lr: 0.000010, 6.8s
2026-05-15 18:05:55,913 - src.base.trainer - INFO - Val loss decrease from 2.9960 to 2.9959, saving to True
2026-05-15 18:06:02,911 - src.base.trainer - INFO - epoch complete
2026-05-15 18:06:02,911 - src.base.trainer - INFO - evaluating now!
2026-05-15 18:06:03,668 - src.base.trainer - INFO - Epoch [248/250] (39591) train_mae: 2.4379, val_mae: 2.9951, lr: 0.000010, 7.0s
2026-05-15 18:06:03,670 - src.base.trainer - INFO - Val loss decrease from 2.9959 to 2.9951, saving to True
2026-05-15 18:06:05,146 - src.base.trainer - INFO - Epoch [249/250] (39600) train_mae: 2.4320, val_mae: 2.9949 
2026-05-15 18:06:05,149 - src.base.trainer - INFO - Val loss decrease from 2.9951 to 2.9949, saving to True
2026-05-15 18:06:12,021 - src.base.trainer - INFO - epoch complete
2026-05-15 18:06:12,021 - src.base.trainer - INFO - evaluating now!
2026-05-15 18:06:12,778 - src.base.trainer - INFO - Epoch [249/250] (39750) train_mae: 2.4379, val_mae: 2.9936, lr: 0.000010, 8.4s
2026-05-15 18:06:12,780 - src.base.trainer - INFO - Val loss decrease from 2.9949 to 2.9936, saving to True
2026-05-18 11:19:59,210 - src.base.trainer - INFO - the number of parameters: 40327
2026-05-18 11:19:59,210 - src.base.trainer - INFO - start training !!!!!
2026-05-18 11:20:04,431 - src.base.trainer - INFO - epoch complete
2026-05-18 11:20:04,431 - src.base.trainer - INFO - evaluating now!
2026-05-18 11:20:05,002 - src.base.trainer - INFO - Epoch [0/250] (159) train_mae: 17.6402, val_mae: 15.6727, lr: 0.000010, 5.2s
2026-05-18 11:20:05,009 - src.base.trainer - INFO - Val loss decrease from inf to 15.6727, saving to True
2026-05-18 11:20:10,149 - src.base.trainer - INFO - epoch complete
2026-05-18 11:20:10,149 - src.base.trainer - INFO - evaluating now!
2026-05-18 11:20:10,721 - src.base.trainer - INFO - Epoch [1/250] (318) train_mae: 13.1396, val_mae: 13.4879, lr: 0.000010, 5.1s
2026-05-18 11:20:10,722 - src.base.trainer - INFO - Val loss decrease from 15.6727 to 13.4879, saving to True
2026-05-18 11:20:13,934 - src.base.trainer - INFO - Epoch [2/250] (400) train_mae: 10.9612, val_mae: 12.8342 
2026-05-18 11:20:13,937 - src.base.trainer - INFO - Val loss decrease from 13.4879 to 12.8342, saving to True
2026-05-18 11:20:16,405 - src.base.trainer - INFO - epoch complete
2026-05-18 11:20:16,406 - src.base.trainer - INFO - evaluating now!
2026-05-18 11:20:16,979 - src.base.trainer - INFO - Epoch [2/250] (477) train_mae: 10.6263, val_mae: 12.4066, lr: 0.000010, 5.7s
2026-05-18 11:20:16,981 - src.base.trainer - INFO - Val loss decrease from 12.8342 to 12.4066, saving to True
2026-05-18 11:20:22,139 - src.base.trainer - INFO - epoch complete
2026-05-18 11:20:22,139 - src.base.trainer - INFO - evaluating now!
2026-05-18 11:20:22,713 - src.base.trainer - INFO - Epoch [3/250] (636) train_mae: 9.4875, val_mae: 11.6785, lr: 0.000010, 5.2s
2026-05-18 11:20:22,715 - src.base.trainer - INFO - Val loss decrease from 12.4066 to 11.6785, saving to True
2026-05-18 11:20:27,865 - src.base.trainer - INFO - epoch complete
2026-05-18 11:20:27,865 - src.base.trainer - INFO - evaluating now!
2026-05-18 11:20:28,442 - src.base.trainer - INFO - Epoch [4/250] (795) train_mae: 8.8455, val_mae: 10.9574, lr: 0.000010, 5.2s
2026-05-18 11:20:28,443 - src.base.trainer - INFO - Val loss decrease from 11.6785 to 10.9574, saving to True
2026-05-18 11:20:29,163 - src.base.trainer - INFO - Epoch [5/250] (800) train_mae: 8.9068, val_mae: 10.9310 
2026-05-18 11:20:29,164 - src.base.trainer - INFO - Val loss decrease from 10.9574 to 10.9310, saving to True
2026-05-18 11:20:34,160 - src.base.trainer - INFO - epoch complete
2026-05-18 11:20:34,160 - src.base.trainer - INFO - evaluating now!
2026-05-18 11:20:34,729 - src.base.trainer - INFO - Epoch [5/250] (954) train_mae: 8.2570, val_mae: 10.2322, lr: 0.000010, 5.7s
2026-05-18 11:20:34,730 - src.base.trainer - INFO - Val loss decrease from 10.9310 to 10.2322, saving to True
2026-05-18 11:20:39,848 - src.base.trainer - INFO - epoch complete
2026-05-18 11:20:39,848 - src.base.trainer - INFO - evaluating now!
2026-05-18 11:20:40,419 - src.base.trainer - INFO - Epoch [6/250] (1113) train_mae: 7.6934, val_mae: 9.5466, lr: 0.000010, 5.1s
2026-05-18 11:20:40,420 - src.base.trainer - INFO - Val loss decrease from 10.2322 to 9.5466, saving to True
2026-05-18 11:20:43,809 - src.base.trainer - INFO - Epoch [7/250] (1200) train_mae: 7.3032, val_mae: 9.1913 
2026-05-18 11:20:43,810 - src.base.trainer - INFO - Val loss decrease from 9.5466 to 9.1913, saving to True
2026-05-18 11:20:46,128 - src.base.trainer - INFO - epoch complete
2026-05-18 11:20:46,128 - src.base.trainer - INFO - evaluating now!
2026-05-18 11:20:46,698 - src.base.trainer - INFO - Epoch [7/250] (1272) train_mae: 7.1651, val_mae: 8.9017, lr: 0.000010, 5.7s
2026-05-18 11:20:46,699 - src.base.trainer - INFO - Val loss decrease from 9.1913 to 8.9017, saving to True
2026-05-18 11:20:51,846 - src.base.trainer - INFO - epoch complete
2026-05-18 11:20:51,846 - src.base.trainer - INFO - evaluating now!
2026-05-18 11:20:52,427 - src.base.trainer - INFO - Epoch [8/250] (1431) train_mae: 6.7016, val_mae: 8.3741, lr: 0.000010, 5.1s
2026-05-18 11:20:52,428 - src.base.trainer - INFO - Val loss decrease from 8.9017 to 8.3741, saving to True
2026-05-18 11:20:57,589 - src.base.trainer - INFO - epoch complete
2026-05-18 11:20:57,591 - src.base.trainer - INFO - evaluating now!
2026-05-18 11:20:58,168 - src.base.trainer - INFO - Epoch [9/250] (1590) train_mae: 6.3260, val_mae: 7.9182, lr: 0.000010, 5.2s
2026-05-18 11:20:58,170 - src.base.trainer - INFO - Val loss decrease from 8.3741 to 7.9182, saving to True
2026-05-18 11:20:59,051 - src.base.trainer - INFO - Epoch [10/250] (1600) train_mae: 5.8657, val_mae: 7.8981 
2026-05-18 11:20:59,052 - src.base.trainer - INFO - Val loss decrease from 7.9182 to 7.8981, saving to True
2026-05-18 11:21:03,868 - src.base.trainer - INFO - epoch complete
2026-05-18 11:21:03,868 - src.base.trainer - INFO - evaluating now!
2026-05-18 11:21:04,440 - src.base.trainer - INFO - Epoch [10/250] (1749) train_mae: 6.0158, val_mae: 7.5864, lr: 0.000010, 5.7s
2026-05-18 11:21:04,441 - src.base.trainer - INFO - Val loss decrease from 7.8981 to 7.5864, saving to True
2026-05-18 11:21:09,600 - src.base.trainer - INFO - epoch complete
2026-05-18 11:21:09,600 - src.base.trainer - INFO - evaluating now!
2026-05-18 11:21:10,173 - src.base.trainer - INFO - Epoch [11/250] (1908) train_mae: 5.7802, val_mae: 7.3004, lr: 0.000010, 5.2s
2026-05-18 11:21:10,174 - src.base.trainer - INFO - Val loss decrease from 7.5864 to 7.3004, saving to True
2026-05-18 11:21:13,795 - src.base.trainer - INFO - Epoch [12/250] (2000) train_mae: 5.5148, val_mae: 7.1593 
2026-05-18 11:21:13,796 - src.base.trainer - INFO - Val loss decrease from 7.3004 to 7.1593, saving to True
2026-05-18 11:21:16,143 - src.base.trainer - INFO - epoch complete
2026-05-18 11:21:16,143 - src.base.trainer - INFO - evaluating now!
2026-05-18 11:21:16,785 - src.base.trainer - INFO - Epoch [12/250] (2067) train_mae: 5.5856, val_mae: 7.0610, lr: 0.000010, 6.0s
2026-05-18 11:21:16,786 - src.base.trainer - INFO - Val loss decrease from 7.1593 to 7.0610, saving to True
2026-05-18 11:21:22,370 - src.base.trainer - INFO - epoch complete
2026-05-18 11:21:22,371 - src.base.trainer - INFO - evaluating now!
2026-05-18 11:21:23,009 - src.base.trainer - INFO - Epoch [13/250] (2226) train_mae: 5.4265, val_mae: 6.8647, lr: 0.000010, 5.6s
2026-05-18 11:21:23,010 - src.base.trainer - INFO - Val loss decrease from 7.0610 to 6.8647, saving to True
2026-05-18 11:21:28,590 - src.base.trainer - INFO - epoch complete
2026-05-18 11:21:28,590 - src.base.trainer - INFO - evaluating now!
2026-05-18 11:21:29,217 - src.base.trainer - INFO - Epoch [14/250] (2385) train_mae: 5.2838, val_mae: 6.6781, lr: 0.000010, 5.6s
2026-05-18 11:21:29,218 - src.base.trainer - INFO - Val loss decrease from 6.8647 to 6.6781, saving to True
2026-05-18 11:21:30,263 - src.base.trainer - INFO - Epoch [15/250] (2400) train_mae: 5.2146, val_mae: 6.6616 
2026-05-18 11:21:30,264 - src.base.trainer - INFO - Val loss decrease from 6.6781 to 6.6616, saving to True
2026-05-18 11:21:34,941 - src.base.trainer - INFO - epoch complete
2026-05-18 11:21:34,943 - src.base.trainer - INFO - evaluating now!
2026-05-18 11:21:35,514 - src.base.trainer - INFO - Epoch [15/250] (2544) train_mae: 5.1518, val_mae: 6.5024, lr: 0.000010, 5.7s
2026-05-18 11:21:35,515 - src.base.trainer - INFO - Val loss decrease from 6.6616 to 6.5024, saving to True
2026-05-18 11:21:40,706 - src.base.trainer - INFO - epoch complete
2026-05-18 11:21:40,706 - src.base.trainer - INFO - evaluating now!
2026-05-18 11:21:41,282 - src.base.trainer - INFO - Epoch [16/250] (2703) train_mae: 5.0265, val_mae: 6.3388, lr: 0.000010, 5.2s
2026-05-18 11:21:41,283 - src.base.trainer - INFO - Val loss decrease from 6.5024 to 6.3388, saving to True
2026-05-18 11:21:44,994 - src.base.trainer - INFO - Epoch [17/250] (2800) train_mae: 4.9704, val_mae: 6.2380 
2026-05-18 11:21:44,996 - src.base.trainer - INFO - Val loss decrease from 6.3388 to 6.2380, saving to True
2026-05-18 11:21:46,989 - src.base.trainer - INFO - epoch complete
2026-05-18 11:21:46,989 - src.base.trainer - INFO - evaluating now!
2026-05-18 11:21:47,560 - src.base.trainer - INFO - Epoch [17/250] (2862) train_mae: 4.9070, val_mae: 6.1765, lr: 0.000010, 5.7s
2026-05-18 11:21:47,561 - src.base.trainer - INFO - Val loss decrease from 6.2380 to 6.1765, saving to True
2026-05-18 11:21:52,722 - src.base.trainer - INFO - epoch complete
2026-05-18 11:21:52,722 - src.base.trainer - INFO - evaluating now!
2026-05-18 11:21:53,293 - src.base.trainer - INFO - Epoch [18/250] (3021) train_mae: 4.7916, val_mae: 6.0202, lr: 0.000010, 5.2s
2026-05-18 11:21:53,295 - src.base.trainer - INFO - Val loss decrease from 6.1765 to 6.0202, saving to True
2026-05-18 11:21:58,451 - src.base.trainer - INFO - epoch complete
2026-05-18 11:21:58,451 - src.base.trainer - INFO - evaluating now!
2026-05-18 11:21:59,024 - src.base.trainer - INFO - Epoch [19/250] (3180) train_mae: 4.6821, val_mae: 5.8711, lr: 0.000010, 5.2s
2026-05-18 11:21:59,025 - src.base.trainer - INFO - Val loss decrease from 6.0202 to 5.8711, saving to True
2026-05-18 11:22:00,234 - src.base.trainer - INFO - Epoch [20/250] (3200) train_mae: 4.3760, val_mae: 5.8531 
2026-05-18 11:22:00,235 - src.base.trainer - INFO - Val loss decrease from 5.8711 to 5.8531, saving to True
2026-05-18 11:22:04,726 - src.base.trainer - INFO - epoch complete
2026-05-18 11:22:04,728 - src.base.trainer - INFO - evaluating now!
2026-05-18 11:22:05,300 - src.base.trainer - INFO - Epoch [20/250] (3339) train_mae: 4.5729, val_mae: 5.7281, lr: 0.000010, 5.7s
2026-05-18 11:22:05,301 - src.base.trainer - INFO - Val loss decrease from 5.8531 to 5.7281, saving to True
2026-05-18 11:22:10,446 - src.base.trainer - INFO - epoch complete
2026-05-18 11:22:10,446 - src.base.trainer - INFO - evaluating now!
2026-05-18 11:22:11,016 - src.base.trainer - INFO - Epoch [21/250] (3498) train_mae: 4.4695, val_mae: 5.5830, lr: 0.000010, 5.1s
2026-05-18 11:22:11,017 - src.base.trainer - INFO - Val loss decrease from 5.7281 to 5.5830, saving to True
2026-05-18 11:22:14,882 - src.base.trainer - INFO - Epoch [22/250] (3600) train_mae: 4.3659, val_mae: 5.4959 
2026-05-18 11:22:14,883 - src.base.trainer - INFO - Val loss decrease from 5.5830 to 5.4959, saving to True
2026-05-18 11:22:16,736 - src.base.trainer - INFO - epoch complete
2026-05-18 11:22:16,736 - src.base.trainer - INFO - evaluating now!
2026-05-18 11:22:17,308 - src.base.trainer - INFO - Epoch [22/250] (3657) train_mae: 4.3669, val_mae: 5.4460, lr: 0.000010, 5.7s
2026-05-18 11:22:17,310 - src.base.trainer - INFO - Val loss decrease from 5.4959 to 5.4460, saving to True
2026-05-18 11:22:22,459 - src.base.trainer - INFO - epoch complete
2026-05-18 11:22:22,459 - src.base.trainer - INFO - evaluating now!
2026-05-18 11:22:23,030 - src.base.trainer - INFO - Epoch [23/250] (3816) train_mae: 4.2722, val_mae: 5.3159, lr: 0.000010, 5.1s
2026-05-18 11:22:23,031 - src.base.trainer - INFO - Val loss decrease from 5.4460 to 5.3159, saving to True
2026-05-18 11:22:28,169 - src.base.trainer - INFO - epoch complete
2026-05-18 11:22:28,169 - src.base.trainer - INFO - evaluating now!
2026-05-18 11:22:28,755 - src.base.trainer - INFO - Epoch [24/250] (3975) train_mae: 4.1783, val_mae: 5.1873, lr: 0.000010, 5.1s
2026-05-18 11:22:28,756 - src.base.trainer - INFO - Val loss decrease from 5.3159 to 5.1873, saving to True
2026-05-18 11:22:30,129 - src.base.trainer - INFO - Epoch [25/250] (4000) train_mae: 4.0394, val_mae: 5.1683 
2026-05-18 11:22:30,130 - src.base.trainer - INFO - Val loss decrease from 5.1873 to 5.1683, saving to True
2026-05-18 11:22:34,453 - src.base.trainer - INFO - epoch complete
2026-05-18 11:22:34,453 - src.base.trainer - INFO - evaluating now!
2026-05-18 11:22:35,031 - src.base.trainer - INFO - Epoch [25/250] (4134) train_mae: 4.0893, val_mae: 5.0676, lr: 0.000010, 5.7s
2026-05-18 11:22:35,032 - src.base.trainer - INFO - Val loss decrease from 5.1683 to 5.0676, saving to True
2026-05-18 11:22:40,158 - src.base.trainer - INFO - epoch complete
2026-05-18 11:22:40,158 - src.base.trainer - INFO - evaluating now!
2026-05-18 11:22:40,726 - src.base.trainer - INFO - Epoch [26/250] (4293) train_mae: 4.0054, val_mae: 4.9586, lr: 0.000010, 5.1s
2026-05-18 11:22:40,727 - src.base.trainer - INFO - Val loss decrease from 5.0676 to 4.9586, saving to True
2026-05-18 11:22:44,761 - src.base.trainer - INFO - Epoch [27/250] (4400) train_mae: 3.9422, val_mae: 4.8906 
2026-05-18 11:22:44,762 - src.base.trainer - INFO - Val loss decrease from 4.9586 to 4.8906, saving to True
2026-05-18 11:22:46,433 - src.base.trainer - INFO - epoch complete
2026-05-18 11:22:46,433 - src.base.trainer - INFO - evaluating now!
2026-05-18 11:22:47,009 - src.base.trainer - INFO - Epoch [27/250] (4452) train_mae: 3.9305, val_mae: 4.8568, lr: 0.000010, 5.7s
2026-05-18 11:22:47,010 - src.base.trainer - INFO - Val loss decrease from 4.8906 to 4.8568, saving to True
2026-05-18 11:22:52,123 - src.base.trainer - INFO - epoch complete
2026-05-18 11:22:52,123 - src.base.trainer - INFO - evaluating now!
2026-05-18 11:22:52,694 - src.base.trainer - INFO - Epoch [28/250] (4611) train_mae: 3.8579, val_mae: 4.7632, lr: 0.000010, 5.1s
2026-05-18 11:22:52,695 - src.base.trainer - INFO - Val loss decrease from 4.8568 to 4.7632, saving to True
2026-05-18 11:22:57,831 - src.base.trainer - INFO - epoch complete
2026-05-18 11:22:57,831 - src.base.trainer - INFO - evaluating now!
2026-05-18 11:22:58,400 - src.base.trainer - INFO - Epoch [29/250] (4770) train_mae: 3.7924, val_mae: 4.6775, lr: 0.000010, 5.1s
2026-05-18 11:22:58,401 - src.base.trainer - INFO - Val loss decrease from 4.7632 to 4.6775, saving to True
2026-05-18 11:22:59,935 - src.base.trainer - INFO - Epoch [30/250] (4800) train_mae: 3.5894, val_mae: 4.6629 
2026-05-18 11:22:59,937 - src.base.trainer - INFO - Val loss decrease from 4.6775 to 4.6629, saving to True
2026-05-18 11:23:04,094 - src.base.trainer - INFO - epoch complete
2026-05-18 11:23:04,094 - src.base.trainer - INFO - evaluating now!
2026-05-18 11:23:04,665 - src.base.trainer - INFO - Epoch [30/250] (4929) train_mae: 3.7303, val_mae: 4.5967, lr: 0.000010, 5.7s
2026-05-18 11:23:04,666 - src.base.trainer - INFO - Val loss decrease from 4.6629 to 4.5967, saving to True
2026-05-18 11:23:09,799 - src.base.trainer - INFO - epoch complete
2026-05-18 11:23:09,799 - src.base.trainer - INFO - evaluating now!
2026-05-18 11:23:10,371 - src.base.trainer - INFO - Epoch [31/250] (5088) train_mae: 3.6742, val_mae: 4.5249, lr: 0.000010, 5.1s
2026-05-18 11:23:10,372 - src.base.trainer - INFO - Val loss decrease from 4.5967 to 4.5249, saving to True
2026-05-18 11:23:14,552 - src.base.trainer - INFO - Epoch [32/250] (5200) train_mae: 3.6536, val_mae: 4.4792 
2026-05-18 11:23:14,553 - src.base.trainer - INFO - Val loss decrease from 4.5249 to 4.4792, saving to True
2026-05-18 11:23:16,054 - src.base.trainer - INFO - epoch complete
2026-05-18 11:23:16,054 - src.base.trainer - INFO - evaluating now!
2026-05-18 11:23:16,623 - src.base.trainer - INFO - Epoch [32/250] (5247) train_mae: 3.6233, val_mae: 4.4606, lr: 0.000010, 5.7s
2026-05-18 11:23:16,624 - src.base.trainer - INFO - Val loss decrease from 4.4792 to 4.4606, saving to True
2026-05-18 11:23:21,773 - src.base.trainer - INFO - epoch complete
2026-05-18 11:23:21,773 - src.base.trainer - INFO - evaluating now!
2026-05-18 11:23:22,343 - src.base.trainer - INFO - Epoch [33/250] (5406) train_mae: 3.5766, val_mae: 4.4016, lr: 0.000010, 5.1s
2026-05-18 11:23:22,345 - src.base.trainer - INFO - Val loss decrease from 4.4606 to 4.4016, saving to True
2026-05-18 11:23:27,468 - src.base.trainer - INFO - epoch complete
2026-05-18 11:23:27,468 - src.base.trainer - INFO - evaluating now!
2026-05-18 11:23:28,038 - src.base.trainer - INFO - Epoch [34/250] (5565) train_mae: 3.5354, val_mae: 4.3483, lr: 0.000010, 5.1s
2026-05-18 11:23:28,039 - src.base.trainer - INFO - Val loss decrease from 4.4016 to 4.3483, saving to True
2026-05-18 11:23:29,757 - src.base.trainer - INFO - Epoch [35/250] (5600) train_mae: 3.5413, val_mae: 4.3369 
2026-05-18 11:23:29,758 - src.base.trainer - INFO - Val loss decrease from 4.3483 to 4.3369, saving to True
2026-05-18 11:23:33,751 - src.base.trainer - INFO - epoch complete
2026-05-18 11:23:33,751 - src.base.trainer - INFO - evaluating now!
2026-05-18 11:23:34,324 - src.base.trainer - INFO - Epoch [35/250] (5724) train_mae: 3.4971, val_mae: 4.2985, lr: 0.000010, 5.7s
2026-05-18 11:23:34,325 - src.base.trainer - INFO - Val loss decrease from 4.3369 to 4.2985, saving to True
2026-05-18 11:23:39,458 - src.base.trainer - INFO - epoch complete
2026-05-18 11:23:39,458 - src.base.trainer - INFO - evaluating now!
2026-05-18 11:23:40,029 - src.base.trainer - INFO - Epoch [36/250] (5883) train_mae: 3.4612, val_mae: 4.2534, lr: 0.000010, 5.1s
2026-05-18 11:23:40,030 - src.base.trainer - INFO - Val loss decrease from 4.2985 to 4.2534, saving to True
2026-05-18 11:23:44,370 - src.base.trainer - INFO - Epoch [37/250] (6000) train_mae: 3.4220, val_mae: 4.2229 
2026-05-18 11:23:44,371 - src.base.trainer - INFO - Val loss decrease from 4.2534 to 4.2229, saving to True
2026-05-18 11:23:45,715 - src.base.trainer - INFO - epoch complete
2026-05-18 11:23:45,716 - src.base.trainer - INFO - evaluating now!
2026-05-18 11:23:46,287 - src.base.trainer - INFO - Epoch [37/250] (6042) train_mae: 3.4275, val_mae: 4.2117, lr: 0.000010, 5.7s
2026-05-18 11:23:46,288 - src.base.trainer - INFO - Val loss decrease from 4.2229 to 4.2117, saving to True
2026-05-18 11:23:51,453 - src.base.trainer - INFO - epoch complete
2026-05-18 11:23:51,453 - src.base.trainer - INFO - evaluating now!
2026-05-18 11:23:52,026 - src.base.trainer - INFO - Epoch [38/250] (6201) train_mae: 3.3961, val_mae: 4.1741, lr: 0.000010, 5.2s
2026-05-18 11:23:52,027 - src.base.trainer - INFO - Val loss decrease from 4.2117 to 4.1741, saving to True
2026-05-18 11:23:57,161 - src.base.trainer - INFO - epoch complete
2026-05-18 11:23:57,161 - src.base.trainer - INFO - evaluating now!
2026-05-18 11:23:57,731 - src.base.trainer - INFO - Epoch [39/250] (6360) train_mae: 3.3669, val_mae: 4.1382, lr: 0.000010, 5.1s
2026-05-18 11:23:57,732 - src.base.trainer - INFO - Val loss decrease from 4.1741 to 4.1382, saving to True
2026-05-18 11:23:59,586 - src.base.trainer - INFO - Epoch [40/250] (6400) train_mae: 3.2569, val_mae: 4.1298 
2026-05-18 11:23:59,588 - src.base.trainer - INFO - Val loss decrease from 4.1382 to 4.1298, saving to True
2026-05-18 11:24:03,421 - src.base.trainer - INFO - epoch complete
2026-05-18 11:24:03,421 - src.base.trainer - INFO - evaluating now!
2026-05-18 11:24:04,000 - src.base.trainer - INFO - Epoch [40/250] (6519) train_mae: 3.3418, val_mae: 4.1060, lr: 0.000010, 5.7s
2026-05-18 11:24:04,001 - src.base.trainer - INFO - Val loss decrease from 4.1298 to 4.1060, saving to True
2026-05-18 11:24:09,158 - src.base.trainer - INFO - epoch complete
2026-05-18 11:24:09,158 - src.base.trainer - INFO - evaluating now!
2026-05-18 11:24:09,731 - src.base.trainer - INFO - Epoch [41/250] (6678) train_mae: 3.3183, val_mae: 4.0759, lr: 0.000010, 5.2s
2026-05-18 11:24:09,732 - src.base.trainer - INFO - Val loss decrease from 4.1060 to 4.0759, saving to True
2026-05-18 11:24:14,255 - src.base.trainer - INFO - Epoch [42/250] (6800) train_mae: 3.2905, val_mae: 4.0541 
2026-05-18 11:24:14,257 - src.base.trainer - INFO - Val loss decrease from 4.0759 to 4.0541, saving to True
2026-05-18 11:24:15,436 - src.base.trainer - INFO - epoch complete
2026-05-18 11:24:15,437 - src.base.trainer - INFO - evaluating now!
2026-05-18 11:24:16,005 - src.base.trainer - INFO - Epoch [42/250] (6837) train_mae: 3.2942, val_mae: 4.0477, lr: 0.000010, 5.7s
2026-05-18 11:24:16,006 - src.base.trainer - INFO - Val loss decrease from 4.0541 to 4.0477, saving to True
2026-05-18 11:24:21,157 - src.base.trainer - INFO - epoch complete
2026-05-18 11:24:21,158 - src.base.trainer - INFO - evaluating now!
2026-05-18 11:24:21,734 - src.base.trainer - INFO - Epoch [43/250] (6996) train_mae: 3.2727, val_mae: 4.0206, lr: 0.000010, 5.2s
2026-05-18 11:24:21,735 - src.base.trainer - INFO - Val loss decrease from 4.0477 to 4.0206, saving to True
2026-05-18 11:24:26,881 - src.base.trainer - INFO - epoch complete
2026-05-18 11:24:26,881 - src.base.trainer - INFO - evaluating now!
2026-05-18 11:24:27,453 - src.base.trainer - INFO - Epoch [44/250] (7155) train_mae: 3.2508, val_mae: 3.9948, lr: 0.000010, 5.1s
2026-05-18 11:24:27,455 - src.base.trainer - INFO - Val loss decrease from 4.0206 to 3.9948, saving to True
2026-05-18 11:24:29,476 - src.base.trainer - INFO - Epoch [45/250] (7200) train_mae: 3.2932, val_mae: 3.9886 
2026-05-18 11:24:29,477 - src.base.trainer - INFO - Val loss decrease from 3.9948 to 3.9886, saving to True
2026-05-18 11:24:33,151 - src.base.trainer - INFO - epoch complete
2026-05-18 11:24:33,151 - src.base.trainer - INFO - evaluating now!
2026-05-18 11:24:33,731 - src.base.trainer - INFO - Epoch [45/250] (7314) train_mae: 3.2310, val_mae: 3.9704, lr: 0.000010, 5.7s
2026-05-18 11:24:33,732 - src.base.trainer - INFO - Val loss decrease from 3.9886 to 3.9704, saving to True
2026-05-18 11:24:38,864 - src.base.trainer - INFO - epoch complete
2026-05-18 11:24:38,864 - src.base.trainer - INFO - evaluating now!
2026-05-18 11:24:39,436 - src.base.trainer - INFO - Epoch [46/250] (7473) train_mae: 3.2108, val_mae: 3.9471, lr: 0.000010, 5.1s
2026-05-18 11:24:39,437 - src.base.trainer - INFO - Val loss decrease from 3.9704 to 3.9471, saving to True
2026-05-18 11:24:44,101 - src.base.trainer - INFO - Epoch [47/250] (7600) train_mae: 3.1708, val_mae: 3.9309 
2026-05-18 11:24:44,102 - src.base.trainer - INFO - Val loss decrease from 3.9471 to 3.9309, saving to True
2026-05-18 11:24:45,123 - src.base.trainer - INFO - epoch complete
2026-05-18 11:24:45,125 - src.base.trainer - INFO - evaluating now!
2026-05-18 11:24:45,696 - src.base.trainer - INFO - Epoch [47/250] (7632) train_mae: 3.1934, val_mae: 3.9255, lr: 0.000010, 5.7s
2026-05-18 11:24:45,697 - src.base.trainer - INFO - Val loss decrease from 3.9309 to 3.9255, saving to True
2026-05-18 11:24:50,825 - src.base.trainer - INFO - epoch complete
2026-05-18 11:24:50,825 - src.base.trainer - INFO - evaluating now!
2026-05-18 11:24:51,397 - src.base.trainer - INFO - Epoch [48/250] (7791) train_mae: 3.1751, val_mae: 3.9042, lr: 0.000010, 5.1s
2026-05-18 11:24:51,398 - src.base.trainer - INFO - Val loss decrease from 3.9255 to 3.9042, saving to True
2026-05-18 11:24:56,536 - src.base.trainer - INFO - epoch complete
2026-05-18 11:24:56,536 - src.base.trainer - INFO - evaluating now!
2026-05-18 11:24:57,105 - src.base.trainer - INFO - Epoch [49/250] (7950) train_mae: 3.1578, val_mae: 3.8833, lr: 0.000010, 5.1s
2026-05-18 11:24:57,107 - src.base.trainer - INFO - Val loss decrease from 3.9042 to 3.8833, saving to True
2026-05-18 11:24:59,280 - src.base.trainer - INFO - Epoch [50/250] (8000) train_mae: 3.2125, val_mae: 3.8771 
2026-05-18 11:24:59,281 - src.base.trainer - INFO - Val loss decrease from 3.8833 to 3.8771, saving to True
2026-05-18 11:25:02,776 - src.base.trainer - INFO - epoch complete
2026-05-18 11:25:02,776 - src.base.trainer - INFO - evaluating now!
2026-05-18 11:25:03,345 - src.base.trainer - INFO - Epoch [50/250] (8109) train_mae: 3.1429, val_mae: 3.8646, lr: 0.000010, 5.7s
2026-05-18 11:25:03,346 - src.base.trainer - INFO - Val loss decrease from 3.8771 to 3.8646, saving to True
2026-05-18 11:25:08,465 - src.base.trainer - INFO - epoch complete
2026-05-18 11:25:08,465 - src.base.trainer - INFO - evaluating now!
2026-05-18 11:25:09,050 - src.base.trainer - INFO - Epoch [51/250] (8268) train_mae: 3.1287, val_mae: 3.8447, lr: 0.000010, 5.1s
2026-05-18 11:25:09,051 - src.base.trainer - INFO - Val loss decrease from 3.8646 to 3.8447, saving to True
2026-05-18 11:25:13,877 - src.base.trainer - INFO - Epoch [52/250] (8400) train_mae: 3.1181, val_mae: 3.8294 
2026-05-18 11:25:13,879 - src.base.trainer - INFO - Val loss decrease from 3.8447 to 3.8294, saving to True
2026-05-18 11:25:14,736 - src.base.trainer - INFO - epoch complete
2026-05-18 11:25:14,736 - src.base.trainer - INFO - evaluating now!
2026-05-18 11:25:15,305 - src.base.trainer - INFO - Epoch [52/250] (8427) train_mae: 3.1117, val_mae: 3.8266, lr: 0.000010, 5.7s
2026-05-18 11:25:15,306 - src.base.trainer - INFO - Val loss decrease from 3.8294 to 3.8266, saving to True
2026-05-18 11:25:20,449 - src.base.trainer - INFO - epoch complete
2026-05-18 11:25:20,452 - src.base.trainer - INFO - evaluating now!
2026-05-18 11:25:21,024 - src.base.trainer - INFO - Epoch [53/250] (8586) train_mae: 3.0981, val_mae: 3.8088, lr: 0.000010, 5.1s
2026-05-18 11:25:21,025 - src.base.trainer - INFO - Val loss decrease from 3.8266 to 3.8088, saving to True
2026-05-18 11:25:26,145 - src.base.trainer - INFO - epoch complete
2026-05-18 11:25:26,145 - src.base.trainer - INFO - evaluating now!
2026-05-18 11:25:26,717 - src.base.trainer - INFO - Epoch [54/250] (8745) train_mae: 3.0837, val_mae: 3.7921, lr: 0.000010, 5.1s
2026-05-18 11:25:26,718 - src.base.trainer - INFO - Val loss decrease from 3.8088 to 3.7921, saving to True
2026-05-18 11:25:29,054 - src.base.trainer - INFO - Epoch [55/250] (8800) train_mae: 3.1720, val_mae: 3.7855 
2026-05-18 11:25:29,055 - src.base.trainer - INFO - Val loss decrease from 3.7921 to 3.7855, saving to True
2026-05-18 11:25:32,398 - src.base.trainer - INFO - epoch complete
2026-05-18 11:25:32,399 - src.base.trainer - INFO - evaluating now!
2026-05-18 11:25:32,967 - src.base.trainer - INFO - Epoch [55/250] (8904) train_mae: 3.0693, val_mae: 3.7759, lr: 0.000010, 5.7s
2026-05-18 11:25:32,968 - src.base.trainer - INFO - Val loss decrease from 3.7855 to 3.7759, saving to True
2026-05-18 11:25:38,093 - src.base.trainer - INFO - epoch complete
2026-05-18 11:25:38,093 - src.base.trainer - INFO - evaluating now!
2026-05-18 11:25:38,667 - src.base.trainer - INFO - Epoch [56/250] (9063) train_mae: 3.0560, val_mae: 3.7589, lr: 0.000010, 5.1s
2026-05-18 11:25:38,668 - src.base.trainer - INFO - Val loss decrease from 3.7759 to 3.7589, saving to True
2026-05-18 11:25:43,704 - src.base.trainer - INFO - Epoch [57/250] (9200) train_mae: 3.0577, val_mae: 3.7453 
2026-05-18 11:25:43,705 - src.base.trainer - INFO - Val loss decrease from 3.7589 to 3.7453, saving to True
2026-05-18 11:25:44,401 - src.base.trainer - INFO - epoch complete
2026-05-18 11:25:44,401 - src.base.trainer - INFO - evaluating now!
2026-05-18 11:25:44,973 - src.base.trainer - INFO - Epoch [57/250] (9222) train_mae: 3.0438, val_mae: 3.7436, lr: 0.000010, 5.7s
2026-05-18 11:25:44,974 - src.base.trainer - INFO - Val loss decrease from 3.7453 to 3.7436, saving to True
2026-05-18 11:25:50,134 - src.base.trainer - INFO - epoch complete
2026-05-18 11:25:50,134 - src.base.trainer - INFO - evaluating now!
2026-05-18 11:25:50,705 - src.base.trainer - INFO - Epoch [58/250] (9381) train_mae: 3.0307, val_mae: 3.7274, lr: 0.000010, 5.2s
2026-05-18 11:25:50,706 - src.base.trainer - INFO - Val loss decrease from 3.7436 to 3.7274, saving to True
2026-05-18 11:25:55,845 - src.base.trainer - INFO - epoch complete
2026-05-18 11:25:55,847 - src.base.trainer - INFO - evaluating now!
2026-05-18 11:25:56,417 - src.base.trainer - INFO - Epoch [59/250] (9540) train_mae: 3.0178, val_mae: 3.7122, lr: 0.000010, 5.1s
2026-05-18 11:25:56,418 - src.base.trainer - INFO - Val loss decrease from 3.7274 to 3.7122, saving to True
2026-05-18 11:25:58,923 - src.base.trainer - INFO - Epoch [60/250] (9600) train_mae: 2.9845, val_mae: 3.7081 
2026-05-18 11:25:58,924 - src.base.trainer - INFO - Val loss decrease from 3.7122 to 3.7081, saving to True
2026-05-18 11:26:02,117 - src.base.trainer - INFO - epoch complete
2026-05-18 11:26:02,117 - src.base.trainer - INFO - evaluating now!
2026-05-18 11:26:02,689 - src.base.trainer - INFO - Epoch [60/250] (9699) train_mae: 3.0060, val_mae: 3.6982, lr: 0.000010, 5.7s
2026-05-18 11:26:02,691 - src.base.trainer - INFO - Val loss decrease from 3.7081 to 3.6982, saving to True
2026-05-18 11:26:07,835 - src.base.trainer - INFO - epoch complete
2026-05-18 11:26:07,835 - src.base.trainer - INFO - evaluating now!
2026-05-18 11:26:08,405 - src.base.trainer - INFO - Epoch [61/250] (9858) train_mae: 2.9947, val_mae: 3.6832, lr: 0.000010, 5.1s
2026-05-18 11:26:08,406 - src.base.trainer - INFO - Val loss decrease from 3.6982 to 3.6832, saving to True
2026-05-18 11:26:13,558 - src.base.trainer - INFO - Epoch [62/250] (10000) train_mae: 2.9826, val_mae: 3.6716 
2026-05-18 11:26:13,559 - src.base.trainer - INFO - Val loss decrease from 3.6832 to 3.6716, saving to True
2026-05-18 11:26:14,096 - src.base.trainer - INFO - epoch complete
2026-05-18 11:26:14,096 - src.base.trainer - INFO - evaluating now!
2026-05-18 11:26:14,667 - src.base.trainer - INFO - Epoch [62/250] (10017) train_mae: 2.9829, val_mae: 3.6701, lr: 0.000010, 5.7s
2026-05-18 11:26:14,668 - src.base.trainer - INFO - Val loss decrease from 3.6716 to 3.6701, saving to True
2026-05-18 11:26:19,824 - src.base.trainer - INFO - epoch complete
2026-05-18 11:26:19,826 - src.base.trainer - INFO - evaluating now!
2026-05-18 11:26:20,399 - src.base.trainer - INFO - Epoch [63/250] (10176) train_mae: 2.9727, val_mae: 3.6566, lr: 0.000010, 5.2s
2026-05-18 11:26:20,400 - src.base.trainer - INFO - Val loss decrease from 3.6701 to 3.6566, saving to True
2026-05-18 11:26:25,541 - src.base.trainer - INFO - epoch complete
2026-05-18 11:26:25,541 - src.base.trainer - INFO - evaluating now!
2026-05-18 11:26:26,114 - src.base.trainer - INFO - Epoch [64/250] (10335) train_mae: 2.9616, val_mae: 3.6427, lr: 0.000010, 5.1s
2026-05-18 11:26:26,115 - src.base.trainer - INFO - Val loss decrease from 3.6566 to 3.6427, saving to True
2026-05-18 11:26:28,785 - src.base.trainer - INFO - Epoch [65/250] (10400) train_mae: 2.9696, val_mae: 3.6374 
2026-05-18 11:26:28,786 - src.base.trainer - INFO - Val loss decrease from 3.6427 to 3.6374, saving to True
2026-05-18 11:26:31,811 - src.base.trainer - INFO - epoch complete
2026-05-18 11:26:31,811 - src.base.trainer - INFO - evaluating now!
2026-05-18 11:26:32,383 - src.base.trainer - INFO - Epoch [65/250] (10494) train_mae: 2.9528, val_mae: 3.6303, lr: 0.000010, 5.7s
2026-05-18 11:26:32,384 - src.base.trainer - INFO - Val loss decrease from 3.6374 to 3.6303, saving to True
2026-05-18 11:26:37,523 - src.base.trainer - INFO - epoch complete
2026-05-18 11:26:37,524 - src.base.trainer - INFO - evaluating now!
2026-05-18 11:26:38,095 - src.base.trainer - INFO - Epoch [66/250] (10653) train_mae: 2.9399, val_mae: 3.6170, lr: 0.000010, 5.1s
2026-05-18 11:26:38,096 - src.base.trainer - INFO - Val loss decrease from 3.6303 to 3.6170, saving to True
2026-05-18 11:26:43,419 - src.base.trainer - INFO - Epoch [67/250] (10800) train_mae: 2.9426, val_mae: 3.6054 
2026-05-18 11:26:43,420 - src.base.trainer - INFO - Val loss decrease from 3.6170 to 3.6054, saving to True
2026-05-18 11:26:43,794 - src.base.trainer - INFO - epoch complete
2026-05-18 11:26:43,794 - src.base.trainer - INFO - evaluating now!
2026-05-18 11:26:44,364 - src.base.trainer - INFO - Epoch [67/250] (10812) train_mae: 2.9305, val_mae: 3.6043, lr: 0.000010, 5.7s
2026-05-18 11:26:44,365 - src.base.trainer - INFO - Val loss decrease from 3.6054 to 3.6043, saving to True
2026-05-18 11:26:49,503 - src.base.trainer - INFO - epoch complete
2026-05-18 11:26:49,503 - src.base.trainer - INFO - evaluating now!
2026-05-18 11:26:50,076 - src.base.trainer - INFO - Epoch [68/250] (10971) train_mae: 2.9206, val_mae: 3.5914, lr: 0.000010, 5.1s
2026-05-18 11:26:50,077 - src.base.trainer - INFO - Val loss decrease from 3.6043 to 3.5914, saving to True
2026-05-18 11:26:55,223 - src.base.trainer - INFO - epoch complete
2026-05-18 11:26:55,224 - src.base.trainer - INFO - evaluating now!
2026-05-18 11:26:55,795 - src.base.trainer - INFO - Epoch [69/250] (11130) train_mae: 2.9113, val_mae: 3.5796, lr: 0.000010, 5.1s
2026-05-18 11:26:55,796 - src.base.trainer - INFO - Val loss decrease from 3.5914 to 3.5796, saving to True
2026-05-18 11:26:58,627 - src.base.trainer - INFO - Epoch [70/250] (11200) train_mae: 2.8589, val_mae: 3.5750 
2026-05-18 11:26:58,628 - src.base.trainer - INFO - Val loss decrease from 3.5796 to 3.5750, saving to True
2026-05-18 11:27:01,517 - src.base.trainer - INFO - epoch complete
2026-05-18 11:27:01,518 - src.base.trainer - INFO - evaluating now!
2026-05-18 11:27:02,090 - src.base.trainer - INFO - Epoch [70/250] (11289) train_mae: 2.9005, val_mae: 3.5671, lr: 0.000010, 5.7s
2026-05-18 11:27:02,091 - src.base.trainer - INFO - Val loss decrease from 3.5750 to 3.5671, saving to True
2026-05-18 11:27:07,429 - src.base.trainer - INFO - epoch complete
2026-05-18 11:27:07,429 - src.base.trainer - INFO - evaluating now!
2026-05-18 11:27:08,010 - src.base.trainer - INFO - Epoch [71/250] (11448) train_mae: 2.8925, val_mae: 3.5553, lr: 0.000010, 5.3s
2026-05-18 11:27:08,011 - src.base.trainer - INFO - Val loss decrease from 3.5671 to 3.5553, saving to True
2026-05-18 11:27:13,537 - src.base.trainer - INFO - Epoch [72/250] (11600) train_mae: 2.8900, val_mae: 3.5442 
2026-05-18 11:27:13,538 - src.base.trainer - INFO - Val loss decrease from 3.5553 to 3.5442, saving to True
2026-05-18 11:27:13,752 - src.base.trainer - INFO - epoch complete
2026-05-18 11:27:13,753 - src.base.trainer - INFO - evaluating now!
2026-05-18 11:27:14,321 - src.base.trainer - INFO - Epoch [72/250] (11607) train_mae: 2.8834, val_mae: 3.5437, lr: 0.000010, 5.7s
2026-05-18 11:27:14,322 - src.base.trainer - INFO - Val loss decrease from 3.5442 to 3.5437, saving to True
2026-05-18 11:27:19,477 - src.base.trainer - INFO - epoch complete
2026-05-18 11:27:19,477 - src.base.trainer - INFO - evaluating now!
2026-05-18 11:27:20,050 - src.base.trainer - INFO - Epoch [73/250] (11766) train_mae: 2.8732, val_mae: 3.5330, lr: 0.000010, 5.2s
2026-05-18 11:27:20,051 - src.base.trainer - INFO - Val loss decrease from 3.5437 to 3.5330, saving to True
2026-05-18 11:27:25,205 - src.base.trainer - INFO - epoch complete
2026-05-18 11:27:25,205 - src.base.trainer - INFO - evaluating now!
2026-05-18 11:27:25,777 - src.base.trainer - INFO - Epoch [74/250] (11925) train_mae: 2.8641, val_mae: 3.5222, lr: 0.000010, 5.2s
2026-05-18 11:27:25,778 - src.base.trainer - INFO - Val loss decrease from 3.5330 to 3.5222, saving to True
2026-05-18 11:27:28,785 - src.base.trainer - INFO - Epoch [75/250] (12000) train_mae: 2.9111, val_mae: 3.5165 
2026-05-18 11:27:28,786 - src.base.trainer - INFO - Val loss decrease from 3.5222 to 3.5165, saving to True
2026-05-18 11:27:31,500 - src.base.trainer - INFO - epoch complete
2026-05-18 11:27:31,500 - src.base.trainer - INFO - evaluating now!
2026-05-18 11:27:32,073 - src.base.trainer - INFO - Epoch [75/250] (12084) train_mae: 2.8544, val_mae: 3.5109, lr: 0.000010, 5.7s
2026-05-18 11:27:32,074 - src.base.trainer - INFO - Val loss decrease from 3.5165 to 3.5109, saving to True
2026-05-18 11:27:37,229 - src.base.trainer - INFO - epoch complete
2026-05-18 11:27:37,229 - src.base.trainer - INFO - evaluating now!
2026-05-18 11:27:37,801 - src.base.trainer - INFO - Epoch [76/250] (12243) train_mae: 2.8466, val_mae: 3.4994, lr: 0.000010, 5.2s
2026-05-18 11:27:37,802 - src.base.trainer - INFO - Val loss decrease from 3.5109 to 3.4994, saving to True
2026-05-18 11:27:43,458 - src.base.trainer - INFO - Epoch [77/250] (12400) train_mae: 2.8331, val_mae: 3.4897 
2026-05-18 11:27:43,459 - src.base.trainer - INFO - Val loss decrease from 3.4994 to 3.4897, saving to True
2026-05-18 11:27:43,513 - src.base.trainer - INFO - epoch complete
2026-05-18 11:27:43,513 - src.base.trainer - INFO - evaluating now!
2026-05-18 11:27:44,085 - src.base.trainer - INFO - Epoch [77/250] (12402) train_mae: 2.8387, val_mae: 3.4895, lr: 0.000010, 5.7s
2026-05-18 11:27:44,086 - src.base.trainer - INFO - Val loss decrease from 3.4897 to 3.4895, saving to True
2026-05-18 11:27:49,234 - src.base.trainer - INFO - epoch complete
2026-05-18 11:27:49,234 - src.base.trainer - INFO - evaluating now!
2026-05-18 11:27:49,807 - src.base.trainer - INFO - Epoch [78/250] (12561) train_mae: 2.8307, val_mae: 3.4799, lr: 0.000010, 5.1s
2026-05-18 11:27:49,808 - src.base.trainer - INFO - Val loss decrease from 3.4895 to 3.4799, saving to True
2026-05-18 11:27:54,962 - src.base.trainer - INFO - epoch complete
2026-05-18 11:27:54,962 - src.base.trainer - INFO - evaluating now!
2026-05-18 11:27:55,534 - src.base.trainer - INFO - Epoch [79/250] (12720) train_mae: 2.8236, val_mae: 3.4695, lr: 0.000010, 5.2s
2026-05-18 11:27:55,535 - src.base.trainer - INFO - Val loss decrease from 3.4799 to 3.4695, saving to True
2026-05-18 11:27:58,691 - src.base.trainer - INFO - Epoch [80/250] (12800) train_mae: 2.8294, val_mae: 3.4648 
2026-05-18 11:27:58,692 - src.base.trainer - INFO - Val loss decrease from 3.4695 to 3.4648, saving to True
2026-05-18 11:28:01,252 - src.base.trainer - INFO - epoch complete
2026-05-18 11:28:01,253 - src.base.trainer - INFO - evaluating now!
2026-05-18 11:28:01,824 - src.base.trainer - INFO - Epoch [80/250] (12879) train_mae: 2.8137, val_mae: 3.4590, lr: 0.000010, 5.7s
2026-05-18 11:28:01,825 - src.base.trainer - INFO - Val loss decrease from 3.4648 to 3.4590, saving to True
2026-05-18 11:28:06,975 - src.base.trainer - INFO - epoch complete
2026-05-18 11:28:06,975 - src.base.trainer - INFO - evaluating now!
2026-05-18 11:28:07,546 - src.base.trainer - INFO - Epoch [81/250] (13038) train_mae: 2.8074, val_mae: 3.4489, lr: 0.000010, 5.1s
2026-05-18 11:28:07,547 - src.base.trainer - INFO - Val loss decrease from 3.4590 to 3.4489, saving to True
2026-05-18 11:28:12,712 - src.base.trainer - INFO - epoch complete
2026-05-18 11:28:12,712 - src.base.trainer - INFO - evaluating now!
2026-05-18 11:28:13,280 - src.base.trainer - INFO - Epoch [82/250] (13197) train_mae: 2.7993, val_mae: 3.4401, lr: 0.000010, 5.2s
2026-05-18 11:28:13,281 - src.base.trainer - INFO - Val loss decrease from 3.4489 to 3.4401, saving to True
2026-05-18 11:28:13,944 - src.base.trainer - INFO - Epoch [83/250] (13200) train_mae: 2.9166, val_mae: 3.4401 
2026-05-18 11:28:18,986 - src.base.trainer - INFO - epoch complete
2026-05-18 11:28:18,986 - src.base.trainer - INFO - evaluating now!
2026-05-18 11:28:19,558 - src.base.trainer - INFO - Epoch [83/250] (13356) train_mae: 2.7933, val_mae: 3.4324, lr: 0.000010, 5.7s
2026-05-18 11:28:19,559 - src.base.trainer - INFO - Val loss decrease from 3.4401 to 3.4324, saving to True
2026-05-18 11:28:24,682 - src.base.trainer - INFO - epoch complete
2026-05-18 11:28:24,682 - src.base.trainer - INFO - evaluating now!
2026-05-18 11:28:25,254 - src.base.trainer - INFO - Epoch [84/250] (13515) train_mae: 2.7828, val_mae: 3.4213, lr: 0.000010, 5.1s
2026-05-18 11:28:25,255 - src.base.trainer - INFO - Val loss decrease from 3.4324 to 3.4213, saving to True
2026-05-18 11:28:28,573 - src.base.trainer - INFO - Epoch [85/250] (13600) train_mae: 2.7892, val_mae: 3.4177 
2026-05-18 11:28:28,574 - src.base.trainer - INFO - Val loss decrease from 3.4213 to 3.4177, saving to True
2026-05-18 11:28:30,972 - src.base.trainer - INFO - epoch complete
2026-05-18 11:28:30,972 - src.base.trainer - INFO - evaluating now!
2026-05-18 11:28:31,544 - src.base.trainer - INFO - Epoch [85/250] (13674) train_mae: 2.7790, val_mae: 3.4138, lr: 0.000010, 5.7s
2026-05-18 11:28:31,545 - src.base.trainer - INFO - Val loss decrease from 3.4177 to 3.4138, saving to True
2026-05-18 11:28:36,711 - src.base.trainer - INFO - epoch complete
2026-05-18 11:28:36,711 - src.base.trainer - INFO - evaluating now!
2026-05-18 11:28:37,285 - src.base.trainer - INFO - Epoch [86/250] (13833) train_mae: 2.7713, val_mae: 3.4045, lr: 0.000010, 5.2s
2026-05-18 11:28:37,286 - src.base.trainer - INFO - Val loss decrease from 3.4138 to 3.4045, saving to True
2026-05-18 11:28:42,436 - src.base.trainer - INFO - epoch complete
2026-05-18 11:28:42,436 - src.base.trainer - INFO - evaluating now!
2026-05-18 11:28:43,008 - src.base.trainer - INFO - Epoch [87/250] (13992) train_mae: 2.7644, val_mae: 3.3958, lr: 0.000010, 5.1s
2026-05-18 11:28:43,009 - src.base.trainer - INFO - Val loss decrease from 3.4045 to 3.3958, saving to True
2026-05-18 11:28:43,836 - src.base.trainer - INFO - Epoch [88/250] (14000) train_mae: 2.6688, val_mae: 3.3954 
2026-05-18 11:28:43,837 - src.base.trainer - INFO - Val loss decrease from 3.3958 to 3.3954, saving to True
2026-05-18 11:28:48,732 - src.base.trainer - INFO - epoch complete
2026-05-18 11:28:48,732 - src.base.trainer - INFO - evaluating now!
2026-05-18 11:28:49,311 - src.base.trainer - INFO - Epoch [88/250] (14151) train_mae: 2.7564, val_mae: 3.3871, lr: 0.000010, 5.7s
2026-05-18 11:28:49,312 - src.base.trainer - INFO - Val loss decrease from 3.3954 to 3.3871, saving to True
2026-05-18 11:28:54,483 - src.base.trainer - INFO - epoch complete
2026-05-18 11:28:54,483 - src.base.trainer - INFO - evaluating now!
2026-05-18 11:28:55,053 - src.base.trainer - INFO - Epoch [89/250] (14310) train_mae: 2.7517, val_mae: 3.3802, lr: 0.000010, 5.2s
2026-05-18 11:28:55,054 - src.base.trainer - INFO - Val loss decrease from 3.3871 to 3.3802, saving to True
2026-05-18 11:28:58,562 - src.base.trainer - INFO - Epoch [90/250] (14400) train_mae: 2.7910, val_mae: 3.3751 
2026-05-18 11:28:58,563 - src.base.trainer - INFO - Val loss decrease from 3.3802 to 3.3751, saving to True
2026-05-18 11:29:00,798 - src.base.trainer - INFO - epoch complete
2026-05-18 11:29:00,798 - src.base.trainer - INFO - evaluating now!
2026-05-18 11:29:01,369 - src.base.trainer - INFO - Epoch [90/250] (14469) train_mae: 2.7448, val_mae: 3.3718, lr: 0.000010, 5.7s
2026-05-18 11:29:01,370 - src.base.trainer - INFO - Val loss decrease from 3.3751 to 3.3718, saving to True
2026-05-18 11:29:06,501 - src.base.trainer - INFO - epoch complete
2026-05-18 11:29:06,501 - src.base.trainer - INFO - evaluating now!
2026-05-18 11:29:07,070 - src.base.trainer - INFO - Epoch [91/250] (14628) train_mae: 2.7385, val_mae: 3.3635, lr: 0.000010, 5.1s
2026-05-18 11:29:07,071 - src.base.trainer - INFO - Val loss decrease from 3.3718 to 3.3635, saving to True
2026-05-18 11:29:12,213 - src.base.trainer - INFO - epoch complete
2026-05-18 11:29:12,213 - src.base.trainer - INFO - evaluating now!
2026-05-18 11:29:12,789 - src.base.trainer - INFO - Epoch [92/250] (14787) train_mae: 2.7322, val_mae: 3.3566, lr: 0.000010, 5.1s
2026-05-18 11:29:12,790 - src.base.trainer - INFO - Val loss decrease from 3.3635 to 3.3566, saving to True
2026-05-18 11:29:13,776 - src.base.trainer - INFO - Epoch [93/250] (14800) train_mae: 2.7115, val_mae: 3.3560 
2026-05-18 11:29:13,777 - src.base.trainer - INFO - Val loss decrease from 3.3566 to 3.3560, saving to True
2026-05-18 11:29:18,523 - src.base.trainer - INFO - epoch complete
2026-05-18 11:29:18,523 - src.base.trainer - INFO - evaluating now!
2026-05-18 11:29:19,101 - src.base.trainer - INFO - Epoch [93/250] (14946) train_mae: 2.7260, val_mae: 3.3491, lr: 0.000010, 5.7s
2026-05-18 11:29:19,102 - src.base.trainer - INFO - Val loss decrease from 3.3560 to 3.3491, saving to True
2026-05-18 11:29:24,256 - src.base.trainer - INFO - epoch complete
2026-05-18 11:29:24,256 - src.base.trainer - INFO - evaluating now!
2026-05-18 11:29:24,853 - src.base.trainer - INFO - Epoch [94/250] (15105) train_mae: 2.7194, val_mae: 3.3415, lr: 0.000010, 5.2s
2026-05-18 11:29:24,854 - src.base.trainer - INFO - Val loss decrease from 3.3491 to 3.3415, saving to True
2026-05-18 11:29:28,505 - src.base.trainer - INFO - Epoch [95/250] (15200) train_mae: 2.7279, val_mae: 3.3374 
2026-05-18 11:29:28,506 - src.base.trainer - INFO - Val loss decrease from 3.3415 to 3.3374, saving to True
2026-05-18 11:29:30,588 - src.base.trainer - INFO - epoch complete
2026-05-18 11:29:30,588 - src.base.trainer - INFO - evaluating now!
2026-05-18 11:29:31,163 - src.base.trainer - INFO - Epoch [95/250] (15264) train_mae: 2.7143, val_mae: 3.3349, lr: 0.000010, 5.7s
2026-05-18 11:29:31,164 - src.base.trainer - INFO - Val loss decrease from 3.3374 to 3.3349, saving to True
2026-05-18 11:29:36,311 - src.base.trainer - INFO - epoch complete
2026-05-18 11:29:36,311 - src.base.trainer - INFO - evaluating now!
2026-05-18 11:29:36,886 - src.base.trainer - INFO - Epoch [96/250] (15423) train_mae: 2.7099, val_mae: 3.3281, lr: 0.000010, 5.1s
2026-05-18 11:29:36,887 - src.base.trainer - INFO - Val loss decrease from 3.3349 to 3.3281, saving to True
2026-05-18 11:29:42,043 - src.base.trainer - INFO - epoch complete
2026-05-18 11:29:42,043 - src.base.trainer - INFO - evaluating now!
2026-05-18 11:29:42,616 - src.base.trainer - INFO - Epoch [97/250] (15582) train_mae: 2.7042, val_mae: 3.3222, lr: 0.000010, 5.2s
2026-05-18 11:29:42,617 - src.base.trainer - INFO - Val loss decrease from 3.3281 to 3.3222, saving to True
2026-05-18 11:29:43,763 - src.base.trainer - INFO - Epoch [98/250] (15600) train_mae: 2.5776, val_mae: 3.3208 
2026-05-18 11:29:43,764 - src.base.trainer - INFO - Val loss decrease from 3.3222 to 3.3208, saving to True
2026-05-18 11:29:48,341 - src.base.trainer - INFO - epoch complete
2026-05-18 11:29:48,344 - src.base.trainer - INFO - evaluating now!
2026-05-18 11:29:48,916 - src.base.trainer - INFO - Epoch [98/250] (15741) train_mae: 2.6977, val_mae: 3.3170, lr: 0.000010, 5.7s
2026-05-18 11:29:48,917 - src.base.trainer - INFO - Val loss decrease from 3.3208 to 3.3170, saving to True
2026-05-18 11:29:54,083 - src.base.trainer - INFO - epoch complete
2026-05-18 11:29:54,083 - src.base.trainer - INFO - evaluating now!
2026-05-18 11:29:54,661 - src.base.trainer - INFO - Epoch [99/250] (15900) train_mae: 2.6941, val_mae: 3.3089, lr: 0.000010, 5.2s
2026-05-18 11:29:54,662 - src.base.trainer - INFO - Val loss decrease from 3.3170 to 3.3089, saving to True
2026-05-18 11:29:58,451 - src.base.trainer - INFO - Epoch [100/250] (16000) train_mae: 2.7270, val_mae: 3.3031 
2026-05-18 11:29:58,452 - src.base.trainer - INFO - Val loss decrease from 3.3089 to 3.3031, saving to True
2026-05-18 11:30:00,352 - src.base.trainer - INFO - epoch complete
2026-05-18 11:30:00,352 - src.base.trainer - INFO - evaluating now!
2026-05-18 11:30:00,924 - src.base.trainer - INFO - Epoch [100/250] (16059) train_mae: 2.6878, val_mae: 3.3038, lr: 0.000010, 5.7s
2026-05-18 11:30:06,088 - src.base.trainer - INFO - epoch complete
2026-05-18 11:30:06,088 - src.base.trainer - INFO - evaluating now!
2026-05-18 11:30:06,661 - src.base.trainer - INFO - Epoch [101/250] (16218) train_mae: 2.6834, val_mae: 3.2949, lr: 0.000010, 5.2s
2026-05-18 11:30:06,662 - src.base.trainer - INFO - Val loss decrease from 3.3031 to 3.2949, saving to True
2026-05-18 11:30:11,817 - src.base.trainer - INFO - epoch complete
2026-05-18 11:30:11,817 - src.base.trainer - INFO - evaluating now!
2026-05-18 11:30:12,390 - src.base.trainer - INFO - Epoch [102/250] (16377) train_mae: 2.6777, val_mae: 3.2910, lr: 0.000010, 5.2s
2026-05-18 11:30:12,391 - src.base.trainer - INFO - Val loss decrease from 3.2949 to 3.2910, saving to True
2026-05-18 11:30:13,704 - src.base.trainer - INFO - Epoch [103/250] (16400) train_mae: 2.6370, val_mae: 3.2911 
2026-05-18 11:30:18,114 - src.base.trainer - INFO - epoch complete
2026-05-18 11:30:18,114 - src.base.trainer - INFO - evaluating now!
2026-05-18 11:30:18,687 - src.base.trainer - INFO - Epoch [103/250] (16536) train_mae: 2.6734, val_mae: 3.2829, lr: 0.000010, 5.7s
2026-05-18 11:30:18,688 - src.base.trainer - INFO - Val loss decrease from 3.2910 to 3.2829, saving to True
2026-05-18 11:30:23,827 - src.base.trainer - INFO - epoch complete
2026-05-18 11:30:23,827 - src.base.trainer - INFO - evaluating now!
2026-05-18 11:30:24,406 - src.base.trainer - INFO - Epoch [104/250] (16695) train_mae: 2.6685, val_mae: 3.2778, lr: 0.000010, 5.1s
2026-05-18 11:30:24,408 - src.base.trainer - INFO - Val loss decrease from 3.2829 to 3.2778, saving to True
2026-05-18 11:30:28,388 - src.base.trainer - INFO - Epoch [105/250] (16800) train_mae: 2.6481, val_mae: 3.2740 
2026-05-18 11:30:28,390 - src.base.trainer - INFO - Val loss decrease from 3.2778 to 3.2740, saving to True
2026-05-18 11:30:30,134 - src.base.trainer - INFO - epoch complete
2026-05-18 11:30:30,134 - src.base.trainer - INFO - evaluating now!
2026-05-18 11:30:30,706 - src.base.trainer - INFO - Epoch [105/250] (16854) train_mae: 2.6642, val_mae: 3.2722, lr: 0.000010, 5.7s
2026-05-18 11:30:30,708 - src.base.trainer - INFO - Val loss decrease from 3.2740 to 3.2722, saving to True
2026-05-18 11:30:35,847 - src.base.trainer - INFO - epoch complete
2026-05-18 11:30:35,847 - src.base.trainer - INFO - evaluating now!
2026-05-18 11:30:36,418 - src.base.trainer - INFO - Epoch [106/250] (17013) train_mae: 2.6603, val_mae: 3.2677, lr: 0.000010, 5.1s
2026-05-18 11:30:36,419 - src.base.trainer - INFO - Val loss decrease from 3.2722 to 3.2677, saving to True
2026-05-18 11:30:41,622 - src.base.trainer - INFO - epoch complete
2026-05-18 11:30:41,622 - src.base.trainer - INFO - evaluating now!
2026-05-18 11:30:42,192 - src.base.trainer - INFO - Epoch [107/250] (17172) train_mae: 2.6564, val_mae: 3.2627, lr: 0.000010, 5.2s
2026-05-18 11:30:42,194 - src.base.trainer - INFO - Val loss decrease from 3.2677 to 3.2627, saving to True
2026-05-18 11:30:43,663 - src.base.trainer - INFO - Epoch [108/250] (17200) train_mae: 2.5171, val_mae: 3.2614 
2026-05-18 11:30:43,664 - src.base.trainer - INFO - Val loss decrease from 3.2627 to 3.2614, saving to True
2026-05-18 11:30:47,902 - src.base.trainer - INFO - epoch complete
2026-05-18 11:30:47,903 - src.base.trainer - INFO - evaluating now!
2026-05-18 11:30:48,474 - src.base.trainer - INFO - Epoch [108/250] (17331) train_mae: 2.6500, val_mae: 3.2561, lr: 0.000010, 5.7s
2026-05-18 11:30:48,475 - src.base.trainer - INFO - Val loss decrease from 3.2614 to 3.2561, saving to True
2026-05-18 11:30:53,630 - src.base.trainer - INFO - epoch complete
2026-05-18 11:30:53,631 - src.base.trainer - INFO - evaluating now!
2026-05-18 11:30:54,212 - src.base.trainer - INFO - Epoch [109/250] (17490) train_mae: 2.6467, val_mae: 3.2504, lr: 0.000010, 5.2s
2026-05-18 11:30:54,213 - src.base.trainer - INFO - Val loss decrease from 3.2561 to 3.2504, saving to True
2026-05-18 11:30:58,344 - src.base.trainer - INFO - Epoch [110/250] (17600) train_mae: 2.6507, val_mae: 3.2479 
2026-05-18 11:30:58,346 - src.base.trainer - INFO - Val loss decrease from 3.2504 to 3.2479, saving to True
2026-05-18 11:30:59,931 - src.base.trainer - INFO - epoch complete
2026-05-18 11:30:59,931 - src.base.trainer - INFO - evaluating now!
2026-05-18 11:31:00,505 - src.base.trainer - INFO - Epoch [110/250] (17649) train_mae: 2.6423, val_mae: 3.2458, lr: 0.000010, 5.7s
2026-05-18 11:31:00,506 - src.base.trainer - INFO - Val loss decrease from 3.2479 to 3.2458, saving to True
2026-05-18 11:31:05,680 - src.base.trainer - INFO - epoch complete
2026-05-18 11:31:05,680 - src.base.trainer - INFO - evaluating now!
2026-05-18 11:31:06,252 - src.base.trainer - INFO - Epoch [111/250] (17808) train_mae: 2.6377, val_mae: 3.2406, lr: 0.000010, 5.2s
2026-05-18 11:31:06,253 - src.base.trainer - INFO - Val loss decrease from 3.2458 to 3.2406, saving to True
2026-05-18 11:31:11,396 - src.base.trainer - INFO - epoch complete
2026-05-18 11:31:11,396 - src.base.trainer - INFO - evaluating now!
2026-05-18 11:31:11,968 - src.base.trainer - INFO - Epoch [112/250] (17967) train_mae: 2.6342, val_mae: 3.2358, lr: 0.000010, 5.1s
2026-05-18 11:31:11,969 - src.base.trainer - INFO - Val loss decrease from 3.2406 to 3.2358, saving to True
2026-05-18 11:31:13,606 - src.base.trainer - INFO - Epoch [113/250] (18000) train_mae: 2.6287, val_mae: 3.2353 
2026-05-18 11:31:13,607 - src.base.trainer - INFO - Val loss decrease from 3.2358 to 3.2353, saving to True
2026-05-18 11:31:17,703 - src.base.trainer - INFO - epoch complete
2026-05-18 11:31:17,703 - src.base.trainer - INFO - evaluating now!
2026-05-18 11:31:18,277 - src.base.trainer - INFO - Epoch [113/250] (18126) train_mae: 2.6313, val_mae: 3.2312, lr: 0.000010, 5.7s
2026-05-18 11:31:18,278 - src.base.trainer - INFO - Val loss decrease from 3.2353 to 3.2312, saving to True
2026-05-18 11:31:23,433 - src.base.trainer - INFO - epoch complete
2026-05-18 11:31:23,433 - src.base.trainer - INFO - evaluating now!
2026-05-18 11:31:24,006 - src.base.trainer - INFO - Epoch [114/250] (18285) train_mae: 2.6271, val_mae: 3.2264, lr: 0.000010, 5.2s
2026-05-18 11:31:24,007 - src.base.trainer - INFO - Val loss decrease from 3.2312 to 3.2264, saving to True
2026-05-18 11:31:28,325 - src.base.trainer - INFO - Epoch [115/250] (18400) train_mae: 2.5931, val_mae: 3.2244 
2026-05-18 11:31:28,326 - src.base.trainer - INFO - Val loss decrease from 3.2264 to 3.2244, saving to True
2026-05-18 11:31:29,749 - src.base.trainer - INFO - epoch complete
2026-05-18 11:31:29,749 - src.base.trainer - INFO - evaluating now!
2026-05-18 11:31:30,320 - src.base.trainer - INFO - Epoch [115/250] (18444) train_mae: 2.6235, val_mae: 3.2209, lr: 0.000010, 5.7s
2026-05-18 11:31:30,321 - src.base.trainer - INFO - Val loss decrease from 3.2244 to 3.2209, saving to True
2026-05-18 11:31:35,488 - src.base.trainer - INFO - epoch complete
2026-05-18 11:31:35,488 - src.base.trainer - INFO - evaluating now!
2026-05-18 11:31:36,060 - src.base.trainer - INFO - Epoch [116/250] (18603) train_mae: 2.6204, val_mae: 3.2173, lr: 0.000010, 5.2s
2026-05-18 11:31:36,061 - src.base.trainer - INFO - Val loss decrease from 3.2209 to 3.2173, saving to True
2026-05-18 11:31:41,220 - src.base.trainer - INFO - epoch complete
2026-05-18 11:31:41,220 - src.base.trainer - INFO - evaluating now!
2026-05-18 11:31:41,791 - src.base.trainer - INFO - Epoch [117/250] (18762) train_mae: 2.6163, val_mae: 3.2134, lr: 0.000010, 5.2s
2026-05-18 11:31:41,792 - src.base.trainer - INFO - Val loss decrease from 3.2173 to 3.2134, saving to True
2026-05-18 11:31:43,597 - src.base.trainer - INFO - Epoch [118/250] (18800) train_mae: 2.5408, val_mae: 3.2121 
2026-05-18 11:31:43,598 - src.base.trainer - INFO - Val loss decrease from 3.2134 to 3.2121, saving to True
2026-05-18 11:31:47,545 - src.base.trainer - INFO - epoch complete
2026-05-18 11:31:47,547 - src.base.trainer - INFO - evaluating now!
2026-05-18 11:31:48,122 - src.base.trainer - INFO - Epoch [118/250] (18921) train_mae: 2.6116, val_mae: 3.2089, lr: 0.000010, 5.8s
2026-05-18 11:31:48,123 - src.base.trainer - INFO - Val loss decrease from 3.2121 to 3.2089, saving to True
2026-05-18 11:31:53,685 - src.base.trainer - INFO - epoch complete
2026-05-18 11:31:53,685 - src.base.trainer - INFO - evaluating now!
2026-05-18 11:31:54,262 - src.base.trainer - INFO - Epoch [119/250] (19080) train_mae: 2.6103, val_mae: 3.2054, lr: 0.000010, 5.6s
2026-05-18 11:31:54,263 - src.base.trainer - INFO - Val loss decrease from 3.2089 to 3.2054, saving to True
2026-05-18 11:31:58,886 - src.base.trainer - INFO - Epoch [120/250] (19200) train_mae: 2.6040, val_mae: 3.2013 
2026-05-18 11:31:58,890 - src.base.trainer - INFO - Val loss decrease from 3.2054 to 3.2013, saving to True
2026-05-18 11:32:00,186 - src.base.trainer - INFO - epoch complete
2026-05-18 11:32:00,186 - src.base.trainer - INFO - evaluating now!
2026-05-18 11:32:00,771 - src.base.trainer - INFO - Epoch [120/250] (19239) train_mae: 2.6042, val_mae: 3.2004, lr: 0.000010, 5.9s
2026-05-18 11:32:00,772 - src.base.trainer - INFO - Val loss decrease from 3.2013 to 3.2004, saving to True
2026-05-18 11:32:06,007 - src.base.trainer - INFO - epoch complete
2026-05-18 11:32:06,007 - src.base.trainer - INFO - evaluating now!
2026-05-18 11:32:06,579 - src.base.trainer - INFO - Epoch [121/250] (19398) train_mae: 2.6015, val_mae: 3.1969, lr: 0.000010, 5.2s
2026-05-18 11:32:06,580 - src.base.trainer - INFO - Val loss decrease from 3.2004 to 3.1969, saving to True
2026-05-18 11:32:11,789 - src.base.trainer - INFO - epoch complete
2026-05-18 11:32:11,789 - src.base.trainer - INFO - evaluating now!
2026-05-18 11:32:12,391 - src.base.trainer - INFO - Epoch [122/250] (19557) train_mae: 2.5994, val_mae: 3.1935, lr: 0.000010, 5.2s
2026-05-18 11:32:12,392 - src.base.trainer - INFO - Val loss decrease from 3.1969 to 3.1935, saving to True
2026-05-18 11:32:14,358 - src.base.trainer - INFO - Epoch [123/250] (19600) train_mae: 2.5962, val_mae: 3.1905 
2026-05-18 11:32:14,359 - src.base.trainer - INFO - Val loss decrease from 3.1935 to 3.1905, saving to True
2026-05-18 11:32:18,138 - src.base.trainer - INFO - epoch complete
2026-05-18 11:32:18,138 - src.base.trainer - INFO - evaluating now!
2026-05-18 11:32:18,709 - src.base.trainer - INFO - Epoch [123/250] (19716) train_mae: 2.5976, val_mae: 3.1898, lr: 0.000010, 5.7s
2026-05-18 11:32:18,710 - src.base.trainer - INFO - Val loss decrease from 3.1905 to 3.1898, saving to True
2026-05-18 11:32:23,896 - src.base.trainer - INFO - epoch complete
2026-05-18 11:32:23,896 - src.base.trainer - INFO - evaluating now!
2026-05-18 11:32:24,475 - src.base.trainer - INFO - Epoch [124/250] (19875) train_mae: 2.5937, val_mae: 3.1841, lr: 0.000010, 5.2s
2026-05-18 11:32:24,476 - src.base.trainer - INFO - Val loss decrease from 3.1898 to 3.1841, saving to True
2026-05-18 11:32:29,144 - src.base.trainer - INFO - Epoch [125/250] (20000) train_mae: 2.5664, val_mae: 3.1810 
2026-05-18 11:32:29,145 - src.base.trainer - INFO - Val loss decrease from 3.1841 to 3.1810, saving to True
2026-05-18 11:32:30,247 - src.base.trainer - INFO - epoch complete
2026-05-18 11:32:30,247 - src.base.trainer - INFO - evaluating now!
2026-05-18 11:32:30,822 - src.base.trainer - INFO - Epoch [125/250] (20034) train_mae: 2.5912, val_mae: 3.1805, lr: 0.000010, 5.8s
2026-05-18 11:32:30,823 - src.base.trainer - INFO - Val loss decrease from 3.1810 to 3.1805, saving to True
2026-05-18 11:32:36,022 - src.base.trainer - INFO - epoch complete
2026-05-18 11:32:36,022 - src.base.trainer - INFO - evaluating now!
2026-05-18 11:32:36,593 - src.base.trainer - INFO - Epoch [126/250] (20193) train_mae: 2.5878, val_mae: 3.1771, lr: 0.000010, 5.2s
2026-05-18 11:32:36,594 - src.base.trainer - INFO - Val loss decrease from 3.1805 to 3.1771, saving to True
2026-05-18 11:32:41,766 - src.base.trainer - INFO - epoch complete
2026-05-18 11:32:41,766 - src.base.trainer - INFO - evaluating now!
2026-05-18 11:32:42,337 - src.base.trainer - INFO - Epoch [127/250] (20352) train_mae: 2.5833, val_mae: 3.1733, lr: 0.000010, 5.2s
2026-05-18 11:32:42,338 - src.base.trainer - INFO - Val loss decrease from 3.1771 to 3.1733, saving to True
2026-05-18 11:32:44,468 - src.base.trainer - INFO - Epoch [128/250] (20400) train_mae: 2.5427, val_mae: 3.1729 
2026-05-18 11:32:44,469 - src.base.trainer - INFO - Val loss decrease from 3.1733 to 3.1729, saving to True
2026-05-18 11:32:48,082 - src.base.trainer - INFO - epoch complete
2026-05-18 11:32:48,085 - src.base.trainer - INFO - evaluating now!
2026-05-18 11:32:48,682 - src.base.trainer - INFO - Epoch [128/250] (20511) train_mae: 2.5810, val_mae: 3.1683, lr: 0.000010, 5.7s
2026-05-18 11:32:48,683 - src.base.trainer - INFO - Val loss decrease from 3.1729 to 3.1683, saving to True
2026-05-18 11:32:53,877 - src.base.trainer - INFO - epoch complete
2026-05-18 11:32:53,877 - src.base.trainer - INFO - evaluating now!
2026-05-18 11:32:54,456 - src.base.trainer - INFO - Epoch [129/250] (20670) train_mae: 2.5772, val_mae: 3.1668, lr: 0.000010, 5.2s
2026-05-18 11:32:54,457 - src.base.trainer - INFO - Val loss decrease from 3.1683 to 3.1668, saving to True
2026-05-18 11:32:59,312 - src.base.trainer - INFO - Epoch [130/250] (20800) train_mae: 2.5510, val_mae: 3.1639 
2026-05-18 11:32:59,313 - src.base.trainer - INFO - Val loss decrease from 3.1668 to 3.1639, saving to True
2026-05-18 11:33:00,248 - src.base.trainer - INFO - epoch complete
2026-05-18 11:33:00,248 - src.base.trainer - INFO - evaluating now!
2026-05-18 11:33:00,820 - src.base.trainer - INFO - Epoch [130/250] (20829) train_mae: 2.5754, val_mae: 3.1634, lr: 0.000010, 5.8s
2026-05-18 11:33:00,822 - src.base.trainer - INFO - Val loss decrease from 3.1639 to 3.1634, saving to True
2026-05-18 11:33:06,027 - src.base.trainer - INFO - epoch complete
2026-05-18 11:33:06,028 - src.base.trainer - INFO - evaluating now!
2026-05-18 11:33:06,600 - src.base.trainer - INFO - Epoch [131/250] (20988) train_mae: 2.5720, val_mae: 3.1594, lr: 0.000010, 5.2s
2026-05-18 11:33:06,601 - src.base.trainer - INFO - Val loss decrease from 3.1634 to 3.1594, saving to True
2026-05-18 11:33:11,794 - src.base.trainer - INFO - epoch complete
2026-05-18 11:33:11,794 - src.base.trainer - INFO - evaluating now!
2026-05-18 11:33:12,368 - src.base.trainer - INFO - Epoch [132/250] (21147) train_mae: 2.5704, val_mae: 3.1561, lr: 0.000010, 5.2s
2026-05-18 11:33:12,369 - src.base.trainer - INFO - Val loss decrease from 3.1594 to 3.1561, saving to True
2026-05-18 11:33:14,665 - src.base.trainer - INFO - Epoch [133/250] (21200) train_mae: 2.4724, val_mae: 3.1545 
2026-05-18 11:33:14,666 - src.base.trainer - INFO - Val loss decrease from 3.1561 to 3.1545, saving to True
2026-05-18 11:33:18,104 - src.base.trainer - INFO - epoch complete
2026-05-18 11:33:18,105 - src.base.trainer - INFO - evaluating now!
2026-05-18 11:33:18,676 - src.base.trainer - INFO - Epoch [133/250] (21306) train_mae: 2.5657, val_mae: 3.1522, lr: 0.000010, 5.7s
2026-05-18 11:33:18,677 - src.base.trainer - INFO - Val loss decrease from 3.1545 to 3.1522, saving to True
2026-05-18 11:33:23,849 - src.base.trainer - INFO - epoch complete
2026-05-18 11:33:23,849 - src.base.trainer - INFO - evaluating now!
2026-05-18 11:33:24,427 - src.base.trainer - INFO - Epoch [134/250] (21465) train_mae: 2.5641, val_mae: 3.1489, lr: 0.000010, 5.2s
2026-05-18 11:33:24,428 - src.base.trainer - INFO - Val loss decrease from 3.1522 to 3.1489, saving to True
2026-05-18 11:33:29,417 - src.base.trainer - INFO - Epoch [135/250] (21600) train_mae: 2.5804, val_mae: 3.1461 
2026-05-18 11:33:29,418 - src.base.trainer - INFO - Val loss decrease from 3.1489 to 3.1461, saving to True
2026-05-18 11:33:30,188 - src.base.trainer - INFO - epoch complete
2026-05-18 11:33:30,188 - src.base.trainer - INFO - evaluating now!
2026-05-18 11:33:30,762 - src.base.trainer - INFO - Epoch [135/250] (21624) train_mae: 2.5625, val_mae: 3.1470, lr: 0.000010, 5.8s
2026-05-18 11:33:35,936 - src.base.trainer - INFO - epoch complete
2026-05-18 11:33:35,936 - src.base.trainer - INFO - evaluating now!
2026-05-18 11:33:36,506 - src.base.trainer - INFO - Epoch [136/250] (21783) train_mae: 2.5589, val_mae: 3.1425, lr: 0.000010, 5.2s
2026-05-18 11:33:36,508 - src.base.trainer - INFO - Val loss decrease from 3.1461 to 3.1425, saving to True
2026-05-18 11:33:41,709 - src.base.trainer - INFO - epoch complete
2026-05-18 11:33:41,709 - src.base.trainer - INFO - evaluating now!
2026-05-18 11:33:42,282 - src.base.trainer - INFO - Epoch [137/250] (21942) train_mae: 2.5565, val_mae: 3.1402, lr: 0.000010, 5.2s
2026-05-18 11:33:42,283 - src.base.trainer - INFO - Val loss decrease from 3.1425 to 3.1402, saving to True
2026-05-18 11:33:44,750 - src.base.trainer - INFO - Epoch [138/250] (22000) train_mae: 2.5828, val_mae: 3.1380 
2026-05-18 11:33:44,751 - src.base.trainer - INFO - Val loss decrease from 3.1402 to 3.1380, saving to True
2026-05-18 11:33:48,052 - src.base.trainer - INFO - epoch complete
2026-05-18 11:33:48,053 - src.base.trainer - INFO - evaluating now!
2026-05-18 11:33:48,624 - src.base.trainer - INFO - Epoch [138/250] (22101) train_mae: 2.5542, val_mae: 3.1374, lr: 0.000010, 5.8s
2026-05-18 11:33:48,625 - src.base.trainer - INFO - Val loss decrease from 3.1380 to 3.1374, saving to True
2026-05-18 11:33:53,828 - src.base.trainer - INFO - epoch complete
2026-05-18 11:33:53,828 - src.base.trainer - INFO - evaluating now!
2026-05-18 11:33:54,405 - src.base.trainer - INFO - Epoch [139/250] (22260) train_mae: 2.5509, val_mae: 3.1334, lr: 0.000010, 5.2s
2026-05-18 11:33:54,406 - src.base.trainer - INFO - Val loss decrease from 3.1374 to 3.1334, saving to True
2026-05-18 11:33:59,560 - src.base.trainer - INFO - Epoch [140/250] (22400) train_mae: 2.5547, val_mae: 3.1314 
2026-05-18 11:33:59,561 - src.base.trainer - INFO - Val loss decrease from 3.1334 to 3.1314, saving to True
2026-05-18 11:34:00,164 - src.base.trainer - INFO - epoch complete
2026-05-18 11:34:00,165 - src.base.trainer - INFO - evaluating now!
2026-05-18 11:34:00,739 - src.base.trainer - INFO - Epoch [140/250] (22419) train_mae: 2.5487, val_mae: 3.1306, lr: 0.000010, 5.8s
2026-05-18 11:34:00,740 - src.base.trainer - INFO - Val loss decrease from 3.1314 to 3.1306, saving to True
2026-05-18 11:34:05,925 - src.base.trainer - INFO - epoch complete
2026-05-18 11:34:05,925 - src.base.trainer - INFO - evaluating now!
2026-05-18 11:34:06,496 - src.base.trainer - INFO - Epoch [141/250] (22578) train_mae: 2.5458, val_mae: 3.1281, lr: 0.000010, 5.2s
2026-05-18 11:34:06,497 - src.base.trainer - INFO - Val loss decrease from 3.1306 to 3.1281, saving to True
2026-05-18 11:34:11,676 - src.base.trainer - INFO - epoch complete
2026-05-18 11:34:11,676 - src.base.trainer - INFO - evaluating now!
2026-05-18 11:34:12,269 - src.base.trainer - INFO - Epoch [142/250] (22737) train_mae: 2.5436, val_mae: 3.1247, lr: 0.000010, 5.2s
2026-05-18 11:34:12,270 - src.base.trainer - INFO - Val loss decrease from 3.1281 to 3.1247, saving to True
2026-05-18 11:34:14,901 - src.base.trainer - INFO - Epoch [143/250] (22800) train_mae: 2.6178, val_mae: 3.1244 
2026-05-18 11:34:14,902 - src.base.trainer - INFO - Val loss decrease from 3.1247 to 3.1244, saving to True
2026-05-18 11:34:18,028 - src.base.trainer - INFO - epoch complete
2026-05-18 11:34:18,031 - src.base.trainer - INFO - evaluating now!
2026-05-18 11:34:18,603 - src.base.trainer - INFO - Epoch [143/250] (22896) train_mae: 2.5424, val_mae: 3.1220, lr: 0.000010, 5.8s
2026-05-18 11:34:18,604 - src.base.trainer - INFO - Val loss decrease from 3.1244 to 3.1220, saving to True
2026-05-18 11:34:23,801 - src.base.trainer - INFO - epoch complete
2026-05-18 11:34:23,801 - src.base.trainer - INFO - evaluating now!
2026-05-18 11:34:24,381 - src.base.trainer - INFO - Epoch [144/250] (23055) train_mae: 2.5393, val_mae: 3.1188, lr: 0.000010, 5.2s
2026-05-18 11:34:24,382 - src.base.trainer - INFO - Val loss decrease from 3.1220 to 3.1188, saving to True
2026-05-18 11:34:29,684 - src.base.trainer - INFO - Epoch [145/250] (23200) train_mae: 2.5538, val_mae: 3.1168 
2026-05-18 11:34:29,685 - src.base.trainer - INFO - Val loss decrease from 3.1188 to 3.1168, saving to True
2026-05-18 11:34:30,126 - src.base.trainer - INFO - epoch complete
2026-05-18 11:34:30,126 - src.base.trainer - INFO - evaluating now!
2026-05-18 11:34:30,698 - src.base.trainer - INFO - Epoch [145/250] (23214) train_mae: 2.5382, val_mae: 3.1170, lr: 0.000010, 5.7s
2026-05-18 11:34:35,898 - src.base.trainer - INFO - epoch complete
2026-05-18 11:34:35,898 - src.base.trainer - INFO - evaluating now!
2026-05-18 11:34:36,469 - src.base.trainer - INFO - Epoch [146/250] (23373) train_mae: 2.5347, val_mae: 3.1148, lr: 0.000010, 5.2s
2026-05-18 11:34:36,471 - src.base.trainer - INFO - Val loss decrease from 3.1168 to 3.1148, saving to True
2026-05-18 11:34:41,657 - src.base.trainer - INFO - epoch complete
2026-05-18 11:34:41,657 - src.base.trainer - INFO - evaluating now!
2026-05-18 11:34:42,228 - src.base.trainer - INFO - Epoch [147/250] (23532) train_mae: 2.5333, val_mae: 3.1109, lr: 0.000010, 5.2s
2026-05-18 11:34:42,229 - src.base.trainer - INFO - Val loss decrease from 3.1148 to 3.1109, saving to True
2026-05-18 11:34:45,008 - src.base.trainer - INFO - Epoch [148/250] (23600) train_mae: 2.4602, val_mae: 3.1100 
2026-05-18 11:34:45,009 - src.base.trainer - INFO - Val loss decrease from 3.1109 to 3.1100, saving to True
2026-05-18 11:34:47,951 - src.base.trainer - INFO - epoch complete
2026-05-18 11:34:47,951 - src.base.trainer - INFO - evaluating now!
2026-05-18 11:34:48,523 - src.base.trainer - INFO - Epoch [148/250] (23691) train_mae: 2.5307, val_mae: 3.1074, lr: 0.000010, 5.7s
2026-05-18 11:34:48,524 - src.base.trainer - INFO - Val loss decrease from 3.1100 to 3.1074, saving to True
2026-05-18 11:34:53,698 - src.base.trainer - INFO - epoch complete
2026-05-18 11:34:53,698 - src.base.trainer - INFO - evaluating now!
2026-05-18 11:34:54,276 - src.base.trainer - INFO - Epoch [149/250] (23850) train_mae: 2.5294, val_mae: 3.1055, lr: 0.000010, 5.2s
2026-05-18 11:34:54,277 - src.base.trainer - INFO - Val loss decrease from 3.1074 to 3.1055, saving to True
2026-05-18 11:34:59,766 - src.base.trainer - INFO - Epoch [150/250] (24000) train_mae: 2.5245, val_mae: 3.1033 
2026-05-18 11:34:59,767 - src.base.trainer - INFO - Val loss decrease from 3.1055 to 3.1033, saving to True
2026-05-18 11:35:00,046 - src.base.trainer - INFO - epoch complete
2026-05-18 11:35:00,046 - src.base.trainer - INFO - evaluating now!
2026-05-18 11:35:00,615 - src.base.trainer - INFO - Epoch [150/250] (24009) train_mae: 2.5269, val_mae: 3.1037, lr: 0.000010, 5.8s
2026-05-18 11:35:05,783 - src.base.trainer - INFO - epoch complete
2026-05-18 11:35:05,783 - src.base.trainer - INFO - evaluating now!
2026-05-18 11:35:06,358 - src.base.trainer - INFO - Epoch [151/250] (24168) train_mae: 2.5248, val_mae: 3.1008, lr: 0.000010, 5.2s
2026-05-18 11:35:06,359 - src.base.trainer - INFO - Val loss decrease from 3.1033 to 3.1008, saving to True
2026-05-18 11:35:11,595 - src.base.trainer - INFO - epoch complete
2026-05-18 11:35:11,595 - src.base.trainer - INFO - evaluating now!
2026-05-18 11:35:12,166 - src.base.trainer - INFO - Epoch [152/250] (24327) train_mae: 2.5231, val_mae: 3.0971, lr: 0.000010, 5.2s
2026-05-18 11:35:12,168 - src.base.trainer - INFO - Val loss decrease from 3.1008 to 3.0971, saving to True
2026-05-18 11:35:15,118 - src.base.trainer - INFO - Epoch [153/250] (24400) train_mae: 2.5011, val_mae: 3.0973 
2026-05-18 11:35:17,912 - src.base.trainer - INFO - epoch complete
2026-05-18 11:35:17,912 - src.base.trainer - INFO - evaluating now!
2026-05-18 11:35:18,485 - src.base.trainer - INFO - Epoch [153/250] (24486) train_mae: 2.5197, val_mae: 3.0961, lr: 0.000010, 5.7s
2026-05-18 11:35:18,486 - src.base.trainer - INFO - Val loss decrease from 3.0971 to 3.0961, saving to True
2026-05-18 11:35:23,691 - src.base.trainer - INFO - epoch complete
2026-05-18 11:35:23,691 - src.base.trainer - INFO - evaluating now!
2026-05-18 11:35:24,266 - src.base.trainer - INFO - Epoch [154/250] (24645) train_mae: 2.5176, val_mae: 3.0936, lr: 0.000010, 5.2s
2026-05-18 11:35:24,267 - src.base.trainer - INFO - Val loss decrease from 3.0961 to 3.0936, saving to True
2026-05-18 11:35:30,042 - src.base.trainer - INFO - Epoch [155/250] (24800) train_mae: 2.5212, val_mae: 3.0906 
2026-05-18 11:35:30,043 - src.base.trainer - INFO - Val loss decrease from 3.0936 to 3.0906, saving to True
2026-05-18 11:35:30,186 - src.base.trainer - INFO - epoch complete
2026-05-18 11:35:30,187 - src.base.trainer - INFO - evaluating now!
2026-05-18 11:35:30,776 - src.base.trainer - INFO - Epoch [155/250] (24804) train_mae: 2.5165, val_mae: 3.0905, lr: 0.000010, 5.9s
2026-05-18 11:35:30,777 - src.base.trainer - INFO - Val loss decrease from 3.0906 to 3.0905, saving to True
2026-05-18 11:35:36,195 - src.base.trainer - INFO - epoch complete
2026-05-18 11:35:36,195 - src.base.trainer - INFO - evaluating now!
2026-05-18 11:35:36,775 - src.base.trainer - INFO - Epoch [156/250] (24963) train_mae: 2.5142, val_mae: 3.0880, lr: 0.000010, 5.4s
2026-05-18 11:35:36,776 - src.base.trainer - INFO - Val loss decrease from 3.0905 to 3.0880, saving to True
2026-05-18 11:35:42,052 - src.base.trainer - INFO - epoch complete
2026-05-18 11:35:42,052 - src.base.trainer - INFO - evaluating now!
2026-05-18 11:35:42,625 - src.base.trainer - INFO - Epoch [157/250] (25122) train_mae: 2.5131, val_mae: 3.0853, lr: 0.000010, 5.3s
2026-05-18 11:35:42,626 - src.base.trainer - INFO - Val loss decrease from 3.0880 to 3.0853, saving to True
2026-05-18 11:35:45,768 - src.base.trainer - INFO - Epoch [158/250] (25200) train_mae: 2.5399, val_mae: 3.0860 
2026-05-18 11:35:48,434 - src.base.trainer - INFO - epoch complete
2026-05-18 11:35:48,435 - src.base.trainer - INFO - evaluating now!
2026-05-18 11:35:49,006 - src.base.trainer - INFO - Epoch [158/250] (25281) train_mae: 2.5099, val_mae: 3.0837, lr: 0.000010, 5.8s
2026-05-18 11:35:49,007 - src.base.trainer - INFO - Val loss decrease from 3.0853 to 3.0837, saving to True
2026-05-18 11:35:54,205 - src.base.trainer - INFO - epoch complete
2026-05-18 11:35:54,205 - src.base.trainer - INFO - evaluating now!
2026-05-18 11:35:54,788 - src.base.trainer - INFO - Epoch [159/250] (25440) train_mae: 2.5081, val_mae: 3.0810, lr: 0.000010, 5.2s
2026-05-18 11:35:54,789 - src.base.trainer - INFO - Val loss decrease from 3.0837 to 3.0810, saving to True
2026-05-18 11:35:59,957 - src.base.trainer - INFO - epoch complete
2026-05-18 11:35:59,957 - src.base.trainer - INFO - evaluating now!
2026-05-18 11:36:00,530 - src.base.trainer - INFO - Epoch [160/250] (25599) train_mae: 2.5081, val_mae: 3.0789, lr: 0.000010, 5.2s
2026-05-18 11:36:00,531 - src.base.trainer - INFO - Val loss decrease from 3.0810 to 3.0789, saving to True
2026-05-18 11:36:01,140 - src.base.trainer - INFO - Epoch [161/250] (25600) train_mae: 2.7038, val_mae: 3.0788 
2026-05-18 11:36:01,141 - src.base.trainer - INFO - Val loss decrease from 3.0789 to 3.0788, saving to True
2026-05-18 11:36:06,289 - src.base.trainer - INFO - epoch complete
2026-05-18 11:36:06,289 - src.base.trainer - INFO - evaluating now!
2026-05-18 11:36:06,860 - src.base.trainer - INFO - Epoch [161/250] (25758) train_mae: 2.5056, val_mae: 3.0764, lr: 0.000010, 5.8s
2026-05-18 11:36:06,861 - src.base.trainer - INFO - Val loss decrease from 3.0788 to 3.0764, saving to True
2026-05-18 11:36:12,033 - src.base.trainer - INFO - epoch complete
2026-05-18 11:36:12,033 - src.base.trainer - INFO - evaluating now!
2026-05-18 11:36:12,604 - src.base.trainer - INFO - Epoch [162/250] (25917) train_mae: 2.5034, val_mae: 3.0751, lr: 0.000010, 5.2s
2026-05-18 11:36:12,605 - src.base.trainer - INFO - Val loss decrease from 3.0764 to 3.0751, saving to True
2026-05-18 11:36:15,888 - src.base.trainer - INFO - Epoch [163/250] (26000) train_mae: 2.5118, val_mae: 3.0734 
2026-05-18 11:36:15,889 - src.base.trainer - INFO - Val loss decrease from 3.0751 to 3.0734, saving to True
2026-05-18 11:36:18,359 - src.base.trainer - INFO - epoch complete
2026-05-18 11:36:18,359 - src.base.trainer - INFO - evaluating now!
2026-05-18 11:36:18,932 - src.base.trainer - INFO - Epoch [163/250] (26076) train_mae: 2.5014, val_mae: 3.0718, lr: 0.000010, 5.8s
2026-05-18 11:36:18,936 - src.base.trainer - INFO - Val loss decrease from 3.0734 to 3.0718, saving to True
2026-05-18 11:36:24,126 - src.base.trainer - INFO - epoch complete
2026-05-18 11:36:24,127 - src.base.trainer - INFO - evaluating now!
2026-05-18 11:36:24,708 - src.base.trainer - INFO - Epoch [164/250] (26235) train_mae: 2.5001, val_mae: 3.0707, lr: 0.000010, 5.2s
2026-05-18 11:36:24,716 - src.base.trainer - INFO - Val loss decrease from 3.0718 to 3.0707, saving to True
2026-05-18 11:36:29,921 - src.base.trainer - INFO - epoch complete
2026-05-18 11:36:29,921 - src.base.trainer - INFO - evaluating now!
2026-05-18 11:36:30,495 - src.base.trainer - INFO - Epoch [165/250] (26394) train_mae: 2.4985, val_mae: 3.0686, lr: 0.000010, 5.2s
2026-05-18 11:36:30,496 - src.base.trainer - INFO - Val loss decrease from 3.0707 to 3.0686, saving to True
2026-05-18 11:36:31,256 - src.base.trainer - INFO - Epoch [166/250] (26400) train_mae: 2.8249, val_mae: 3.0686 
2026-05-18 11:36:31,258 - src.base.trainer - INFO - Val loss decrease from 3.0686 to 3.0686, saving to True
2026-05-18 11:36:36,278 - src.base.trainer - INFO - epoch complete
2026-05-18 11:36:36,278 - src.base.trainer - INFO - evaluating now!
2026-05-18 11:36:36,848 - src.base.trainer - INFO - Epoch [166/250] (26553) train_mae: 2.4969, val_mae: 3.0678, lr: 0.000010, 5.8s
2026-05-18 11:36:36,849 - src.base.trainer - INFO - Val loss decrease from 3.0686 to 3.0678, saving to True
2026-05-18 11:36:42,018 - src.base.trainer - INFO - epoch complete
2026-05-18 11:36:42,018 - src.base.trainer - INFO - evaluating now!
2026-05-18 11:36:42,611 - src.base.trainer - INFO - Epoch [167/250] (26712) train_mae: 2.4942, val_mae: 3.0630, lr: 0.000010, 5.2s
2026-05-18 11:36:42,612 - src.base.trainer - INFO - Val loss decrease from 3.0678 to 3.0630, saving to True
2026-05-18 11:36:46,063 - src.base.trainer - INFO - Epoch [168/250] (26800) train_mae: 2.5322, val_mae: 3.0633 
2026-05-18 11:36:48,372 - src.base.trainer - INFO - epoch complete
2026-05-18 11:36:48,372 - src.base.trainer - INFO - evaluating now!
2026-05-18 11:36:48,944 - src.base.trainer - INFO - Epoch [168/250] (26871) train_mae: 2.4936, val_mae: 3.0621, lr: 0.000010, 5.8s
2026-05-18 11:36:48,945 - src.base.trainer - INFO - Val loss decrease from 3.0630 to 3.0621, saving to True
2026-05-18 11:36:54,148 - src.base.trainer - INFO - epoch complete
2026-05-18 11:36:54,148 - src.base.trainer - INFO - evaluating now!
2026-05-18 11:36:54,729 - src.base.trainer - INFO - Epoch [169/250] (27030) train_mae: 2.4919, val_mae: 3.0601, lr: 0.000010, 5.2s
2026-05-18 11:36:54,730 - src.base.trainer - INFO - Val loss decrease from 3.0621 to 3.0601, saving to True
2026-05-18 11:36:59,928 - src.base.trainer - INFO - epoch complete
2026-05-18 11:36:59,929 - src.base.trainer - INFO - evaluating now!
2026-05-18 11:37:00,502 - src.base.trainer - INFO - Epoch [170/250] (27189) train_mae: 2.4914, val_mae: 3.0582, lr: 0.000010, 5.2s
2026-05-18 11:37:00,504 - src.base.trainer - INFO - Val loss decrease from 3.0601 to 3.0582, saving to True
2026-05-18 11:37:01,428 - src.base.trainer - INFO - Epoch [171/250] (27200) train_mae: 2.3357, val_mae: 3.0582 
2026-05-18 11:37:01,429 - src.base.trainer - INFO - Val loss decrease from 3.0582 to 3.0582, saving to True
2026-05-18 11:37:06,255 - src.base.trainer - INFO - epoch complete
2026-05-18 11:37:06,256 - src.base.trainer - INFO - evaluating now!
2026-05-18 11:37:06,827 - src.base.trainer - INFO - Epoch [171/250] (27348) train_mae: 2.4880, val_mae: 3.0558, lr: 0.000010, 5.8s
2026-05-18 11:37:06,828 - src.base.trainer - INFO - Val loss decrease from 3.0582 to 3.0558, saving to True
2026-05-18 11:37:12,018 - src.base.trainer - INFO - epoch complete
2026-05-18 11:37:12,018 - src.base.trainer - INFO - evaluating now!
2026-05-18 11:37:12,592 - src.base.trainer - INFO - Epoch [172/250] (27507) train_mae: 2.4867, val_mae: 3.0541, lr: 0.000010, 5.2s
2026-05-18 11:37:12,593 - src.base.trainer - INFO - Val loss decrease from 3.0558 to 3.0541, saving to True
2026-05-18 11:37:16,205 - src.base.trainer - INFO - Epoch [173/250] (27600) train_mae: 2.5199, val_mae: 3.0526 
2026-05-18 11:37:16,206 - src.base.trainer - INFO - Val loss decrease from 3.0541 to 3.0526, saving to True
2026-05-18 11:37:18,349 - src.base.trainer - INFO - epoch complete
2026-05-18 11:37:18,349 - src.base.trainer - INFO - evaluating now!
2026-05-18 11:37:18,922 - src.base.trainer - INFO - Epoch [173/250] (27666) train_mae: 2.4843, val_mae: 3.0525, lr: 0.000010, 5.8s
2026-05-18 11:37:18,923 - src.base.trainer - INFO - Val loss decrease from 3.0526 to 3.0525, saving to True
2026-05-18 11:37:24,099 - src.base.trainer - INFO - epoch complete
2026-05-18 11:37:24,099 - src.base.trainer - INFO - evaluating now!
2026-05-18 11:37:24,693 - src.base.trainer - INFO - Epoch [174/250] (27825) train_mae: 2.4840, val_mae: 3.0502, lr: 0.000010, 5.2s
2026-05-18 11:37:24,695 - src.base.trainer - INFO - Val loss decrease from 3.0525 to 3.0502, saving to True
2026-05-18 11:37:29,912 - src.base.trainer - INFO - epoch complete
2026-05-18 11:37:29,912 - src.base.trainer - INFO - evaluating now!
2026-05-18 11:37:30,485 - src.base.trainer - INFO - Epoch [175/250] (27984) train_mae: 2.4811, val_mae: 3.0489, lr: 0.000010, 5.2s
2026-05-18 11:37:30,486 - src.base.trainer - INFO - Val loss decrease from 3.0502 to 3.0489, saving to True
2026-05-18 11:37:31,572 - src.base.trainer - INFO - Epoch [176/250] (28000) train_mae: 2.7052, val_mae: 3.0489 
2026-05-18 11:37:36,254 - src.base.trainer - INFO - epoch complete
2026-05-18 11:37:36,254 - src.base.trainer - INFO - evaluating now!
2026-05-18 11:37:36,827 - src.base.trainer - INFO - Epoch [176/250] (28143) train_mae: 2.4805, val_mae: 3.0467, lr: 0.000010, 5.8s
2026-05-18 11:37:36,828 - src.base.trainer - INFO - Val loss decrease from 3.0489 to 3.0467, saving to True
2026-05-18 11:37:42,018 - src.base.trainer - INFO - epoch complete
2026-05-18 11:37:42,018 - src.base.trainer - INFO - evaluating now!
2026-05-18 11:37:42,593 - src.base.trainer - INFO - Epoch [177/250] (28302) train_mae: 2.4806, val_mae: 3.0452, lr: 0.000010, 5.2s
2026-05-18 11:37:42,594 - src.base.trainer - INFO - Val loss decrease from 3.0467 to 3.0452, saving to True
2026-05-18 11:37:46,364 - src.base.trainer - INFO - Epoch [178/250] (28400) train_mae: 2.4786, val_mae: 3.0447 
2026-05-18 11:37:46,365 - src.base.trainer - INFO - Val loss decrease from 3.0452 to 3.0447, saving to True
2026-05-18 11:37:48,339 - src.base.trainer - INFO - epoch complete
2026-05-18 11:37:48,339 - src.base.trainer - INFO - evaluating now!
2026-05-18 11:37:48,910 - src.base.trainer - INFO - Epoch [178/250] (28461) train_mae: 2.4784, val_mae: 3.0426, lr: 0.000010, 5.7s
2026-05-18 11:37:48,911 - src.base.trainer - INFO - Val loss decrease from 3.0447 to 3.0426, saving to True
2026-05-18 11:37:54,088 - src.base.trainer - INFO - epoch complete
2026-05-18 11:37:54,088 - src.base.trainer - INFO - evaluating now!
2026-05-18 11:37:54,669 - src.base.trainer - INFO - Epoch [179/250] (28620) train_mae: 2.4755, val_mae: 3.0418, lr: 0.000010, 5.2s
2026-05-18 11:37:54,670 - src.base.trainer - INFO - Val loss decrease from 3.0426 to 3.0418, saving to True
2026-05-18 11:37:59,934 - src.base.trainer - INFO - epoch complete
2026-05-18 11:37:59,934 - src.base.trainer - INFO - evaluating now!
2026-05-18 11:38:00,586 - src.base.trainer - INFO - Epoch [180/250] (28779) train_mae: 2.4757, val_mae: 3.0398, lr: 0.000010, 5.3s
2026-05-18 11:38:00,587 - src.base.trainer - INFO - Val loss decrease from 3.0418 to 3.0398, saving to True
2026-05-18 11:38:01,877 - src.base.trainer - INFO - Epoch [181/250] (28800) train_mae: 2.4193, val_mae: 3.0408 
2026-05-18 11:38:06,684 - src.base.trainer - INFO - epoch complete
2026-05-18 11:38:06,684 - src.base.trainer - INFO - evaluating now!
2026-05-18 11:38:07,270 - src.base.trainer - INFO - Epoch [181/250] (28938) train_mae: 2.4724, val_mae: 3.0383, lr: 0.000010, 6.1s
2026-05-18 11:38:07,271 - src.base.trainer - INFO - Val loss decrease from 3.0398 to 3.0383, saving to True
2026-05-18 11:38:12,618 - src.base.trainer - INFO - epoch complete
2026-05-18 11:38:12,618 - src.base.trainer - INFO - evaluating now!
2026-05-18 11:38:13,191 - src.base.trainer - INFO - Epoch [182/250] (29097) train_mae: 2.4719, val_mae: 3.0364, lr: 0.000010, 5.3s
2026-05-18 11:38:13,192 - src.base.trainer - INFO - Val loss decrease from 3.0383 to 3.0364, saving to True
2026-05-18 11:38:17,352 - src.base.trainer - INFO - Epoch [183/250] (29200) train_mae: 2.4629, val_mae: 3.0347 
2026-05-18 11:38:17,356 - src.base.trainer - INFO - Val loss decrease from 3.0364 to 3.0347, saving to True
2026-05-18 11:38:19,294 - src.base.trainer - INFO - epoch complete
2026-05-18 11:38:19,294 - src.base.trainer - INFO - evaluating now!
2026-05-18 11:38:19,877 - src.base.trainer - INFO - Epoch [183/250] (29256) train_mae: 2.4691, val_mae: 3.0352, lr: 0.000010, 6.1s
2026-05-18 11:38:25,275 - src.base.trainer - INFO - epoch complete
2026-05-18 11:38:25,277 - src.base.trainer - INFO - evaluating now!
2026-05-18 11:38:25,856 - src.base.trainer - INFO - Epoch [184/250] (29415) train_mae: 2.4691, val_mae: 3.0338, lr: 0.000010, 5.4s
2026-05-18 11:38:25,857 - src.base.trainer - INFO - Val loss decrease from 3.0347 to 3.0338, saving to True
2026-05-18 11:38:31,112 - src.base.trainer - INFO - epoch complete
2026-05-18 11:38:31,112 - src.base.trainer - INFO - evaluating now!
2026-05-18 11:38:31,695 - src.base.trainer - INFO - Epoch [185/250] (29574) train_mae: 2.4684, val_mae: 3.0320, lr: 0.000010, 5.3s
2026-05-18 11:38:31,696 - src.base.trainer - INFO - Val loss decrease from 3.0338 to 3.0320, saving to True
2026-05-18 11:38:33,121 - src.base.trainer - INFO - Epoch [186/250] (29600) train_mae: 2.5643, val_mae: 3.0306 
2026-05-18 11:38:33,123 - src.base.trainer - INFO - Val loss decrease from 3.0320 to 3.0306, saving to True
2026-05-18 11:38:37,522 - src.base.trainer - INFO - epoch complete
2026-05-18 11:38:37,522 - src.base.trainer - INFO - evaluating now!
2026-05-18 11:38:38,097 - src.base.trainer - INFO - Epoch [186/250] (29733) train_mae: 2.4663, val_mae: 3.0304, lr: 0.000010, 5.8s
2026-05-18 11:38:38,099 - src.base.trainer - INFO - Val loss decrease from 3.0306 to 3.0304, saving to True
2026-05-18 11:38:43,367 - src.base.trainer - INFO - epoch complete
2026-05-18 11:38:43,369 - src.base.trainer - INFO - evaluating now!
2026-05-18 11:38:43,966 - src.base.trainer - INFO - Epoch [187/250] (29892) train_mae: 2.4646, val_mae: 3.0276, lr: 0.000010, 5.3s
2026-05-18 11:38:43,967 - src.base.trainer - INFO - Val loss decrease from 3.0304 to 3.0276, saving to True
2026-05-18 11:38:48,220 - src.base.trainer - INFO - Epoch [188/250] (30000) train_mae: 2.4592, val_mae: 3.0279 
2026-05-18 11:38:49,963 - src.base.trainer - INFO - epoch complete
2026-05-18 11:38:49,963 - src.base.trainer - INFO - evaluating now!
2026-05-18 11:38:50,541 - src.base.trainer - INFO - Epoch [188/250] (30051) train_mae: 2.4630, val_mae: 3.0264, lr: 0.000010, 6.0s
2026-05-18 11:38:50,542 - src.base.trainer - INFO - Val loss decrease from 3.0276 to 3.0264, saving to True
2026-05-18 11:38:55,734 - src.base.trainer - INFO - epoch complete
2026-05-18 11:38:55,734 - src.base.trainer - INFO - evaluating now!
2026-05-18 11:38:56,308 - src.base.trainer - INFO - Epoch [189/250] (30210) train_mae: 2.4614, val_mae: 3.0253, lr: 0.000010, 5.2s
2026-05-18 11:38:56,309 - src.base.trainer - INFO - Val loss decrease from 3.0264 to 3.0253, saving to True
2026-05-18 11:39:01,531 - src.base.trainer - INFO - epoch complete
2026-05-18 11:39:01,531 - src.base.trainer - INFO - evaluating now!
2026-05-18 11:39:02,130 - src.base.trainer - INFO - Epoch [190/250] (30369) train_mae: 2.4606, val_mae: 3.0232, lr: 0.000010, 5.2s
2026-05-18 11:39:02,131 - src.base.trainer - INFO - Val loss decrease from 3.0253 to 3.0232, saving to True
2026-05-18 11:39:03,770 - src.base.trainer - INFO - Epoch [191/250] (30400) train_mae: 2.5751, val_mae: 3.0233 
2026-05-18 11:39:08,050 - src.base.trainer - INFO - epoch complete
2026-05-18 11:39:08,050 - src.base.trainer - INFO - evaluating now!
2026-05-18 11:39:08,637 - src.base.trainer - INFO - Epoch [191/250] (30528) train_mae: 2.4593, val_mae: 3.0219, lr: 0.000010, 5.9s
2026-05-18 11:39:08,638 - src.base.trainer - INFO - Val loss decrease from 3.0232 to 3.0219, saving to True
2026-05-18 11:39:13,911 - src.base.trainer - INFO - epoch complete
2026-05-18 11:39:13,914 - src.base.trainer - INFO - evaluating now!
2026-05-18 11:39:14,491 - src.base.trainer - INFO - Epoch [192/250] (30687) train_mae: 2.4587, val_mae: 3.0205, lr: 0.000010, 5.3s
2026-05-18 11:39:14,492 - src.base.trainer - INFO - Val loss decrease from 3.0219 to 3.0205, saving to True
2026-05-18 11:39:18,753 - src.base.trainer - INFO - Epoch [193/250] (30800) train_mae: 2.4397, val_mae: 3.0189 
2026-05-18 11:39:18,754 - src.base.trainer - INFO - Val loss decrease from 3.0205 to 3.0189, saving to True
2026-05-18 11:39:20,250 - src.base.trainer - INFO - epoch complete
2026-05-18 11:39:20,250 - src.base.trainer - INFO - evaluating now!
2026-05-18 11:39:20,825 - src.base.trainer - INFO - Epoch [193/250] (30846) train_mae: 2.4569, val_mae: 3.0187, lr: 0.000010, 5.8s
2026-05-18 11:39:20,826 - src.base.trainer - INFO - Val loss decrease from 3.0189 to 3.0187, saving to True
2026-05-18 11:39:26,045 - src.base.trainer - INFO - epoch complete
2026-05-18 11:39:26,045 - src.base.trainer - INFO - evaluating now!
2026-05-18 11:39:26,619 - src.base.trainer - INFO - Epoch [194/250] (31005) train_mae: 2.4562, val_mae: 3.0178, lr: 0.000010, 5.2s
2026-05-18 11:39:26,620 - src.base.trainer - INFO - Val loss decrease from 3.0187 to 3.0178, saving to True
2026-05-18 11:39:31,830 - src.base.trainer - INFO - epoch complete
2026-05-18 11:39:31,830 - src.base.trainer - INFO - evaluating now!
2026-05-18 11:39:32,419 - src.base.trainer - INFO - Epoch [195/250] (31164) train_mae: 2.4547, val_mae: 3.0164, lr: 0.000010, 5.2s
2026-05-18 11:39:32,420 - src.base.trainer - INFO - Val loss decrease from 3.0178 to 3.0164, saving to True
2026-05-18 11:39:34,187 - src.base.trainer - INFO - Epoch [196/250] (31200) train_mae: 2.4168, val_mae: 3.0153 
2026-05-18 11:39:34,188 - src.base.trainer - INFO - Val loss decrease from 3.0164 to 3.0153, saving to True
2026-05-18 11:39:38,266 - src.base.trainer - INFO - epoch complete
2026-05-18 11:39:38,266 - src.base.trainer - INFO - evaluating now!
2026-05-18 11:39:38,837 - src.base.trainer - INFO - Epoch [196/250] (31323) train_mae: 2.4540, val_mae: 3.0156, lr: 0.000010, 5.8s
2026-05-18 11:39:44,056 - src.base.trainer - INFO - epoch complete
2026-05-18 11:39:44,056 - src.base.trainer - INFO - evaluating now!
2026-05-18 11:39:44,634 - src.base.trainer - INFO - Epoch [197/250] (31482) train_mae: 2.4512, val_mae: 3.0124, lr: 0.000010, 5.2s
2026-05-18 11:39:44,635 - src.base.trainer - INFO - Val loss decrease from 3.0153 to 3.0124, saving to True
2026-05-18 11:39:49,060 - src.base.trainer - INFO - Epoch [198/250] (31600) train_mae: 2.4548, val_mae: 3.0129 
2026-05-18 11:39:50,388 - src.base.trainer - INFO - epoch complete
2026-05-18 11:39:50,389 - src.base.trainer - INFO - evaluating now!
2026-05-18 11:39:50,964 - src.base.trainer - INFO - Epoch [198/250] (31641) train_mae: 2.4508, val_mae: 3.0128, lr: 0.000010, 5.8s
2026-05-18 11:39:56,164 - src.base.trainer - INFO - epoch complete
2026-05-18 11:39:56,164 - src.base.trainer - INFO - evaluating now!
2026-05-18 11:39:56,738 - src.base.trainer - INFO - Epoch [199/250] (31800) train_mae: 2.4510, val_mae: 3.0105, lr: 0.000010, 5.2s
2026-05-18 11:39:56,740 - src.base.trainer - INFO - Val loss decrease from 3.0124 to 3.0105, saving to True
2026-05-18 11:40:01,929 - src.base.trainer - INFO - epoch complete
2026-05-18 11:40:01,929 - src.base.trainer - INFO - evaluating now!
2026-05-18 11:40:02,505 - src.base.trainer - INFO - Epoch [200/250] (31959) train_mae: 2.4472, val_mae: 3.0086, lr: 0.000010, 5.2s
2026-05-18 11:40:02,506 - src.base.trainer - INFO - Val loss decrease from 3.0105 to 3.0086, saving to True
2026-05-18 11:40:04,414 - src.base.trainer - INFO - Epoch [201/250] (32000) train_mae: 2.4244, val_mae: 3.0091 
2026-05-18 11:40:08,281 - src.base.trainer - INFO - epoch complete
2026-05-18 11:40:08,281 - src.base.trainer - INFO - evaluating now!
2026-05-18 11:40:08,855 - src.base.trainer - INFO - Epoch [201/250] (32118) train_mae: 2.4470, val_mae: 3.0071, lr: 0.000010, 5.8s
2026-05-18 11:40:08,856 - src.base.trainer - INFO - Val loss decrease from 3.0086 to 3.0071, saving to True
2026-05-18 11:40:14,054 - src.base.trainer - INFO - epoch complete
2026-05-18 11:40:14,054 - src.base.trainer - INFO - evaluating now!
2026-05-18 11:40:14,636 - src.base.trainer - INFO - Epoch [202/250] (32277) train_mae: 2.4466, val_mae: 3.0067, lr: 0.000010, 5.2s
2026-05-18 11:40:14,637 - src.base.trainer - INFO - Val loss decrease from 3.0071 to 3.0067, saving to True
2026-05-18 11:40:19,218 - src.base.trainer - INFO - Epoch [203/250] (32400) train_mae: 2.4422, val_mae: 3.0060 
2026-05-18 11:40:19,219 - src.base.trainer - INFO - Val loss decrease from 3.0067 to 3.0060, saving to True
2026-05-18 11:40:20,383 - src.base.trainer - INFO - epoch complete
2026-05-18 11:40:20,383 - src.base.trainer - INFO - evaluating now!
2026-05-18 11:40:20,959 - src.base.trainer - INFO - Epoch [203/250] (32436) train_mae: 2.4449, val_mae: 3.0049, lr: 0.000010, 5.7s
2026-05-18 11:40:20,960 - src.base.trainer - INFO - Val loss decrease from 3.0060 to 3.0049, saving to True
2026-05-18 11:40:26,165 - src.base.trainer - INFO - epoch complete
2026-05-18 11:40:26,165 - src.base.trainer - INFO - evaluating now!
2026-05-18 11:40:26,740 - src.base.trainer - INFO - Epoch [204/250] (32595) train_mae: 2.4437, val_mae: 3.0041, lr: 0.000010, 5.2s
2026-05-18 11:40:26,741 - src.base.trainer - INFO - Val loss decrease from 3.0049 to 3.0041, saving to True
2026-05-18 11:40:31,967 - src.base.trainer - INFO - epoch complete
2026-05-18 11:40:31,967 - src.base.trainer - INFO - evaluating now!
2026-05-18 11:40:32,537 - src.base.trainer - INFO - Epoch [205/250] (32754) train_mae: 2.4418, val_mae: 3.0027, lr: 0.000010, 5.2s
2026-05-18 11:40:32,538 - src.base.trainer - INFO - Val loss decrease from 3.0041 to 3.0027, saving to True
2026-05-18 11:40:34,610 - src.base.trainer - INFO - Epoch [206/250] (32800) train_mae: 2.4805, val_mae: 3.0024 
2026-05-18 11:40:34,611 - src.base.trainer - INFO - Val loss decrease from 3.0027 to 3.0024, saving to True
2026-05-18 11:40:38,300 - src.base.trainer - INFO - epoch complete
2026-05-18 11:40:38,300 - src.base.trainer - INFO - evaluating now!
2026-05-18 11:40:38,872 - src.base.trainer - INFO - Epoch [206/250] (32913) train_mae: 2.4416, val_mae: 3.0018, lr: 0.000010, 5.8s
2026-05-18 11:40:38,873 - src.base.trainer - INFO - Val loss decrease from 3.0024 to 3.0018, saving to True
2026-05-18 11:40:44,079 - src.base.trainer - INFO - epoch complete
2026-05-18 11:40:44,079 - src.base.trainer - INFO - evaluating now!
2026-05-18 11:40:44,655 - src.base.trainer - INFO - Epoch [207/250] (33072) train_mae: 2.4409, val_mae: 3.0013, lr: 0.000010, 5.2s
2026-05-18 11:40:44,656 - src.base.trainer - INFO - Val loss decrease from 3.0018 to 3.0013, saving to True
2026-05-18 11:40:49,416 - src.base.trainer - INFO - Epoch [208/250] (33200) train_mae: 2.4266, val_mae: 3.0003 
2026-05-18 11:40:49,417 - src.base.trainer - INFO - Val loss decrease from 3.0013 to 3.0003, saving to True
2026-05-18 11:40:50,426 - src.base.trainer - INFO - epoch complete
2026-05-18 11:40:50,426 - src.base.trainer - INFO - evaluating now!
2026-05-18 11:40:50,999 - src.base.trainer - INFO - Epoch [208/250] (33231) train_mae: 2.4394, val_mae: 2.9994, lr: 0.000010, 5.8s
2026-05-18 11:40:51,000 - src.base.trainer - INFO - Val loss decrease from 3.0003 to 2.9994, saving to True
2026-05-18 11:40:56,213 - src.base.trainer - INFO - epoch complete
2026-05-18 11:40:56,213 - src.base.trainer - INFO - evaluating now!
2026-05-18 11:40:56,804 - src.base.trainer - INFO - Epoch [209/250] (33390) train_mae: 2.4383, val_mae: 2.9974, lr: 0.000010, 5.2s
2026-05-18 11:40:56,805 - src.base.trainer - INFO - Val loss decrease from 2.9994 to 2.9974, saving to True
2026-05-18 11:41:02,059 - src.base.trainer - INFO - epoch complete
2026-05-18 11:41:02,059 - src.base.trainer - INFO - evaluating now!
2026-05-18 11:41:02,663 - src.base.trainer - INFO - Epoch [210/250] (33549) train_mae: 2.4383, val_mae: 2.9968, lr: 0.000010, 5.3s
2026-05-18 11:41:02,666 - src.base.trainer - INFO - Val loss decrease from 2.9974 to 2.9968, saving to True
2026-05-18 11:41:04,922 - src.base.trainer - INFO - Epoch [211/250] (33600) train_mae: 2.4846, val_mae: 2.9969 
2026-05-18 11:41:08,486 - src.base.trainer - INFO - epoch complete
2026-05-18 11:41:08,487 - src.base.trainer - INFO - evaluating now!
2026-05-18 11:41:09,061 - src.base.trainer - INFO - Epoch [211/250] (33708) train_mae: 2.4370, val_mae: 2.9961, lr: 0.000010, 5.8s
2026-05-18 11:41:09,062 - src.base.trainer - INFO - Val loss decrease from 2.9968 to 2.9961, saving to True
2026-05-18 11:41:14,302 - src.base.trainer - INFO - epoch complete
2026-05-18 11:41:14,302 - src.base.trainer - INFO - evaluating now!
2026-05-18 11:41:14,880 - src.base.trainer - INFO - Epoch [212/250] (33867) train_mae: 2.4361, val_mae: 2.9946, lr: 0.000010, 5.2s
2026-05-18 11:41:14,881 - src.base.trainer - INFO - Val loss decrease from 2.9961 to 2.9946, saving to True
2026-05-18 11:41:19,871 - src.base.trainer - INFO - Epoch [213/250] (34000) train_mae: 2.4212, val_mae: 2.9936 
2026-05-18 11:41:19,872 - src.base.trainer - INFO - Val loss decrease from 2.9946 to 2.9936, saving to True
2026-05-18 11:41:20,710 - src.base.trainer - INFO - epoch complete
2026-05-18 11:41:20,710 - src.base.trainer - INFO - evaluating now!
2026-05-18 11:41:21,283 - src.base.trainer - INFO - Epoch [213/250] (34026) train_mae: 2.4341, val_mae: 2.9941, lr: 0.000010, 5.8s
2026-05-18 11:41:26,492 - src.base.trainer - INFO - epoch complete
2026-05-18 11:41:26,493 - src.base.trainer - INFO - evaluating now!
2026-05-18 11:41:27,066 - src.base.trainer - INFO - Epoch [214/250] (34185) train_mae: 2.4348, val_mae: 2.9928, lr: 0.000010, 5.2s
2026-05-18 11:41:27,067 - src.base.trainer - INFO - Val loss decrease from 2.9936 to 2.9928, saving to True
2026-05-18 11:41:32,257 - src.base.trainer - INFO - epoch complete
2026-05-18 11:41:32,257 - src.base.trainer - INFO - evaluating now!
2026-05-18 11:41:32,859 - src.base.trainer - INFO - Epoch [215/250] (34344) train_mae: 2.4342, val_mae: 2.9913, lr: 0.000010, 5.2s
2026-05-18 11:41:32,860 - src.base.trainer - INFO - Val loss decrease from 2.9928 to 2.9913, saving to True
2026-05-18 11:41:35,430 - src.base.trainer - INFO - Epoch [216/250] (34400) train_mae: 2.4689, val_mae: 2.9914 
2026-05-18 11:41:38,780 - src.base.trainer - INFO - epoch complete
2026-05-18 11:41:38,780 - src.base.trainer - INFO - evaluating now!
2026-05-18 11:41:39,351 - src.base.trainer - INFO - Epoch [216/250] (34503) train_mae: 2.4320, val_mae: 2.9906, lr: 0.000010, 5.9s
2026-05-18 11:41:39,352 - src.base.trainer - INFO - Val loss decrease from 2.9913 to 2.9906, saving to True
2026-05-18 11:41:44,540 - src.base.trainer - INFO - epoch complete
2026-05-18 11:41:44,540 - src.base.trainer - INFO - evaluating now!
2026-05-18 11:41:45,125 - src.base.trainer - INFO - Epoch [217/250] (34662) train_mae: 2.4315, val_mae: 2.9907, lr: 0.000010, 5.2s
2026-05-18 11:41:50,198 - src.base.trainer - INFO - Epoch [218/250] (34800) train_mae: 2.4005, val_mae: 2.9891 
2026-05-18 11:41:50,199 - src.base.trainer - INFO - Val loss decrease from 2.9906 to 2.9891, saving to True
2026-05-18 11:41:50,870 - src.base.trainer - INFO - epoch complete
2026-05-18 11:41:50,870 - src.base.trainer - INFO - evaluating now!
2026-05-18 11:41:51,444 - src.base.trainer - INFO - Epoch [218/250] (34821) train_mae: 2.4318, val_mae: 2.9888, lr: 0.000010, 5.7s
2026-05-18 11:41:51,446 - src.base.trainer - INFO - Val loss decrease from 2.9891 to 2.9888, saving to True
2026-05-18 11:41:56,657 - src.base.trainer - INFO - epoch complete
2026-05-18 11:41:56,657 - src.base.trainer - INFO - evaluating now!
2026-05-18 11:41:57,233 - src.base.trainer - INFO - Epoch [219/250] (34980) train_mae: 2.4283, val_mae: 2.9867, lr: 0.000010, 5.2s
2026-05-18 11:41:57,234 - src.base.trainer - INFO - Val loss decrease from 2.9888 to 2.9867, saving to True
2026-05-18 11:42:02,507 - src.base.trainer - INFO - epoch complete
2026-05-18 11:42:02,507 - src.base.trainer - INFO - evaluating now!
2026-05-18 11:42:03,082 - src.base.trainer - INFO - Epoch [220/250] (35139) train_mae: 2.4296, val_mae: 2.9857, lr: 0.000010, 5.3s
2026-05-18 11:42:03,083 - src.base.trainer - INFO - Val loss decrease from 2.9867 to 2.9857, saving to True
2026-05-18 11:42:05,660 - src.base.trainer - INFO - Epoch [221/250] (35200) train_mae: 2.3654, val_mae: 2.9857 
2026-05-18 11:42:05,665 - src.base.trainer - INFO - Val loss decrease from 2.9857 to 2.9857, saving to True
2026-05-18 11:42:08,884 - src.base.trainer - INFO - epoch complete
2026-05-18 11:42:08,884 - src.base.trainer - INFO - evaluating now!
2026-05-18 11:42:09,459 - src.base.trainer - INFO - Epoch [221/250] (35298) train_mae: 2.4284, val_mae: 2.9844, lr: 0.000010, 5.8s
2026-05-18 11:42:09,460 - src.base.trainer - INFO - Val loss decrease from 2.9857 to 2.9844, saving to True
2026-05-18 11:42:14,649 - src.base.trainer - INFO - epoch complete
2026-05-18 11:42:14,649 - src.base.trainer - INFO - evaluating now!
2026-05-18 11:42:15,221 - src.base.trainer - INFO - Epoch [222/250] (35457) train_mae: 2.4259, val_mae: 2.9830, lr: 0.000010, 5.2s
2026-05-18 11:42:15,222 - src.base.trainer - INFO - Val loss decrease from 2.9844 to 2.9830, saving to True
2026-05-18 11:42:20,481 - src.base.trainer - INFO - Epoch [223/250] (35600) train_mae: 2.4411, val_mae: 2.9829 
2026-05-18 11:42:20,482 - src.base.trainer - INFO - Val loss decrease from 2.9830 to 2.9829, saving to True
2026-05-18 11:42:20,992 - src.base.trainer - INFO - epoch complete
2026-05-18 11:42:20,993 - src.base.trainer - INFO - evaluating now!
2026-05-18 11:42:21,566 - src.base.trainer - INFO - Epoch [223/250] (35616) train_mae: 2.4257, val_mae: 2.9827, lr: 0.000010, 5.8s
2026-05-18 11:42:21,567 - src.base.trainer - INFO - Val loss decrease from 2.9829 to 2.9827, saving to True
2026-05-18 11:42:26,767 - src.base.trainer - INFO - epoch complete
2026-05-18 11:42:26,767 - src.base.trainer - INFO - evaluating now!
2026-05-18 11:42:27,339 - src.base.trainer - INFO - Epoch [224/250] (35775) train_mae: 2.4265, val_mae: 2.9825, lr: 0.000010, 5.2s
2026-05-18 11:42:27,340 - src.base.trainer - INFO - Val loss decrease from 2.9827 to 2.9825, saving to True
2026-05-18 11:42:32,534 - src.base.trainer - INFO - epoch complete
2026-05-18 11:42:32,534 - src.base.trainer - INFO - evaluating now!
2026-05-18 11:42:33,108 - src.base.trainer - INFO - Epoch [225/250] (35934) train_mae: 2.4244, val_mae: 2.9809, lr: 0.000010, 5.2s
2026-05-18 11:42:33,109 - src.base.trainer - INFO - Val loss decrease from 2.9825 to 2.9809, saving to True
2026-05-18 11:42:35,849 - src.base.trainer - INFO - Epoch [226/250] (36000) train_mae: 2.4567, val_mae: 2.9803 
2026-05-18 11:42:35,850 - src.base.trainer - INFO - Val loss decrease from 2.9809 to 2.9803, saving to True
2026-05-18 11:42:38,875 - src.base.trainer - INFO - epoch complete
2026-05-18 11:42:38,875 - src.base.trainer - INFO - evaluating now!
2026-05-18 11:42:39,448 - src.base.trainer - INFO - Epoch [226/250] (36093) train_mae: 2.4242, val_mae: 2.9805, lr: 0.000010, 5.8s
2026-05-18 11:42:44,668 - src.base.trainer - INFO - epoch complete
2026-05-18 11:42:44,669 - src.base.trainer - INFO - evaluating now!
2026-05-18 11:42:45,241 - src.base.trainer - INFO - Epoch [227/250] (36252) train_mae: 2.4235, val_mae: 2.9792, lr: 0.000010, 5.2s
2026-05-18 11:42:45,242 - src.base.trainer - INFO - Val loss decrease from 2.9803 to 2.9792, saving to True
2026-05-18 11:42:50,654 - src.base.trainer - INFO - Epoch [228/250] (36400) train_mae: 2.4100, val_mae: 2.9781 
2026-05-18 11:42:50,655 - src.base.trainer - INFO - Val loss decrease from 2.9792 to 2.9781, saving to True
2026-05-18 11:42:51,001 - src.base.trainer - INFO - epoch complete
2026-05-18 11:42:51,001 - src.base.trainer - INFO - evaluating now!
2026-05-18 11:42:51,574 - src.base.trainer - INFO - Epoch [228/250] (36411) train_mae: 2.4215, val_mae: 2.9782, lr: 0.000010, 5.8s
2026-05-18 11:42:56,740 - src.base.trainer - INFO - epoch complete
2026-05-18 11:42:56,741 - src.base.trainer - INFO - evaluating now!
2026-05-18 11:42:57,312 - src.base.trainer - INFO - Epoch [229/250] (36570) train_mae: 2.4205, val_mae: 2.9767, lr: 0.000010, 5.2s
2026-05-18 11:42:57,313 - src.base.trainer - INFO - Val loss decrease from 2.9781 to 2.9767, saving to True
2026-05-18 11:43:02,949 - src.base.trainer - INFO - epoch complete
2026-05-18 11:43:02,949 - src.base.trainer - INFO - evaluating now!
2026-05-18 11:43:03,571 - src.base.trainer - INFO - Epoch [230/250] (36729) train_mae: 2.4200, val_mae: 2.9763, lr: 0.000010, 5.6s
2026-05-18 11:43:03,572 - src.base.trainer - INFO - Val loss decrease from 2.9767 to 2.9763, saving to True
2026-05-18 11:43:06,545 - src.base.trainer - INFO - Epoch [231/250] (36800) train_mae: 2.5028, val_mae: 2.9755 
2026-05-18 11:43:06,546 - src.base.trainer - INFO - Val loss decrease from 2.9763 to 2.9755, saving to True
2026-05-18 11:43:09,424 - src.base.trainer - INFO - epoch complete
2026-05-18 11:43:09,424 - src.base.trainer - INFO - evaluating now!
2026-05-18 11:43:10,010 - src.base.trainer - INFO - Epoch [231/250] (36888) train_mae: 2.4199, val_mae: 2.9749, lr: 0.000010, 5.9s
2026-05-18 11:43:10,011 - src.base.trainer - INFO - Val loss decrease from 2.9755 to 2.9749, saving to True
2026-05-18 11:43:15,209 - src.base.trainer - INFO - epoch complete
2026-05-18 11:43:15,210 - src.base.trainer - INFO - evaluating now!
2026-05-18 11:43:15,783 - src.base.trainer - INFO - Epoch [232/250] (37047) train_mae: 2.4188, val_mae: 2.9739, lr: 0.000010, 5.2s
2026-05-18 11:43:15,785 - src.base.trainer - INFO - Val loss decrease from 2.9749 to 2.9739, saving to True
2026-05-18 11:43:21,396 - src.base.trainer - INFO - Epoch [233/250] (37200) train_mae: 2.4148, val_mae: 2.9744 
2026-05-18 11:43:21,578 - src.base.trainer - INFO - epoch complete
2026-05-18 11:43:21,578 - src.base.trainer - INFO - evaluating now!
2026-05-18 11:43:22,151 - src.base.trainer - INFO - Epoch [233/250] (37206) train_mae: 2.4179, val_mae: 2.9744, lr: 0.000010, 5.8s
2026-05-18 11:43:27,369 - src.base.trainer - INFO - epoch complete
2026-05-18 11:43:27,369 - src.base.trainer - INFO - evaluating now!
2026-05-18 11:43:27,945 - src.base.trainer - INFO - Epoch [234/250] (37365) train_mae: 2.4171, val_mae: 2.9733, lr: 0.000010, 5.2s
2026-05-18 11:43:27,946 - src.base.trainer - INFO - Val loss decrease from 2.9739 to 2.9733, saving to True
2026-05-18 11:43:33,146 - src.base.trainer - INFO - epoch complete
2026-05-18 11:43:33,146 - src.base.trainer - INFO - evaluating now!
2026-05-18 11:43:33,716 - src.base.trainer - INFO - Epoch [235/250] (37524) train_mae: 2.4157, val_mae: 2.9736, lr: 0.000010, 5.2s
2026-05-18 11:43:36,803 - src.base.trainer - INFO - Epoch [236/250] (37600) train_mae: 2.4227, val_mae: 2.9722 
2026-05-18 11:43:36,804 - src.base.trainer - INFO - Val loss decrease from 2.9733 to 2.9722, saving to True
2026-05-18 11:43:39,502 - src.base.trainer - INFO - epoch complete
2026-05-18 11:43:39,502 - src.base.trainer - INFO - evaluating now!
2026-05-18 11:43:40,087 - src.base.trainer - INFO - Epoch [236/250] (37683) train_mae: 2.4166, val_mae: 2.9710, lr: 0.000010, 5.8s
2026-05-18 11:43:40,088 - src.base.trainer - INFO - Val loss decrease from 2.9722 to 2.9710, saving to True
2026-05-18 11:43:45,291 - src.base.trainer - INFO - epoch complete
2026-05-18 11:43:45,291 - src.base.trainer - INFO - evaluating now!
2026-05-18 11:43:45,864 - src.base.trainer - INFO - Epoch [237/250] (37842) train_mae: 2.4142, val_mae: 2.9708, lr: 0.000010, 5.2s
2026-05-18 11:43:45,868 - src.base.trainer - INFO - Val loss decrease from 2.9710 to 2.9708, saving to True
2026-05-18 11:43:51,661 - src.base.trainer - INFO - Epoch [238/250] (38000) train_mae: 2.4189, val_mae: 2.9694 
2026-05-18 11:43:51,663 - src.base.trainer - INFO - Val loss decrease from 2.9708 to 2.9694, saving to True
2026-05-18 11:43:51,686 - src.base.trainer - INFO - epoch complete
2026-05-18 11:43:51,686 - src.base.trainer - INFO - evaluating now!
2026-05-18 11:43:52,251 - src.base.trainer - INFO - Epoch [238/250] (38001) train_mae: 2.4127, val_mae: 2.9696, lr: 0.000010, 5.8s
2026-05-18 11:43:57,564 - src.base.trainer - INFO - epoch complete
2026-05-18 11:43:57,564 - src.base.trainer - INFO - evaluating now!
2026-05-18 11:43:58,140 - src.base.trainer - INFO - Epoch [239/250] (38160) train_mae: 2.4130, val_mae: 2.9689, lr: 0.000010, 5.3s
2026-05-18 11:43:58,141 - src.base.trainer - INFO - Val loss decrease from 2.9694 to 2.9689, saving to True
2026-05-18 11:44:03,394 - src.base.trainer - INFO - epoch complete
2026-05-18 11:44:03,394 - src.base.trainer - INFO - evaluating now!
2026-05-18 11:44:03,974 - src.base.trainer - INFO - Epoch [240/250] (38319) train_mae: 2.4130, val_mae: 2.9672, lr: 0.000010, 5.3s
2026-05-18 11:44:03,975 - src.base.trainer - INFO - Val loss decrease from 2.9689 to 2.9672, saving to True
2026-05-18 11:44:07,263 - src.base.trainer - INFO - Epoch [241/250] (38400) train_mae: 2.4109, val_mae: 2.9661 
2026-05-18 11:44:07,264 - src.base.trainer - INFO - Val loss decrease from 2.9672 to 2.9661, saving to True
2026-05-18 11:44:10,008 - src.base.trainer - INFO - epoch complete
2026-05-18 11:44:10,008 - src.base.trainer - INFO - evaluating now!
2026-05-18 11:44:10,587 - src.base.trainer - INFO - Epoch [241/250] (38478) train_mae: 2.4126, val_mae: 2.9677, lr: 0.000010, 6.0s
2026-05-18 11:44:16,302 - src.base.trainer - INFO - epoch complete
2026-05-18 11:44:16,302 - src.base.trainer - INFO - evaluating now!
2026-05-18 11:44:16,938 - src.base.trainer - INFO - Epoch [242/250] (38637) train_mae: 2.4114, val_mae: 2.9662, lr: 0.000010, 5.7s
2026-05-18 11:44:22,380 - src.base.trainer - INFO - epoch complete
2026-05-18 11:44:22,381 - src.base.trainer - INFO - evaluating now!
2026-05-18 11:44:22,956 - src.base.trainer - INFO - Epoch [243/250] (38796) train_mae: 2.4113, val_mae: 2.9662, lr: 0.000010, 5.4s
2026-05-18 11:44:23,652 - src.base.trainer - INFO - Epoch [244/250] (38800) train_mae: 2.0876, val_mae: 2.9662 
2026-05-18 11:44:28,806 - src.base.trainer - INFO - epoch complete
2026-05-18 11:44:28,807 - src.base.trainer - INFO - evaluating now!
2026-05-18 11:44:29,381 - src.base.trainer - INFO - Epoch [244/250] (38955) train_mae: 2.4100, val_mae: 2.9655, lr: 0.000010, 5.8s
2026-05-18 11:44:29,383 - src.base.trainer - INFO - Val loss decrease from 2.9661 to 2.9655, saving to True
2026-05-18 11:44:34,575 - src.base.trainer - INFO - epoch complete
2026-05-18 11:44:34,576 - src.base.trainer - INFO - evaluating now!
2026-05-18 11:44:35,158 - src.base.trainer - INFO - Epoch [245/250] (39114) train_mae: 2.4087, val_mae: 2.9640, lr: 0.000010, 5.2s
2026-05-18 11:44:35,159 - src.base.trainer - INFO - Val loss decrease from 2.9655 to 2.9640, saving to True
2026-05-18 11:44:38,540 - src.base.trainer - INFO - Epoch [246/250] (39200) train_mae: 2.4561, val_mae: 2.9635 
2026-05-18 11:44:38,542 - src.base.trainer - INFO - Val loss decrease from 2.9640 to 2.9635, saving to True
2026-05-18 11:44:40,927 - src.base.trainer - INFO - epoch complete
2026-05-18 11:44:40,927 - src.base.trainer - INFO - evaluating now!
2026-05-18 11:44:41,500 - src.base.trainer - INFO - Epoch [246/250] (39273) train_mae: 2.4083, val_mae: 2.9632, lr: 0.000010, 5.8s
2026-05-18 11:44:41,501 - src.base.trainer - INFO - Val loss decrease from 2.9635 to 2.9632, saving to True
2026-05-18 11:44:46,711 - src.base.trainer - INFO - epoch complete
2026-05-18 11:44:46,711 - src.base.trainer - INFO - evaluating now!
2026-05-18 11:44:47,287 - src.base.trainer - INFO - Epoch [247/250] (39432) train_mae: 2.4082, val_mae: 2.9624, lr: 0.000010, 5.2s
2026-05-18 11:44:47,288 - src.base.trainer - INFO - Val loss decrease from 2.9632 to 2.9624, saving to True
2026-05-18 11:44:52,520 - src.base.trainer - INFO - epoch complete
2026-05-18 11:44:52,520 - src.base.trainer - INFO - evaluating now!
2026-05-18 11:44:53,094 - src.base.trainer - INFO - Epoch [248/250] (39591) train_mae: 2.4068, val_mae: 2.9612, lr: 0.000010, 5.2s
2026-05-18 11:44:53,095 - src.base.trainer - INFO - Val loss decrease from 2.9624 to 2.9612, saving to True
2026-05-18 11:44:53,958 - src.base.trainer - INFO - Epoch [249/250] (39600) train_mae: 2.4427, val_mae: 2.9611 
2026-05-18 11:44:53,959 - src.base.trainer - INFO - Val loss decrease from 2.9612 to 2.9611, saving to True
2026-05-18 11:44:58,859 - src.base.trainer - INFO - epoch complete
2026-05-18 11:44:58,859 - src.base.trainer - INFO - evaluating now!
2026-05-18 11:44:59,432 - src.base.trainer - INFO - Epoch [249/250] (39750) train_mae: 2.4071, val_mae: 2.9614, lr: 0.000010, 5.8s
2026-05-18 18:22:37,385 - src.base.trainer - INFO - the number of parameters: 46667
2026-05-18 18:22:37,386 - src.base.trainer - INFO - start training !!!!!
2026-05-18 18:22:42,815 - src.base.trainer - INFO - epoch complete
2026-05-18 18:22:42,815 - src.base.trainer - INFO - evaluating now!
2026-05-18 18:22:43,414 - src.base.trainer - INFO - Epoch [0/250] (159) train_mae: 17.1277, val_mae: 15.2883, lr: 0.000010, 5.4s
2026-05-18 18:22:43,418 - src.base.trainer - INFO - Val loss decrease from inf to 15.2883, saving to True
2026-05-18 18:22:48,773 - src.base.trainer - INFO - epoch complete
2026-05-18 18:22:48,774 - src.base.trainer - INFO - evaluating now!
2026-05-18 18:22:49,369 - src.base.trainer - INFO - Epoch [1/250] (318) train_mae: 11.9902, val_mae: 13.2427, lr: 0.000010, 5.4s
2026-05-18 18:22:49,370 - src.base.trainer - INFO - Val loss decrease from 15.2883 to 13.2427, saving to True
2026-05-18 18:22:52,727 - src.base.trainer - INFO - Epoch [2/250] (400) train_mae: 10.4892, val_mae: 12.8957 
2026-05-18 18:22:52,728 - src.base.trainer - INFO - Val loss decrease from 13.2427 to 12.8957, saving to True
2026-05-18 18:22:55,304 - src.base.trainer - INFO - epoch complete
2026-05-18 18:22:55,304 - src.base.trainer - INFO - evaluating now!
2026-05-18 18:22:55,905 - src.base.trainer - INFO - Epoch [2/250] (477) train_mae: 10.3215, val_mae: 12.7279, lr: 0.000010, 5.9s
2026-05-18 18:22:55,906 - src.base.trainer - INFO - Val loss decrease from 12.8957 to 12.7279, saving to True
2026-05-18 18:23:01,246 - src.base.trainer - INFO - epoch complete
2026-05-18 18:23:01,246 - src.base.trainer - INFO - evaluating now!
2026-05-18 18:23:01,840 - src.base.trainer - INFO - Epoch [3/250] (636) train_mae: 9.8478, val_mae: 12.3622, lr: 0.000010, 5.3s
2026-05-18 18:23:01,841 - src.base.trainer - INFO - Val loss decrease from 12.7279 to 12.3622, saving to True
2026-05-18 18:23:07,226 - src.base.trainer - INFO - epoch complete
2026-05-18 18:23:07,229 - src.base.trainer - INFO - evaluating now!
2026-05-18 18:23:07,826 - src.base.trainer - INFO - Epoch [4/250] (795) train_mae: 9.5431, val_mae: 11.9510, lr: 0.000010, 5.4s
2026-05-18 18:23:07,827 - src.base.trainer - INFO - Val loss decrease from 12.3622 to 11.9510, saving to True
2026-05-18 18:23:08,581 - src.base.trainer - INFO - Epoch [5/250] (800) train_mae: 8.2548, val_mae: 11.9515 
2026-05-18 18:23:13,828 - src.base.trainer - INFO - epoch complete
2026-05-18 18:23:13,828 - src.base.trainer - INFO - evaluating now!
2026-05-18 18:23:14,423 - src.base.trainer - INFO - Epoch [5/250] (954) train_mae: 9.2190, val_mae: 11.4931, lr: 0.000010, 6.0s
2026-05-18 18:23:14,424 - src.base.trainer - INFO - Val loss decrease from 11.9510 to 11.4931, saving to True
2026-05-18 18:23:19,808 - src.base.trainer - INFO - epoch complete
2026-05-18 18:23:19,809 - src.base.trainer - INFO - evaluating now!
2026-05-18 18:23:20,406 - src.base.trainer - INFO - Epoch [6/250] (1113) train_mae: 8.8719, val_mae: 11.0745, lr: 0.000010, 5.4s
2026-05-18 18:23:20,407 - src.base.trainer - INFO - Val loss decrease from 11.4931 to 11.0745, saving to True
2026-05-18 18:23:23,947 - src.base.trainer - INFO - Epoch [7/250] (1200) train_mae: 8.6004, val_mae: 10.7826 
2026-05-18 18:23:23,948 - src.base.trainer - INFO - Val loss decrease from 11.0745 to 10.7826, saving to True
2026-05-18 18:23:26,381 - src.base.trainer - INFO - epoch complete
2026-05-18 18:23:26,381 - src.base.trainer - INFO - evaluating now!
2026-05-18 18:23:26,983 - src.base.trainer - INFO - Epoch [7/250] (1272) train_mae: 8.4681, val_mae: 10.5694, lr: 0.000010, 6.0s
2026-05-18 18:23:26,984 - src.base.trainer - INFO - Val loss decrease from 10.7826 to 10.5694, saving to True
2026-05-18 18:23:32,345 - src.base.trainer - INFO - epoch complete
2026-05-18 18:23:32,345 - src.base.trainer - INFO - evaluating now!
2026-05-18 18:23:32,941 - src.base.trainer - INFO - Epoch [8/250] (1431) train_mae: 8.0345, val_mae: 9.9710, lr: 0.000010, 5.4s
2026-05-18 18:23:32,942 - src.base.trainer - INFO - Val loss decrease from 10.5694 to 9.9710, saving to True
2026-05-18 18:23:38,335 - src.base.trainer - INFO - epoch complete
2026-05-18 18:23:38,336 - src.base.trainer - INFO - evaluating now!
2026-05-18 18:23:38,931 - src.base.trainer - INFO - Epoch [9/250] (1590) train_mae: 7.5694, val_mae: 9.4092, lr: 0.000010, 5.4s
2026-05-18 18:23:38,934 - src.base.trainer - INFO - Val loss decrease from 9.9710 to 9.4092, saving to True
2026-05-18 18:23:39,862 - src.base.trainer - INFO - Epoch [10/250] (1600) train_mae: 7.2342, val_mae: 9.3617 
2026-05-18 18:23:39,863 - src.base.trainer - INFO - Val loss decrease from 9.4092 to 9.3617, saving to True
2026-05-18 18:23:44,905 - src.base.trainer - INFO - epoch complete
2026-05-18 18:23:44,905 - src.base.trainer - INFO - evaluating now!
2026-05-18 18:23:45,500 - src.base.trainer - INFO - Epoch [10/250] (1749) train_mae: 7.1063, val_mae: 8.8558, lr: 0.000010, 6.0s
2026-05-18 18:23:45,502 - src.base.trainer - INFO - Val loss decrease from 9.3617 to 8.8558, saving to True
2026-05-18 18:23:50,895 - src.base.trainer - INFO - epoch complete
2026-05-18 18:23:50,895 - src.base.trainer - INFO - evaluating now!
2026-05-18 18:23:51,499 - src.base.trainer - INFO - Epoch [11/250] (1908) train_mae: 6.6919, val_mae: 8.3653, lr: 0.000010, 5.4s
2026-05-18 18:23:51,500 - src.base.trainer - INFO - Val loss decrease from 8.8558 to 8.3653, saving to True
2026-05-18 18:23:55,203 - src.base.trainer - INFO - Epoch [12/250] (2000) train_mae: 6.3988, val_mae: 8.1203 
2026-05-18 18:23:55,205 - src.base.trainer - INFO - Val loss decrease from 8.3653 to 8.1203, saving to True
2026-05-18 18:23:57,448 - src.base.trainer - INFO - epoch complete
2026-05-18 18:23:57,448 - src.base.trainer - INFO - evaluating now!
2026-05-18 18:23:58,049 - src.base.trainer - INFO - Epoch [12/250] (2067) train_mae: 6.3354, val_mae: 7.9601, lr: 0.000010, 5.9s
2026-05-18 18:23:58,050 - src.base.trainer - INFO - Val loss decrease from 8.1203 to 7.9601, saving to True
2026-05-18 18:24:03,427 - src.base.trainer - INFO - epoch complete
2026-05-18 18:24:03,429 - src.base.trainer - INFO - evaluating now!
2026-05-18 18:24:04,023 - src.base.trainer - INFO - Epoch [13/250] (2226) train_mae: 6.0568, val_mae: 7.6448, lr: 0.000010, 5.4s
2026-05-18 18:24:04,024 - src.base.trainer - INFO - Val loss decrease from 7.9601 to 7.6448, saving to True
2026-05-18 18:24:09,377 - src.base.trainer - INFO - epoch complete
2026-05-18 18:24:09,377 - src.base.trainer - INFO - evaluating now!
2026-05-18 18:24:09,981 - src.base.trainer - INFO - Epoch [14/250] (2385) train_mae: 5.8481, val_mae: 7.4026, lr: 0.000010, 5.4s
2026-05-18 18:24:09,982 - src.base.trainer - INFO - Val loss decrease from 7.6448 to 7.4026, saving to True
2026-05-18 18:24:11,078 - src.base.trainer - INFO - Epoch [15/250] (2400) train_mae: 5.9422, val_mae: 7.3795 
2026-05-18 18:24:11,080 - src.base.trainer - INFO - Val loss decrease from 7.4026 to 7.3795, saving to True
2026-05-18 18:24:15,941 - src.base.trainer - INFO - epoch complete
2026-05-18 18:24:15,942 - src.base.trainer - INFO - evaluating now!
2026-05-18 18:24:16,539 - src.base.trainer - INFO - Epoch [15/250] (2544) train_mae: 5.6776, val_mae: 7.2029, lr: 0.000010, 6.0s
2026-05-18 18:24:16,540 - src.base.trainer - INFO - Val loss decrease from 7.3795 to 7.2029, saving to True
2026-05-18 18:24:21,922 - src.base.trainer - INFO - epoch complete
2026-05-18 18:24:21,922 - src.base.trainer - INFO - evaluating now!
2026-05-18 18:24:22,518 - src.base.trainer - INFO - Epoch [16/250] (2703) train_mae: 5.5334, val_mae: 7.0278, lr: 0.000010, 5.4s
2026-05-18 18:24:22,519 - src.base.trainer - INFO - Val loss decrease from 7.2029 to 7.0278, saving to True
2026-05-18 18:24:26,397 - src.base.trainer - INFO - Epoch [17/250] (2800) train_mae: 5.4009, val_mae: 6.9301 
2026-05-18 18:24:26,398 - src.base.trainer - INFO - Val loss decrease from 7.0278 to 6.9301, saving to True
2026-05-18 18:24:28,471 - src.base.trainer - INFO - epoch complete
2026-05-18 18:24:28,471 - src.base.trainer - INFO - evaluating now!
2026-05-18 18:24:29,072 - src.base.trainer - INFO - Epoch [17/250] (2862) train_mae: 5.4106, val_mae: 6.8728, lr: 0.000010, 6.0s
2026-05-18 18:24:29,073 - src.base.trainer - INFO - Val loss decrease from 6.9301 to 6.8728, saving to True
2026-05-18 18:24:34,453 - src.base.trainer - INFO - epoch complete
2026-05-18 18:24:34,453 - src.base.trainer - INFO - evaluating now!
2026-05-18 18:24:35,055 - src.base.trainer - INFO - Epoch [18/250] (3021) train_mae: 5.3009, val_mae: 6.7319, lr: 0.000010, 5.4s
2026-05-18 18:24:35,056 - src.base.trainer - INFO - Val loss decrease from 6.8728 to 6.7319, saving to True
2026-05-18 18:24:40,411 - src.base.trainer - INFO - epoch complete
2026-05-18 18:24:40,413 - src.base.trainer - INFO - evaluating now!
2026-05-18 18:24:41,013 - src.base.trainer - INFO - Epoch [19/250] (3180) train_mae: 5.1939, val_mae: 6.5920, lr: 0.000010, 5.4s
2026-05-18 18:24:41,014 - src.base.trainer - INFO - Val loss decrease from 6.7319 to 6.5920, saving to True
2026-05-18 18:24:42,275 - src.base.trainer - INFO - Epoch [20/250] (3200) train_mae: 5.2729, val_mae: 6.5757 
2026-05-18 18:24:42,277 - src.base.trainer - INFO - Val loss decrease from 6.5920 to 6.5757, saving to True
2026-05-18 18:24:47,006 - src.base.trainer - INFO - epoch complete
2026-05-18 18:24:47,006 - src.base.trainer - INFO - evaluating now!
2026-05-18 18:24:47,602 - src.base.trainer - INFO - Epoch [20/250] (3339) train_mae: 5.0936, val_mae: 6.4571, lr: 0.000010, 6.0s
2026-05-18 18:24:47,603 - src.base.trainer - INFO - Val loss decrease from 6.5757 to 6.4571, saving to True
2026-05-18 18:24:52,979 - src.base.trainer - INFO - epoch complete
2026-05-18 18:24:52,979 - src.base.trainer - INFO - evaluating now!
2026-05-18 18:24:53,575 - src.base.trainer - INFO - Epoch [21/250] (3498) train_mae: 4.9966, val_mae: 6.3279, lr: 0.000010, 5.4s
2026-05-18 18:24:53,576 - src.base.trainer - INFO - Val loss decrease from 6.4571 to 6.3279, saving to True
2026-05-18 18:24:57,619 - src.base.trainer - INFO - Epoch [22/250] (3600) train_mae: 4.9483, val_mae: 6.2468 
2026-05-18 18:24:57,620 - src.base.trainer - INFO - Val loss decrease from 6.3279 to 6.2468, saving to True
2026-05-18 18:24:59,527 - src.base.trainer - INFO - epoch complete
2026-05-18 18:24:59,527 - src.base.trainer - INFO - evaluating now!
2026-05-18 18:25:00,133 - src.base.trainer - INFO - Epoch [22/250] (3657) train_mae: 4.9024, val_mae: 6.2017, lr: 0.000010, 6.0s
2026-05-18 18:25:00,134 - src.base.trainer - INFO - Val loss decrease from 6.2468 to 6.2017, saving to True
2026-05-18 18:25:05,498 - src.base.trainer - INFO - epoch complete
2026-05-18 18:25:05,498 - src.base.trainer - INFO - evaluating now!
2026-05-18 18:25:06,095 - src.base.trainer - INFO - Epoch [23/250] (3816) train_mae: 4.8073, val_mae: 6.0773, lr: 0.000010, 5.4s
2026-05-18 18:25:06,096 - src.base.trainer - INFO - Val loss decrease from 6.2017 to 6.0773, saving to True
2026-05-18 18:25:11,476 - src.base.trainer - INFO - epoch complete
2026-05-18 18:25:11,476 - src.base.trainer - INFO - evaluating now!
2026-05-18 18:25:12,071 - src.base.trainer - INFO - Epoch [24/250] (3975) train_mae: 4.7192, val_mae: 5.9516, lr: 0.000010, 5.4s
2026-05-18 18:25:12,072 - src.base.trainer - INFO - Val loss decrease from 6.0773 to 5.9516, saving to True
2026-05-18 18:25:13,500 - src.base.trainer - INFO - Epoch [25/250] (4000) train_mae: 4.5959, val_mae: 5.9320 
2026-05-18 18:25:13,501 - src.base.trainer - INFO - Val loss decrease from 5.9516 to 5.9320, saving to True
2026-05-18 18:25:18,025 - src.base.trainer - INFO - epoch complete
2026-05-18 18:25:18,025 - src.base.trainer - INFO - evaluating now!
2026-05-18 18:25:18,621 - src.base.trainer - INFO - Epoch [25/250] (4134) train_mae: 4.6284, val_mae: 5.8243, lr: 0.000010, 6.0s
2026-05-18 18:25:18,623 - src.base.trainer - INFO - Val loss decrease from 5.9320 to 5.8243, saving to True
2026-05-18 18:25:23,999 - src.base.trainer - INFO - epoch complete
2026-05-18 18:25:23,999 - src.base.trainer - INFO - evaluating now!
2026-05-18 18:25:24,599 - src.base.trainer - INFO - Epoch [26/250] (4293) train_mae: 4.5361, val_mae: 5.6992, lr: 0.000010, 5.4s
2026-05-18 18:25:24,601 - src.base.trainer - INFO - Val loss decrease from 5.8243 to 5.6992, saving to True
2026-05-18 18:25:28,803 - src.base.trainer - INFO - Epoch [27/250] (4400) train_mae: 4.4105, val_mae: 5.6171 
2026-05-18 18:25:28,804 - src.base.trainer - INFO - Val loss decrease from 5.6992 to 5.6171, saving to True
2026-05-18 18:25:30,555 - src.base.trainer - INFO - epoch complete
2026-05-18 18:25:30,555 - src.base.trainer - INFO - evaluating now!
2026-05-18 18:25:31,157 - src.base.trainer - INFO - Epoch [27/250] (4452) train_mae: 4.4440, val_mae: 5.5749, lr: 0.000010, 6.0s
2026-05-18 18:25:31,158 - src.base.trainer - INFO - Val loss decrease from 5.6171 to 5.5749, saving to True
2026-05-18 18:25:36,532 - src.base.trainer - INFO - epoch complete
2026-05-18 18:25:36,533 - src.base.trainer - INFO - evaluating now!
2026-05-18 18:25:37,127 - src.base.trainer - INFO - Epoch [28/250] (4611) train_mae: 4.3552, val_mae: 5.4549, lr: 0.000010, 5.4s
2026-05-18 18:25:37,128 - src.base.trainer - INFO - Val loss decrease from 5.5749 to 5.4549, saving to True
2026-05-18 18:25:42,510 - src.base.trainer - INFO - epoch complete
2026-05-18 18:25:42,510 - src.base.trainer - INFO - evaluating now!
2026-05-18 18:25:43,105 - src.base.trainer - INFO - Epoch [29/250] (4770) train_mae: 4.2699, val_mae: 5.3350, lr: 0.000010, 5.4s
2026-05-18 18:25:43,106 - src.base.trainer - INFO - Val loss decrease from 5.4549 to 5.3350, saving to True
2026-05-18 18:25:44,716 - src.base.trainer - INFO - Epoch [30/250] (4800) train_mae: 4.1094, val_mae: 5.3137 
2026-05-18 18:25:44,718 - src.base.trainer - INFO - Val loss decrease from 5.3350 to 5.3137, saving to True
2026-05-18 18:25:49,097 - src.base.trainer - INFO - epoch complete
2026-05-18 18:25:49,098 - src.base.trainer - INFO - evaluating now!
2026-05-18 18:25:49,699 - src.base.trainer - INFO - Epoch [30/250] (4929) train_mae: 4.1888, val_mae: 5.2210, lr: 0.000010, 6.0s
2026-05-18 18:25:49,700 - src.base.trainer - INFO - Val loss decrease from 5.3137 to 5.2210, saving to True
2026-05-18 18:25:55,097 - src.base.trainer - INFO - epoch complete
2026-05-18 18:25:55,097 - src.base.trainer - INFO - evaluating now!
2026-05-18 18:25:55,694 - src.base.trainer - INFO - Epoch [31/250] (5088) train_mae: 4.1029, val_mae: 5.1086, lr: 0.000010, 5.4s
2026-05-18 18:25:55,695 - src.base.trainer - INFO - Val loss decrease from 5.2210 to 5.1086, saving to True
2026-05-18 18:26:00,079 - src.base.trainer - INFO - Epoch [32/250] (5200) train_mae: 4.0501, val_mae: 5.0351 
2026-05-18 18:26:00,080 - src.base.trainer - INFO - Val loss decrease from 5.1086 to 5.0351, saving to True
2026-05-18 18:26:01,665 - src.base.trainer - INFO - epoch complete
2026-05-18 18:26:01,665 - src.base.trainer - INFO - evaluating now!
2026-05-18 18:26:02,262 - src.base.trainer - INFO - Epoch [32/250] (5247) train_mae: 4.0272, val_mae: 5.0062, lr: 0.000010, 6.0s
2026-05-18 18:26:02,263 - src.base.trainer - INFO - Val loss decrease from 5.0351 to 5.0062, saving to True
2026-05-18 18:26:07,635 - src.base.trainer - INFO - epoch complete
2026-05-18 18:26:07,635 - src.base.trainer - INFO - evaluating now!
2026-05-18 18:26:08,229 - src.base.trainer - INFO - Epoch [33/250] (5406) train_mae: 3.9535, val_mae: 4.9072, lr: 0.000010, 5.4s
2026-05-18 18:26:08,230 - src.base.trainer - INFO - Val loss decrease from 5.0062 to 4.9072, saving to True
2026-05-18 18:26:13,605 - src.base.trainer - INFO - epoch complete
2026-05-18 18:26:13,608 - src.base.trainer - INFO - evaluating now!
2026-05-18 18:26:14,204 - src.base.trainer - INFO - Epoch [34/250] (5565) train_mae: 3.8850, val_mae: 4.8130, lr: 0.000010, 5.4s
2026-05-18 18:26:14,205 - src.base.trainer - INFO - Val loss decrease from 4.9072 to 4.8130, saving to True
2026-05-18 18:26:15,982 - src.base.trainer - INFO - Epoch [35/250] (5600) train_mae: 3.7042, val_mae: 4.7950 
2026-05-18 18:26:15,983 - src.base.trainer - INFO - Val loss decrease from 4.8130 to 4.7950, saving to True
2026-05-18 18:26:20,183 - src.base.trainer - INFO - epoch complete
2026-05-18 18:26:20,183 - src.base.trainer - INFO - evaluating now!
2026-05-18 18:26:20,778 - src.base.trainer - INFO - Epoch [35/250] (5724) train_mae: 3.8185, val_mae: 4.7258, lr: 0.000010, 6.0s
2026-05-18 18:26:20,780 - src.base.trainer - INFO - Val loss decrease from 4.7950 to 4.7258, saving to True
2026-05-18 18:26:26,159 - src.base.trainer - INFO - epoch complete
2026-05-18 18:26:26,159 - src.base.trainer - INFO - evaluating now!
2026-05-18 18:26:26,758 - src.base.trainer - INFO - Epoch [36/250] (5883) train_mae: 3.7561, val_mae: 4.6450, lr: 0.000010, 5.4s
2026-05-18 18:26:26,759 - src.base.trainer - INFO - Val loss decrease from 4.7258 to 4.6450, saving to True
2026-05-18 18:26:31,328 - src.base.trainer - INFO - Epoch [37/250] (6000) train_mae: 3.7555, val_mae: 4.5877 
2026-05-18 18:26:31,331 - src.base.trainer - INFO - Val loss decrease from 4.6450 to 4.5877, saving to True
2026-05-18 18:26:32,738 - src.base.trainer - INFO - epoch complete
2026-05-18 18:26:32,738 - src.base.trainer - INFO - evaluating now!
2026-05-18 18:26:33,335 - src.base.trainer - INFO - Epoch [37/250] (6042) train_mae: 3.7017, val_mae: 4.5693, lr: 0.000010, 6.0s
2026-05-18 18:26:33,336 - src.base.trainer - INFO - Val loss decrease from 4.5877 to 4.5693, saving to True
2026-05-18 18:26:38,710 - src.base.trainer - INFO - epoch complete
2026-05-18 18:26:38,710 - src.base.trainer - INFO - evaluating now!
2026-05-18 18:26:39,306 - src.base.trainer - INFO - Epoch [38/250] (6201) train_mae: 3.6493, val_mae: 4.5022, lr: 0.000010, 5.4s
2026-05-18 18:26:39,307 - src.base.trainer - INFO - Val loss decrease from 4.5693 to 4.5022, saving to True
2026-05-18 18:26:44,684 - src.base.trainer - INFO - epoch complete
2026-05-18 18:26:44,685 - src.base.trainer - INFO - evaluating now!
2026-05-18 18:26:45,290 - src.base.trainer - INFO - Epoch [39/250] (6360) train_mae: 3.6021, val_mae: 4.4395, lr: 0.000010, 5.4s
2026-05-18 18:26:45,291 - src.base.trainer - INFO - Val loss decrease from 4.5022 to 4.4395, saving to True
2026-05-18 18:26:47,239 - src.base.trainer - INFO - Epoch [40/250] (6400) train_mae: 3.4682, val_mae: 4.4259 
2026-05-18 18:26:47,240 - src.base.trainer - INFO - Val loss decrease from 4.4395 to 4.4259, saving to True
2026-05-18 18:26:51,261 - src.base.trainer - INFO - epoch complete
2026-05-18 18:26:51,263 - src.base.trainer - INFO - evaluating now!
2026-05-18 18:26:51,883 - src.base.trainer - INFO - Epoch [40/250] (6519) train_mae: 3.5596, val_mae: 4.3840, lr: 0.000010, 6.0s
2026-05-18 18:26:51,884 - src.base.trainer - INFO - Val loss decrease from 4.4259 to 4.3840, saving to True
2026-05-18 18:26:57,258 - src.base.trainer - INFO - epoch complete
2026-05-18 18:26:57,258 - src.base.trainer - INFO - evaluating now!
2026-05-18 18:26:57,855 - src.base.trainer - INFO - Epoch [41/250] (6678) train_mae: 3.5185, val_mae: 4.3341, lr: 0.000010, 5.4s
2026-05-18 18:26:57,856 - src.base.trainer - INFO - Val loss decrease from 4.3840 to 4.3341, saving to True
2026-05-18 18:27:02,626 - src.base.trainer - INFO - Epoch [42/250] (6800) train_mae: 3.4575, val_mae: 4.2996 
2026-05-18 18:27:02,627 - src.base.trainer - INFO - Val loss decrease from 4.3341 to 4.2996, saving to True
2026-05-18 18:27:03,868 - src.base.trainer - INFO - epoch complete
2026-05-18 18:27:03,868 - src.base.trainer - INFO - evaluating now!
2026-05-18 18:27:04,465 - src.base.trainer - INFO - Epoch [42/250] (6837) train_mae: 3.4848, val_mae: 4.2880, lr: 0.000010, 6.0s
2026-05-18 18:27:04,466 - src.base.trainer - INFO - Val loss decrease from 4.2996 to 4.2880, saving to True
2026-05-18 18:27:09,852 - src.base.trainer - INFO - epoch complete
2026-05-18 18:27:09,852 - src.base.trainer - INFO - evaluating now!
2026-05-18 18:27:10,448 - src.base.trainer - INFO - Epoch [43/250] (6996) train_mae: 3.4499, val_mae: 4.2473, lr: 0.000010, 5.4s
2026-05-18 18:27:10,449 - src.base.trainer - INFO - Val loss decrease from 4.2880 to 4.2473, saving to True
2026-05-18 18:27:15,835 - src.base.trainer - INFO - epoch complete
2026-05-18 18:27:15,839 - src.base.trainer - INFO - evaluating now!
2026-05-18 18:27:16,436 - src.base.trainer - INFO - Epoch [44/250] (7155) train_mae: 3.4214, val_mae: 4.2109, lr: 0.000010, 5.4s
2026-05-18 18:27:16,438 - src.base.trainer - INFO - Val loss decrease from 4.2473 to 4.2109, saving to True
2026-05-18 18:27:18,555 - src.base.trainer - INFO - Epoch [45/250] (7200) train_mae: 3.4109, val_mae: 4.2014 
2026-05-18 18:27:18,556 - src.base.trainer - INFO - Val loss decrease from 4.2109 to 4.2014, saving to True
2026-05-18 18:27:22,416 - src.base.trainer - INFO - epoch complete
2026-05-18 18:27:22,416 - src.base.trainer - INFO - evaluating now!
2026-05-18 18:27:23,020 - src.base.trainer - INFO - Epoch [45/250] (7314) train_mae: 3.3952, val_mae: 4.1781, lr: 0.000010, 6.0s
2026-05-18 18:27:23,022 - src.base.trainer - INFO - Val loss decrease from 4.2014 to 4.1781, saving to True
2026-05-18 18:27:28,421 - src.base.trainer - INFO - epoch complete
2026-05-18 18:27:28,423 - src.base.trainer - INFO - evaluating now!
2026-05-18 18:27:29,018 - src.base.trainer - INFO - Epoch [46/250] (7473) train_mae: 3.3701, val_mae: 4.1464, lr: 0.000010, 5.4s
2026-05-18 18:27:29,019 - src.base.trainer - INFO - Val loss decrease from 4.1781 to 4.1464, saving to True
2026-05-18 18:27:33,931 - src.base.trainer - INFO - Epoch [47/250] (7600) train_mae: 3.3305, val_mae: 4.1234 
2026-05-18 18:27:33,932 - src.base.trainer - INFO - Val loss decrease from 4.1464 to 4.1234, saving to True
2026-05-18 18:27:35,005 - src.base.trainer - INFO - epoch complete
2026-05-18 18:27:35,005 - src.base.trainer - INFO - evaluating now!
2026-05-18 18:27:35,602 - src.base.trainer - INFO - Epoch [47/250] (7632) train_mae: 3.3475, val_mae: 4.1171, lr: 0.000010, 6.0s
2026-05-18 18:27:35,604 - src.base.trainer - INFO - Val loss decrease from 4.1234 to 4.1171, saving to True
2026-05-18 18:27:40,994 - src.base.trainer - INFO - epoch complete
2026-05-18 18:27:40,996 - src.base.trainer - INFO - evaluating now!
2026-05-18 18:27:41,593 - src.base.trainer - INFO - Epoch [48/250] (7791) train_mae: 3.3265, val_mae: 4.0906, lr: 0.000010, 5.4s
2026-05-18 18:27:41,594 - src.base.trainer - INFO - Val loss decrease from 4.1171 to 4.0906, saving to True
2026-05-18 18:27:46,980 - src.base.trainer - INFO - epoch complete
2026-05-18 18:27:46,980 - src.base.trainer - INFO - evaluating now!
2026-05-18 18:27:47,577 - src.base.trainer - INFO - Epoch [49/250] (7950) train_mae: 3.3070, val_mae: 4.0659, lr: 0.000010, 5.4s
2026-05-18 18:27:47,578 - src.base.trainer - INFO - Val loss decrease from 4.0906 to 4.0659, saving to True
2026-05-18 18:27:49,872 - src.base.trainer - INFO - Epoch [50/250] (8000) train_mae: 3.2211, val_mae: 4.0603 
2026-05-18 18:27:49,874 - src.base.trainer - INFO - Val loss decrease from 4.0659 to 4.0603, saving to True
2026-05-18 18:27:53,571 - src.base.trainer - INFO - epoch complete
2026-05-18 18:27:53,571 - src.base.trainer - INFO - evaluating now!
2026-05-18 18:27:54,172 - src.base.trainer - INFO - Epoch [50/250] (8109) train_mae: 3.2875, val_mae: 4.0429, lr: 0.000010, 6.0s
2026-05-18 18:27:54,173 - src.base.trainer - INFO - Val loss decrease from 4.0603 to 4.0429, saving to True
2026-05-18 18:27:59,550 - src.base.trainer - INFO - epoch complete
2026-05-18 18:27:59,550 - src.base.trainer - INFO - evaluating now!
2026-05-18 18:28:00,157 - src.base.trainer - INFO - Epoch [51/250] (8268) train_mae: 3.2687, val_mae: 4.0204, lr: 0.000010, 5.4s
2026-05-18 18:28:00,158 - src.base.trainer - INFO - Val loss decrease from 4.0429 to 4.0204, saving to True
2026-05-18 18:28:05,235 - src.base.trainer - INFO - Epoch [52/250] (8400) train_mae: 3.2478, val_mae: 4.0032 
2026-05-18 18:28:05,236 - src.base.trainer - INFO - Val loss decrease from 4.0204 to 4.0032, saving to True
2026-05-18 18:28:06,135 - src.base.trainer - INFO - epoch complete
2026-05-18 18:28:06,135 - src.base.trainer - INFO - evaluating now!
2026-05-18 18:28:06,731 - src.base.trainer - INFO - Epoch [52/250] (8427) train_mae: 3.2525, val_mae: 3.9992, lr: 0.000010, 6.0s
2026-05-18 18:28:06,732 - src.base.trainer - INFO - Val loss decrease from 4.0032 to 3.9992, saving to True
2026-05-18 18:28:12,112 - src.base.trainer - INFO - epoch complete
2026-05-18 18:28:12,112 - src.base.trainer - INFO - evaluating now!
2026-05-18 18:28:12,710 - src.base.trainer - INFO - Epoch [53/250] (8586) train_mae: 3.2370, val_mae: 3.9798, lr: 0.000010, 5.4s
2026-05-18 18:28:12,713 - src.base.trainer - INFO - Val loss decrease from 3.9992 to 3.9798, saving to True
2026-05-18 18:28:18,123 - src.base.trainer - INFO - epoch complete
2026-05-18 18:28:18,123 - src.base.trainer - INFO - evaluating now!
2026-05-18 18:28:18,721 - src.base.trainer - INFO - Epoch [54/250] (8745) train_mae: 3.2192, val_mae: 3.9608, lr: 0.000010, 5.4s
2026-05-18 18:28:18,722 - src.base.trainer - INFO - Val loss decrease from 3.9798 to 3.9608, saving to True
2026-05-18 18:28:21,179 - src.base.trainer - INFO - Epoch [55/250] (8800) train_mae: 3.2524, val_mae: 3.9536 
2026-05-18 18:28:21,180 - src.base.trainer - INFO - Val loss decrease from 3.9608 to 3.9536, saving to True
2026-05-18 18:28:24,690 - src.base.trainer - INFO - epoch complete
2026-05-18 18:28:24,690 - src.base.trainer - INFO - evaluating now!
2026-05-18 18:28:25,295 - src.base.trainer - INFO - Epoch [55/250] (8904) train_mae: 3.2048, val_mae: 3.9416, lr: 0.000010, 6.0s
2026-05-18 18:28:25,297 - src.base.trainer - INFO - Val loss decrease from 3.9536 to 3.9416, saving to True
2026-05-18 18:28:30,686 - src.base.trainer - INFO - epoch complete
2026-05-18 18:28:30,686 - src.base.trainer - INFO - evaluating now!
2026-05-18 18:28:31,283 - src.base.trainer - INFO - Epoch [56/250] (9063) train_mae: 3.1892, val_mae: 3.9239, lr: 0.000010, 5.4s
2026-05-18 18:28:31,284 - src.base.trainer - INFO - Val loss decrease from 3.9416 to 3.9239, saving to True
2026-05-18 18:28:36,529 - src.base.trainer - INFO - Epoch [57/250] (9200) train_mae: 3.1367, val_mae: 3.9105 
2026-05-18 18:28:36,530 - src.base.trainer - INFO - Val loss decrease from 3.9239 to 3.9105, saving to True
2026-05-18 18:28:37,257 - src.base.trainer - INFO - epoch complete
2026-05-18 18:28:37,257 - src.base.trainer - INFO - evaluating now!
2026-05-18 18:28:37,856 - src.base.trainer - INFO - Epoch [57/250] (9222) train_mae: 3.1759, val_mae: 3.9075, lr: 0.000010, 6.0s
2026-05-18 18:28:37,857 - src.base.trainer - INFO - Val loss decrease from 3.9105 to 3.9075, saving to True
2026-05-18 18:28:43,251 - src.base.trainer - INFO - epoch complete
2026-05-18 18:28:43,251 - src.base.trainer - INFO - evaluating now!
2026-05-18 18:28:43,849 - src.base.trainer - INFO - Epoch [58/250] (9381) train_mae: 3.1619, val_mae: 3.8916, lr: 0.000010, 5.4s
2026-05-18 18:28:43,850 - src.base.trainer - INFO - Val loss decrease from 3.9075 to 3.8916, saving to True
2026-05-18 18:28:49,227 - src.base.trainer - INFO - epoch complete
2026-05-18 18:28:49,227 - src.base.trainer - INFO - evaluating now!
2026-05-18 18:28:49,822 - src.base.trainer - INFO - Epoch [59/250] (9540) train_mae: 3.1492, val_mae: 3.8750, lr: 0.000010, 5.4s
2026-05-18 18:28:49,823 - src.base.trainer - INFO - Val loss decrease from 3.8916 to 3.8750, saving to True
2026-05-18 18:28:52,471 - src.base.trainer - INFO - Epoch [60/250] (9600) train_mae: 3.1110, val_mae: 3.8693 
2026-05-18 18:28:52,472 - src.base.trainer - INFO - Val loss decrease from 3.8750 to 3.8693, saving to True
2026-05-18 18:28:55,826 - src.base.trainer - INFO - epoch complete
2026-05-18 18:28:55,826 - src.base.trainer - INFO - evaluating now!
2026-05-18 18:28:56,432 - src.base.trainer - INFO - Epoch [60/250] (9699) train_mae: 3.1377, val_mae: 3.8595, lr: 0.000010, 6.0s
2026-05-18 18:28:56,433 - src.base.trainer - INFO - Val loss decrease from 3.8693 to 3.8595, saving to True
2026-05-18 18:29:01,974 - src.base.trainer - INFO - epoch complete
2026-05-18 18:29:01,974 - src.base.trainer - INFO - evaluating now!
2026-05-18 18:29:02,571 - src.base.trainer - INFO - Epoch [61/250] (9858) train_mae: 3.1245, val_mae: 3.8450, lr: 0.000010, 5.5s
2026-05-18 18:29:02,572 - src.base.trainer - INFO - Val loss decrease from 3.8595 to 3.8450, saving to True
2026-05-18 18:29:08,035 - src.base.trainer - INFO - Epoch [62/250] (10000) train_mae: 3.1267, val_mae: 3.8323 
2026-05-18 18:29:08,036 - src.base.trainer - INFO - Val loss decrease from 3.8450 to 3.8323, saving to True
2026-05-18 18:29:08,597 - src.base.trainer - INFO - epoch complete
2026-05-18 18:29:08,597 - src.base.trainer - INFO - evaluating now!
2026-05-18 18:29:09,194 - src.base.trainer - INFO - Epoch [62/250] (10017) train_mae: 3.1129, val_mae: 3.8305, lr: 0.000010, 6.0s
2026-05-18 18:29:09,195 - src.base.trainer - INFO - Val loss decrease from 3.8323 to 3.8305, saving to True
2026-05-18 18:29:14,646 - src.base.trainer - INFO - epoch complete
2026-05-18 18:29:14,648 - src.base.trainer - INFO - evaluating now!
2026-05-18 18:29:15,254 - src.base.trainer - INFO - Epoch [63/250] (10176) train_mae: 3.1011, val_mae: 3.8167, lr: 0.000010, 5.5s
2026-05-18 18:29:15,255 - src.base.trainer - INFO - Val loss decrease from 3.8305 to 3.8167, saving to True
2026-05-18 18:29:20,681 - src.base.trainer - INFO - epoch complete
2026-05-18 18:29:20,681 - src.base.trainer - INFO - evaluating now!
2026-05-18 18:29:21,279 - src.base.trainer - INFO - Epoch [64/250] (10335) train_mae: 3.0902, val_mae: 3.8022, lr: 0.000010, 5.4s
2026-05-18 18:29:21,280 - src.base.trainer - INFO - Val loss decrease from 3.8167 to 3.8022, saving to True
2026-05-18 18:29:24,069 - src.base.trainer - INFO - Epoch [65/250] (10400) train_mae: 3.1071, val_mae: 3.7972 
2026-05-18 18:29:24,070 - src.base.trainer - INFO - Val loss decrease from 3.8022 to 3.7972, saving to True
2026-05-18 18:29:27,259 - src.base.trainer - INFO - epoch complete
2026-05-18 18:29:27,262 - src.base.trainer - INFO - evaluating now!
2026-05-18 18:29:27,865 - src.base.trainer - INFO - Epoch [65/250] (10494) train_mae: 3.0805, val_mae: 3.7884, lr: 0.000010, 6.0s
2026-05-18 18:29:27,866 - src.base.trainer - INFO - Val loss decrease from 3.7972 to 3.7884, saving to True
2026-05-18 18:29:33,253 - src.base.trainer - INFO - epoch complete
2026-05-18 18:29:33,253 - src.base.trainer - INFO - evaluating now!
2026-05-18 18:29:33,856 - src.base.trainer - INFO - Epoch [66/250] (10653) train_mae: 3.0678, val_mae: 3.7754, lr: 0.000010, 5.4s
2026-05-18 18:29:33,857 - src.base.trainer - INFO - Val loss decrease from 3.7884 to 3.7754, saving to True
2026-05-18 18:29:39,449 - src.base.trainer - INFO - Epoch [67/250] (10800) train_mae: 3.0470, val_mae: 3.7639 
2026-05-18 18:29:39,450 - src.base.trainer - INFO - Val loss decrease from 3.7754 to 3.7639, saving to True
2026-05-18 18:29:39,838 - src.base.trainer - INFO - epoch complete
2026-05-18 18:29:39,838 - src.base.trainer - INFO - evaluating now!
2026-05-18 18:29:40,441 - src.base.trainer - INFO - Epoch [67/250] (10812) train_mae: 3.0579, val_mae: 3.7625, lr: 0.000010, 6.0s
2026-05-18 18:29:40,443 - src.base.trainer - INFO - Val loss decrease from 3.7639 to 3.7625, saving to True
2026-05-18 18:29:45,854 - src.base.trainer - INFO - epoch complete
2026-05-18 18:29:45,855 - src.base.trainer - INFO - evaluating now!
2026-05-18 18:29:46,454 - src.base.trainer - INFO - Epoch [68/250] (10971) train_mae: 3.0470, val_mae: 3.7499, lr: 0.000010, 5.4s
2026-05-18 18:29:46,455 - src.base.trainer - INFO - Val loss decrease from 3.7625 to 3.7499, saving to True
2026-05-18 18:29:51,857 - src.base.trainer - INFO - epoch complete
2026-05-18 18:29:51,857 - src.base.trainer - INFO - evaluating now!
2026-05-18 18:29:52,456 - src.base.trainer - INFO - Epoch [69/250] (11130) train_mae: 3.0371, val_mae: 3.7367, lr: 0.000010, 5.4s
2026-05-18 18:29:52,457 - src.base.trainer - INFO - Val loss decrease from 3.7499 to 3.7367, saving to True
2026-05-18 18:29:55,433 - src.base.trainer - INFO - Epoch [70/250] (11200) train_mae: 3.0731, val_mae: 3.7316 
2026-05-18 18:29:55,439 - src.base.trainer - INFO - Val loss decrease from 3.7367 to 3.7316, saving to True
2026-05-18 18:29:58,460 - src.base.trainer - INFO - epoch complete
2026-05-18 18:29:58,460 - src.base.trainer - INFO - evaluating now!
2026-05-18 18:29:59,076 - src.base.trainer - INFO - Epoch [70/250] (11289) train_mae: 3.0281, val_mae: 3.7239, lr: 0.000010, 6.0s
2026-05-18 18:29:59,078 - src.base.trainer - INFO - Val loss decrease from 3.7316 to 3.7239, saving to True
2026-05-18 18:30:04,492 - src.base.trainer - INFO - epoch complete
2026-05-18 18:30:04,492 - src.base.trainer - INFO - evaluating now!
2026-05-18 18:30:05,098 - src.base.trainer - INFO - Epoch [71/250] (11448) train_mae: 3.0166, val_mae: 3.7113, lr: 0.000010, 5.4s
2026-05-18 18:30:05,099 - src.base.trainer - INFO - Val loss decrease from 3.7239 to 3.7113, saving to True
2026-05-18 18:30:10,859 - src.base.trainer - INFO - Epoch [72/250] (11600) train_mae: 3.0076, val_mae: 3.6998 
2026-05-18 18:30:10,860 - src.base.trainer - INFO - Val loss decrease from 3.7113 to 3.6998, saving to True
2026-05-18 18:30:11,080 - src.base.trainer - INFO - epoch complete
2026-05-18 18:30:11,080 - src.base.trainer - INFO - evaluating now!
2026-05-18 18:30:11,676 - src.base.trainer - INFO - Epoch [72/250] (11607) train_mae: 3.0064, val_mae: 3.6995, lr: 0.000010, 6.0s
2026-05-18 18:30:11,677 - src.base.trainer - INFO - Val loss decrease from 3.6998 to 3.6995, saving to True
2026-05-18 18:30:17,268 - src.base.trainer - INFO - epoch complete
2026-05-18 18:30:17,269 - src.base.trainer - INFO - evaluating now!
2026-05-18 18:30:17,865 - src.base.trainer - INFO - Epoch [73/250] (11766) train_mae: 2.9962, val_mae: 3.6881, lr: 0.000010, 5.6s
2026-05-18 18:30:17,866 - src.base.trainer - INFO - Val loss decrease from 3.6995 to 3.6881, saving to True
2026-05-18 18:30:23,353 - src.base.trainer - INFO - epoch complete
2026-05-18 18:30:23,353 - src.base.trainer - INFO - evaluating now!
2026-05-18 18:30:23,955 - src.base.trainer - INFO - Epoch [74/250] (11925) train_mae: 2.9895, val_mae: 3.6751, lr: 0.000010, 5.5s
2026-05-18 18:30:23,956 - src.base.trainer - INFO - Val loss decrease from 3.6881 to 3.6751, saving to True
2026-05-18 18:30:27,114 - src.base.trainer - INFO - Epoch [75/250] (12000) train_mae: 2.9783, val_mae: 3.6693 
2026-05-18 18:30:27,116 - src.base.trainer - INFO - Val loss decrease from 3.6751 to 3.6693, saving to True
2026-05-18 18:30:29,971 - src.base.trainer - INFO - epoch complete
2026-05-18 18:30:29,972 - src.base.trainer - INFO - evaluating now!
2026-05-18 18:30:30,570 - src.base.trainer - INFO - Epoch [75/250] (12084) train_mae: 2.9790, val_mae: 3.6639, lr: 0.000010, 6.0s
2026-05-18 18:30:30,571 - src.base.trainer - INFO - Val loss decrease from 3.6693 to 3.6639, saving to True
2026-05-18 18:30:35,999 - src.base.trainer - INFO - epoch complete
2026-05-18 18:30:35,999 - src.base.trainer - INFO - evaluating now!
2026-05-18 18:30:36,615 - src.base.trainer - INFO - Epoch [76/250] (12243) train_mae: 2.9687, val_mae: 3.6525, lr: 0.000010, 5.4s
2026-05-18 18:30:36,616 - src.base.trainer - INFO - Val loss decrease from 3.6639 to 3.6525, saving to True
2026-05-18 18:30:42,582 - src.base.trainer - INFO - Epoch [77/250] (12400) train_mae: 2.9601, val_mae: 3.6398 
2026-05-18 18:30:42,583 - src.base.trainer - INFO - Val loss decrease from 3.6525 to 3.6398, saving to True
2026-05-18 18:30:42,640 - src.base.trainer - INFO - epoch complete
2026-05-18 18:30:42,640 - src.base.trainer - INFO - evaluating now!
2026-05-18 18:30:43,231 - src.base.trainer - INFO - Epoch [77/250] (12402) train_mae: 2.9597, val_mae: 3.6398, lr: 0.000010, 6.0s
2026-05-18 18:30:43,232 - src.base.trainer - INFO - Val loss decrease from 3.6398 to 3.6398, saving to True
2026-05-18 18:30:48,640 - src.base.trainer - INFO - epoch complete
2026-05-18 18:30:48,640 - src.base.trainer - INFO - evaluating now!
2026-05-18 18:30:49,239 - src.base.trainer - INFO - Epoch [78/250] (12561) train_mae: 2.9507, val_mae: 3.6290, lr: 0.000010, 5.4s
2026-05-18 18:30:49,240 - src.base.trainer - INFO - Val loss decrease from 3.6398 to 3.6290, saving to True
2026-05-18 18:30:54,702 - src.base.trainer - INFO - epoch complete
2026-05-18 18:30:54,702 - src.base.trainer - INFO - evaluating now!
2026-05-18 18:30:55,308 - src.base.trainer - INFO - Epoch [79/250] (12720) train_mae: 2.9422, val_mae: 3.6174, lr: 0.000010, 5.5s
2026-05-18 18:30:55,309 - src.base.trainer - INFO - Val loss decrease from 3.6290 to 3.6174, saving to True
2026-05-18 18:30:58,632 - src.base.trainer - INFO - Epoch [80/250] (12800) train_mae: 2.9775, val_mae: 3.6112 
2026-05-18 18:30:58,634 - src.base.trainer - INFO - Val loss decrease from 3.6174 to 3.6112, saving to True
2026-05-18 18:31:01,315 - src.base.trainer - INFO - epoch complete
2026-05-18 18:31:01,315 - src.base.trainer - INFO - evaluating now!
2026-05-18 18:31:01,919 - src.base.trainer - INFO - Epoch [80/250] (12879) train_mae: 2.9322, val_mae: 3.6071, lr: 0.000010, 6.0s
2026-05-18 18:31:01,920 - src.base.trainer - INFO - Val loss decrease from 3.6112 to 3.6071, saving to True
2026-05-18 18:31:07,332 - src.base.trainer - INFO - epoch complete
2026-05-18 18:31:07,332 - src.base.trainer - INFO - evaluating now!
2026-05-18 18:31:07,927 - src.base.trainer - INFO - Epoch [81/250] (13038) train_mae: 2.9243, val_mae: 3.5956, lr: 0.000010, 5.4s
2026-05-18 18:31:07,928 - src.base.trainer - INFO - Val loss decrease from 3.6071 to 3.5956, saving to True
2026-05-18 18:31:13,333 - src.base.trainer - INFO - epoch complete
2026-05-18 18:31:13,333 - src.base.trainer - INFO - evaluating now!
2026-05-18 18:31:13,930 - src.base.trainer - INFO - Epoch [82/250] (13197) train_mae: 2.9163, val_mae: 3.5846, lr: 0.000010, 5.4s
2026-05-18 18:31:13,931 - src.base.trainer - INFO - Val loss decrease from 3.5956 to 3.5846, saving to True
2026-05-18 18:31:14,621 - src.base.trainer - INFO - Epoch [83/250] (13200) train_mae: 3.0458, val_mae: 3.5841 
2026-05-18 18:31:14,622 - src.base.trainer - INFO - Val loss decrease from 3.5846 to 3.5841, saving to True
2026-05-18 18:31:19,949 - src.base.trainer - INFO - epoch complete
2026-05-18 18:31:19,949 - src.base.trainer - INFO - evaluating now!
2026-05-18 18:31:20,546 - src.base.trainer - INFO - Epoch [83/250] (13356) train_mae: 2.9076, val_mae: 3.5736, lr: 0.000010, 6.0s
2026-05-18 18:31:20,548 - src.base.trainer - INFO - Val loss decrease from 3.5841 to 3.5736, saving to True
2026-05-18 18:31:25,957 - src.base.trainer - INFO - epoch complete
2026-05-18 18:31:25,957 - src.base.trainer - INFO - evaluating now!
2026-05-18 18:31:26,555 - src.base.trainer - INFO - Epoch [84/250] (13515) train_mae: 2.8978, val_mae: 3.5647, lr: 0.000010, 5.4s
2026-05-18 18:31:26,556 - src.base.trainer - INFO - Val loss decrease from 3.5736 to 3.5647, saving to True
2026-05-18 18:31:30,050 - src.base.trainer - INFO - Epoch [85/250] (13600) train_mae: 2.8630, val_mae: 3.5597 
2026-05-18 18:31:30,051 - src.base.trainer - INFO - Val loss decrease from 3.5647 to 3.5597, saving to True
2026-05-18 18:31:32,548 - src.base.trainer - INFO - epoch complete
2026-05-18 18:31:32,548 - src.base.trainer - INFO - evaluating now!
2026-05-18 18:31:33,152 - src.base.trainer - INFO - Epoch [85/250] (13674) train_mae: 2.8903, val_mae: 3.5534, lr: 0.000010, 6.0s
2026-05-18 18:31:33,153 - src.base.trainer - INFO - Val loss decrease from 3.5597 to 3.5534, saving to True
2026-05-18 18:31:38,570 - src.base.trainer - INFO - epoch complete
2026-05-18 18:31:38,570 - src.base.trainer - INFO - evaluating now!
2026-05-18 18:31:39,166 - src.base.trainer - INFO - Epoch [86/250] (13833) train_mae: 2.8815, val_mae: 3.5411, lr: 0.000010, 5.4s
2026-05-18 18:31:39,168 - src.base.trainer - INFO - Val loss decrease from 3.5534 to 3.5411, saving to True
2026-05-18 18:31:44,573 - src.base.trainer - INFO - epoch complete
2026-05-18 18:31:44,574 - src.base.trainer - INFO - evaluating now!
2026-05-18 18:31:45,178 - src.base.trainer - INFO - Epoch [87/250] (13992) train_mae: 2.8739, val_mae: 3.5318, lr: 0.000010, 5.4s
2026-05-18 18:31:45,180 - src.base.trainer - INFO - Val loss decrease from 3.5411 to 3.5318, saving to True
2026-05-18 18:31:46,045 - src.base.trainer - INFO - Epoch [88/250] (14000) train_mae: 2.9696, val_mae: 3.5314 
2026-05-18 18:31:46,046 - src.base.trainer - INFO - Val loss decrease from 3.5318 to 3.5314, saving to True
2026-05-18 18:31:51,207 - src.base.trainer - INFO - epoch complete
2026-05-18 18:31:51,209 - src.base.trainer - INFO - evaluating now!
2026-05-18 18:31:51,803 - src.base.trainer - INFO - Epoch [88/250] (14151) train_mae: 2.8664, val_mae: 3.5223, lr: 0.000010, 6.0s
2026-05-18 18:31:51,804 - src.base.trainer - INFO - Val loss decrease from 3.5314 to 3.5223, saving to True
2026-05-18 18:31:57,204 - src.base.trainer - INFO - epoch complete
2026-05-18 18:31:57,204 - src.base.trainer - INFO - evaluating now!
2026-05-18 18:31:57,802 - src.base.trainer - INFO - Epoch [89/250] (14310) train_mae: 2.8577, val_mae: 3.5124, lr: 0.000010, 5.4s
2026-05-18 18:31:57,804 - src.base.trainer - INFO - Val loss decrease from 3.5223 to 3.5124, saving to True
2026-05-18 18:32:01,470 - src.base.trainer - INFO - Epoch [90/250] (14400) train_mae: 2.8384, val_mae: 3.5057 
2026-05-18 18:32:01,472 - src.base.trainer - INFO - Val loss decrease from 3.5124 to 3.5057, saving to True
2026-05-18 18:32:03,807 - src.base.trainer - INFO - epoch complete
2026-05-18 18:32:03,807 - src.base.trainer - INFO - evaluating now!
2026-05-18 18:32:04,410 - src.base.trainer - INFO - Epoch [90/250] (14469) train_mae: 2.8490, val_mae: 3.5028, lr: 0.000010, 6.0s
2026-05-18 18:32:04,411 - src.base.trainer - INFO - Val loss decrease from 3.5057 to 3.5028, saving to True
2026-05-18 18:32:09,857 - src.base.trainer - INFO - epoch complete
2026-05-18 18:32:09,857 - src.base.trainer - INFO - evaluating now!
2026-05-18 18:32:10,465 - src.base.trainer - INFO - Epoch [91/250] (14628) train_mae: 2.8414, val_mae: 3.4935, lr: 0.000010, 5.4s
2026-05-18 18:32:10,466 - src.base.trainer - INFO - Val loss decrease from 3.5028 to 3.4935, saving to True
2026-05-18 18:32:15,900 - src.base.trainer - INFO - epoch complete
2026-05-18 18:32:15,900 - src.base.trainer - INFO - evaluating now!
2026-05-18 18:32:16,516 - src.base.trainer - INFO - Epoch [92/250] (14787) train_mae: 2.8354, val_mae: 3.4835, lr: 0.000010, 5.4s
2026-05-18 18:32:16,518 - src.base.trainer - INFO - Val loss decrease from 3.4935 to 3.4835, saving to True
2026-05-18 18:32:17,610 - src.base.trainer - INFO - Epoch [93/250] (14800) train_mae: 3.0263, val_mae: 3.4827 
2026-05-18 18:32:17,613 - src.base.trainer - INFO - Val loss decrease from 3.4835 to 3.4827, saving to True
2026-05-18 18:32:22,592 - src.base.trainer - INFO - epoch complete
2026-05-18 18:32:22,592 - src.base.trainer - INFO - evaluating now!
2026-05-18 18:32:23,190 - src.base.trainer - INFO - Epoch [93/250] (14946) train_mae: 2.8275, val_mae: 3.4723, lr: 0.000010, 6.1s
2026-05-18 18:32:23,191 - src.base.trainer - INFO - Val loss decrease from 3.4827 to 3.4723, saving to True
2026-05-18 18:32:28,592 - src.base.trainer - INFO - epoch complete
2026-05-18 18:32:28,592 - src.base.trainer - INFO - evaluating now!
2026-05-18 18:32:29,188 - src.base.trainer - INFO - Epoch [94/250] (15105) train_mae: 2.8193, val_mae: 3.4627, lr: 0.000010, 5.4s
2026-05-18 18:32:29,190 - src.base.trainer - INFO - Val loss decrease from 3.4723 to 3.4627, saving to True
2026-05-18 18:32:33,038 - src.base.trainer - INFO - Epoch [95/250] (15200) train_mae: 2.7939, val_mae: 3.4587 
2026-05-18 18:32:33,039 - src.base.trainer - INFO - Val loss decrease from 3.4627 to 3.4587, saving to True
2026-05-18 18:32:35,213 - src.base.trainer - INFO - epoch complete
2026-05-18 18:32:35,213 - src.base.trainer - INFO - evaluating now!
2026-05-18 18:32:35,817 - src.base.trainer - INFO - Epoch [95/250] (15264) train_mae: 2.8121, val_mae: 3.4549, lr: 0.000010, 6.0s
2026-05-18 18:32:35,818 - src.base.trainer - INFO - Val loss decrease from 3.4587 to 3.4549, saving to True
2026-05-18 18:32:41,209 - src.base.trainer - INFO - epoch complete
2026-05-18 18:32:41,209 - src.base.trainer - INFO - evaluating now!
2026-05-18 18:32:41,806 - src.base.trainer - INFO - Epoch [96/250] (15423) train_mae: 2.8047, val_mae: 3.4468, lr: 0.000010, 5.4s
2026-05-18 18:32:41,807 - src.base.trainer - INFO - Val loss decrease from 3.4549 to 3.4468, saving to True
2026-05-18 18:32:47,219 - src.base.trainer - INFO - epoch complete
2026-05-18 18:32:47,219 - src.base.trainer - INFO - evaluating now!
2026-05-18 18:32:47,813 - src.base.trainer - INFO - Epoch [97/250] (15582) train_mae: 2.7988, val_mae: 3.4371, lr: 0.000010, 5.4s
2026-05-18 18:32:47,815 - src.base.trainer - INFO - Val loss decrease from 3.4468 to 3.4371, saving to True
2026-05-18 18:32:49,015 - src.base.trainer - INFO - Epoch [98/250] (15600) train_mae: 2.5967, val_mae: 3.4358 
2026-05-18 18:32:49,016 - src.base.trainer - INFO - Val loss decrease from 3.4371 to 3.4358, saving to True
2026-05-18 18:32:54,172 - src.base.trainer - INFO - epoch complete
2026-05-18 18:32:54,172 - src.base.trainer - INFO - evaluating now!
2026-05-18 18:32:54,786 - src.base.trainer - INFO - Epoch [98/250] (15741) train_mae: 2.7906, val_mae: 3.4293, lr: 0.000010, 6.4s
2026-05-18 18:32:54,787 - src.base.trainer - INFO - Val loss decrease from 3.4358 to 3.4293, saving to True
2026-05-18 18:33:00,223 - src.base.trainer - INFO - epoch complete
2026-05-18 18:33:00,223 - src.base.trainer - INFO - evaluating now!
2026-05-18 18:33:00,816 - src.base.trainer - INFO - Epoch [99/250] (15900) train_mae: 2.7845, val_mae: 3.4201, lr: 0.000010, 5.4s
2026-05-18 18:33:00,817 - src.base.trainer - INFO - Val loss decrease from 3.4293 to 3.4201, saving to True
2026-05-18 18:33:04,820 - src.base.trainer - INFO - Epoch [100/250] (16000) train_mae: 2.8502, val_mae: 3.4150 
2026-05-18 18:33:04,821 - src.base.trainer - INFO - Val loss decrease from 3.4201 to 3.4150, saving to True
2026-05-18 18:33:06,823 - src.base.trainer - INFO - epoch complete
2026-05-18 18:33:06,823 - src.base.trainer - INFO - evaluating now!
2026-05-18 18:33:07,420 - src.base.trainer - INFO - Epoch [100/250] (16059) train_mae: 2.7787, val_mae: 3.4113, lr: 0.000010, 6.0s
2026-05-18 18:33:07,421 - src.base.trainer - INFO - Val loss decrease from 3.4150 to 3.4113, saving to True
2026-05-18 18:33:12,956 - src.base.trainer - INFO - epoch complete
2026-05-18 18:33:12,956 - src.base.trainer - INFO - evaluating now!
2026-05-18 18:33:13,553 - src.base.trainer - INFO - Epoch [101/250] (16218) train_mae: 2.7714, val_mae: 3.4037, lr: 0.000010, 5.5s
2026-05-18 18:33:13,555 - src.base.trainer - INFO - Val loss decrease from 3.4113 to 3.4037, saving to True
2026-05-18 18:33:18,969 - src.base.trainer - INFO - epoch complete
2026-05-18 18:33:18,969 - src.base.trainer - INFO - evaluating now!
2026-05-18 18:33:19,567 - src.base.trainer - INFO - Epoch [102/250] (16377) train_mae: 2.7627, val_mae: 3.3947, lr: 0.000010, 5.4s
2026-05-18 18:33:19,568 - src.base.trainer - INFO - Val loss decrease from 3.4037 to 3.3947, saving to True
2026-05-18 18:33:20,949 - src.base.trainer - INFO - Epoch [103/250] (16400) train_mae: 2.6747, val_mae: 3.3943 
2026-05-18 18:33:20,950 - src.base.trainer - INFO - Val loss decrease from 3.3947 to 3.3943, saving to True
2026-05-18 18:33:25,564 - src.base.trainer - INFO - epoch complete
2026-05-18 18:33:25,564 - src.base.trainer - INFO - evaluating now!
2026-05-18 18:33:26,163 - src.base.trainer - INFO - Epoch [103/250] (16536) train_mae: 2.7576, val_mae: 3.3866, lr: 0.000010, 6.0s
2026-05-18 18:33:26,164 - src.base.trainer - INFO - Val loss decrease from 3.3943 to 3.3866, saving to True
2026-05-18 18:33:31,579 - src.base.trainer - INFO - epoch complete
2026-05-18 18:33:31,579 - src.base.trainer - INFO - evaluating now!
2026-05-18 18:33:32,176 - src.base.trainer - INFO - Epoch [104/250] (16695) train_mae: 2.7525, val_mae: 3.3787, lr: 0.000010, 5.4s
2026-05-18 18:33:32,177 - src.base.trainer - INFO - Val loss decrease from 3.3866 to 3.3787, saving to True
2026-05-18 18:33:36,347 - src.base.trainer - INFO - Epoch [105/250] (16800) train_mae: 2.7719, val_mae: 3.3757 
2026-05-18 18:33:36,348 - src.base.trainer - INFO - Val loss decrease from 3.3787 to 3.3757, saving to True
2026-05-18 18:33:38,166 - src.base.trainer - INFO - epoch complete
2026-05-18 18:33:38,167 - src.base.trainer - INFO - evaluating now!
2026-05-18 18:33:38,761 - src.base.trainer - INFO - Epoch [105/250] (16854) train_mae: 2.7442, val_mae: 3.3713, lr: 0.000010, 6.0s
2026-05-18 18:33:38,762 - src.base.trainer - INFO - Val loss decrease from 3.3757 to 3.3713, saving to True
2026-05-18 18:33:44,174 - src.base.trainer - INFO - epoch complete
2026-05-18 18:33:44,174 - src.base.trainer - INFO - evaluating now!
2026-05-18 18:33:44,772 - src.base.trainer - INFO - Epoch [106/250] (17013) train_mae: 2.7403, val_mae: 3.3642, lr: 0.000010, 5.4s
2026-05-18 18:33:44,774 - src.base.trainer - INFO - Val loss decrease from 3.3713 to 3.3642, saving to True
2026-05-18 18:33:50,247 - src.base.trainer - INFO - epoch complete
2026-05-18 18:33:50,248 - src.base.trainer - INFO - evaluating now!
2026-05-18 18:33:50,858 - src.base.trainer - INFO - Epoch [107/250] (17172) train_mae: 2.7324, val_mae: 3.3554, lr: 0.000010, 5.5s
2026-05-18 18:33:50,859 - src.base.trainer - INFO - Val loss decrease from 3.3642 to 3.3554, saving to True
2026-05-18 18:33:52,418 - src.base.trainer - INFO - Epoch [108/250] (17200) train_mae: 2.6613, val_mae: 3.3536 
2026-05-18 18:33:52,419 - src.base.trainer - INFO - Val loss decrease from 3.3554 to 3.3536, saving to True
2026-05-18 18:33:56,862 - src.base.trainer - INFO - epoch complete
2026-05-18 18:33:56,862 - src.base.trainer - INFO - evaluating now!
2026-05-18 18:33:57,459 - src.base.trainer - INFO - Epoch [108/250] (17331) train_mae: 2.7279, val_mae: 3.3492, lr: 0.000010, 6.0s
2026-05-18 18:33:57,460 - src.base.trainer - INFO - Val loss decrease from 3.3536 to 3.3492, saving to True
2026-05-18 18:34:02,868 - src.base.trainer - INFO - epoch complete
2026-05-18 18:34:02,868 - src.base.trainer - INFO - evaluating now!
2026-05-18 18:34:03,465 - src.base.trainer - INFO - Epoch [109/250] (17490) train_mae: 2.7226, val_mae: 3.3417, lr: 0.000010, 5.4s
2026-05-18 18:34:03,466 - src.base.trainer - INFO - Val loss decrease from 3.3492 to 3.3417, saving to True
2026-05-18 18:34:07,790 - src.base.trainer - INFO - Epoch [110/250] (17600) train_mae: 2.7210, val_mae: 3.3370 
2026-05-18 18:34:07,791 - src.base.trainer - INFO - Val loss decrease from 3.3417 to 3.3370, saving to True
2026-05-18 18:34:09,427 - src.base.trainer - INFO - epoch complete
2026-05-18 18:34:09,427 - src.base.trainer - INFO - evaluating now!
2026-05-18 18:34:10,043 - src.base.trainer - INFO - Epoch [110/250] (17649) train_mae: 2.7172, val_mae: 3.3342, lr: 0.000010, 6.0s
2026-05-18 18:34:10,044 - src.base.trainer - INFO - Val loss decrease from 3.3370 to 3.3342, saving to True
2026-05-18 18:34:15,470 - src.base.trainer - INFO - epoch complete
2026-05-18 18:34:15,472 - src.base.trainer - INFO - evaluating now!
2026-05-18 18:34:16,069 - src.base.trainer - INFO - Epoch [111/250] (17808) train_mae: 2.7113, val_mae: 3.3283, lr: 0.000010, 5.4s
2026-05-18 18:34:16,070 - src.base.trainer - INFO - Val loss decrease from 3.3342 to 3.3283, saving to True
2026-05-18 18:34:21,433 - src.base.trainer - INFO - epoch complete
2026-05-18 18:34:21,433 - src.base.trainer - INFO - evaluating now!
2026-05-18 18:34:22,028 - src.base.trainer - INFO - Epoch [112/250] (17967) train_mae: 2.7040, val_mae: 3.3198, lr: 0.000010, 5.4s
2026-05-18 18:34:22,029 - src.base.trainer - INFO - Val loss decrease from 3.3283 to 3.3198, saving to True
2026-05-18 18:34:23,726 - src.base.trainer - INFO - Epoch [113/250] (18000) train_mae: 2.5973, val_mae: 3.3206 
2026-05-18 18:34:27,977 - src.base.trainer - INFO - epoch complete
2026-05-18 18:34:27,979 - src.base.trainer - INFO - evaluating now!
2026-05-18 18:34:28,573 - src.base.trainer - INFO - Epoch [113/250] (18126) train_mae: 2.7010, val_mae: 3.3132, lr: 0.000010, 5.9s
2026-05-18 18:34:28,574 - src.base.trainer - INFO - Val loss decrease from 3.3198 to 3.3132, saving to True
2026-05-18 18:34:33,946 - src.base.trainer - INFO - epoch complete
2026-05-18 18:34:33,947 - src.base.trainer - INFO - evaluating now!
2026-05-18 18:34:34,544 - src.base.trainer - INFO - Epoch [114/250] (18285) train_mae: 2.6947, val_mae: 3.3062, lr: 0.000010, 5.4s
2026-05-18 18:34:34,546 - src.base.trainer - INFO - Val loss decrease from 3.3132 to 3.3062, saving to True
2026-05-18 18:34:39,036 - src.base.trainer - INFO - Epoch [115/250] (18400) train_mae: 2.6771, val_mae: 3.3033 
2026-05-18 18:34:39,038 - src.base.trainer - INFO - Val loss decrease from 3.3062 to 3.3033, saving to True
2026-05-18 18:34:40,541 - src.base.trainer - INFO - epoch complete
2026-05-18 18:34:40,544 - src.base.trainer - INFO - evaluating now!
2026-05-18 18:34:41,138 - src.base.trainer - INFO - Epoch [115/250] (18444) train_mae: 2.6898, val_mae: 3.3021, lr: 0.000010, 6.0s
2026-05-18 18:34:41,139 - src.base.trainer - INFO - Val loss decrease from 3.3033 to 3.3021, saving to True
2026-05-18 18:34:46,556 - src.base.trainer - INFO - epoch complete
2026-05-18 18:34:46,556 - src.base.trainer - INFO - evaluating now!
2026-05-18 18:34:47,150 - src.base.trainer - INFO - Epoch [116/250] (18603) train_mae: 2.6851, val_mae: 3.2942, lr: 0.000010, 5.4s
2026-05-18 18:34:47,151 - src.base.trainer - INFO - Val loss decrease from 3.3021 to 3.2942, saving to True
2026-05-18 18:34:52,577 - src.base.trainer - INFO - epoch complete
2026-05-18 18:34:52,577 - src.base.trainer - INFO - evaluating now!
2026-05-18 18:34:53,200 - src.base.trainer - INFO - Epoch [117/250] (18762) train_mae: 2.6789, val_mae: 3.2896, lr: 0.000010, 5.4s
2026-05-18 18:34:53,201 - src.base.trainer - INFO - Val loss decrease from 3.2942 to 3.2896, saving to True
2026-05-18 18:34:55,073 - src.base.trainer - INFO - Epoch [118/250] (18800) train_mae: 2.6528, val_mae: 3.2894 
2026-05-18 18:34:55,076 - src.base.trainer - INFO - Val loss decrease from 3.2896 to 3.2894, saving to True
2026-05-18 18:34:59,190 - src.base.trainer - INFO - epoch complete
2026-05-18 18:34:59,191 - src.base.trainer - INFO - evaluating now!
2026-05-18 18:34:59,788 - src.base.trainer - INFO - Epoch [118/250] (18921) train_mae: 2.6749, val_mae: 3.2814, lr: 0.000010, 6.0s
2026-05-18 18:34:59,789 - src.base.trainer - INFO - Val loss decrease from 3.2894 to 3.2814, saving to True
2026-05-18 18:35:05,203 - src.base.trainer - INFO - epoch complete
2026-05-18 18:35:05,203 - src.base.trainer - INFO - evaluating now!
2026-05-18 18:35:05,805 - src.base.trainer - INFO - Epoch [119/250] (19080) train_mae: 2.6704, val_mae: 3.2779, lr: 0.000010, 5.4s
2026-05-18 18:35:05,806 - src.base.trainer - INFO - Val loss decrease from 3.2814 to 3.2779, saving to True
2026-05-18 18:35:10,506 - src.base.trainer - INFO - Epoch [120/250] (19200) train_mae: 2.6802, val_mae: 3.2725 
2026-05-18 18:35:10,507 - src.base.trainer - INFO - Val loss decrease from 3.2779 to 3.2725, saving to True
2026-05-18 18:35:11,832 - src.base.trainer - INFO - epoch complete
2026-05-18 18:35:11,832 - src.base.trainer - INFO - evaluating now!
2026-05-18 18:35:12,426 - src.base.trainer - INFO - Epoch [120/250] (19239) train_mae: 2.6653, val_mae: 3.2706, lr: 0.000010, 6.0s
2026-05-18 18:35:12,427 - src.base.trainer - INFO - Val loss decrease from 3.2725 to 3.2706, saving to True
2026-05-18 18:35:17,838 - src.base.trainer - INFO - epoch complete
2026-05-18 18:35:17,839 - src.base.trainer - INFO - evaluating now!
2026-05-18 18:35:18,436 - src.base.trainer - INFO - Epoch [121/250] (19398) train_mae: 2.6597, val_mae: 3.2649, lr: 0.000010, 5.4s
2026-05-18 18:35:18,437 - src.base.trainer - INFO - Val loss decrease from 3.2706 to 3.2649, saving to True
2026-05-18 18:35:23,867 - src.base.trainer - INFO - epoch complete
2026-05-18 18:35:23,867 - src.base.trainer - INFO - evaluating now!
2026-05-18 18:35:24,462 - src.base.trainer - INFO - Epoch [122/250] (19557) train_mae: 2.6571, val_mae: 3.2584, lr: 0.000010, 5.4s
2026-05-18 18:35:24,464 - src.base.trainer - INFO - Val loss decrease from 3.2649 to 3.2584, saving to True
2026-05-18 18:35:26,517 - src.base.trainer - INFO - Epoch [123/250] (19600) train_mae: 2.6136, val_mae: 3.2582 
2026-05-18 18:35:26,519 - src.base.trainer - INFO - Val loss decrease from 3.2584 to 3.2582, saving to True
2026-05-18 18:35:30,463 - src.base.trainer - INFO - epoch complete
2026-05-18 18:35:30,463 - src.base.trainer - INFO - evaluating now!
2026-05-18 18:35:31,057 - src.base.trainer - INFO - Epoch [123/250] (19716) train_mae: 2.6516, val_mae: 3.2524, lr: 0.000010, 6.0s
2026-05-18 18:35:31,059 - src.base.trainer - INFO - Val loss decrease from 3.2582 to 3.2524, saving to True
2026-05-18 18:35:36,446 - src.base.trainer - INFO - epoch complete
2026-05-18 18:35:36,447 - src.base.trainer - INFO - evaluating now!
2026-05-18 18:35:37,044 - src.base.trainer - INFO - Epoch [124/250] (19875) train_mae: 2.6476, val_mae: 3.2466, lr: 0.000010, 5.4s
2026-05-18 18:35:37,045 - src.base.trainer - INFO - Val loss decrease from 3.2524 to 3.2466, saving to True
2026-05-18 18:35:41,896 - src.base.trainer - INFO - Epoch [125/250] (20000) train_mae: 2.6363, val_mae: 3.2460 
2026-05-18 18:35:41,897 - src.base.trainer - INFO - Val loss decrease from 3.2466 to 3.2460, saving to True
2026-05-18 18:35:43,037 - src.base.trainer - INFO - epoch complete
2026-05-18 18:35:43,037 - src.base.trainer - INFO - evaluating now!
2026-05-18 18:35:43,629 - src.base.trainer - INFO - Epoch [125/250] (20034) train_mae: 2.6430, val_mae: 3.2415, lr: 0.000010, 6.0s
2026-05-18 18:35:43,630 - src.base.trainer - INFO - Val loss decrease from 3.2460 to 3.2415, saving to True
2026-05-18 18:35:49,021 - src.base.trainer - INFO - epoch complete
2026-05-18 18:35:49,021 - src.base.trainer - INFO - evaluating now!
2026-05-18 18:35:49,616 - src.base.trainer - INFO - Epoch [126/250] (20193) train_mae: 2.6396, val_mae: 3.2369, lr: 0.000010, 5.4s
2026-05-18 18:35:49,617 - src.base.trainer - INFO - Val loss decrease from 3.2415 to 3.2369, saving to True
2026-05-18 18:35:55,014 - src.base.trainer - INFO - epoch complete
2026-05-18 18:35:55,014 - src.base.trainer - INFO - evaluating now!
2026-05-18 18:35:55,613 - src.base.trainer - INFO - Epoch [127/250] (20352) train_mae: 2.6348, val_mae: 3.2323, lr: 0.000010, 5.4s
2026-05-18 18:35:55,615 - src.base.trainer - INFO - Val loss decrease from 3.2369 to 3.2323, saving to True
2026-05-18 18:35:57,832 - src.base.trainer - INFO - Epoch [128/250] (20400) train_mae: 2.6205, val_mae: 3.2320 
2026-05-18 18:35:57,834 - src.base.trainer - INFO - Val loss decrease from 3.2323 to 3.2320, saving to True
2026-05-18 18:36:01,606 - src.base.trainer - INFO - epoch complete
2026-05-18 18:36:01,606 - src.base.trainer - INFO - evaluating now!
2026-05-18 18:36:02,204 - src.base.trainer - INFO - Epoch [128/250] (20511) train_mae: 2.6307, val_mae: 3.2263, lr: 0.000010, 6.0s
2026-05-18 18:36:02,205 - src.base.trainer - INFO - Val loss decrease from 3.2320 to 3.2263, saving to True
2026-05-18 18:36:07,596 - src.base.trainer - INFO - epoch complete
2026-05-18 18:36:07,596 - src.base.trainer - INFO - evaluating now!
2026-05-18 18:36:08,193 - src.base.trainer - INFO - Epoch [129/250] (20670) train_mae: 2.6264, val_mae: 3.2219, lr: 0.000010, 5.4s
2026-05-18 18:36:08,194 - src.base.trainer - INFO - Val loss decrease from 3.2263 to 3.2219, saving to True
2026-05-18 18:36:13,237 - src.base.trainer - INFO - Epoch [130/250] (20800) train_mae: 2.6327, val_mae: 3.2183 
2026-05-18 18:36:13,238 - src.base.trainer - INFO - Val loss decrease from 3.2219 to 3.2183, saving to True
2026-05-18 18:36:14,208 - src.base.trainer - INFO - epoch complete
2026-05-18 18:36:14,208 - src.base.trainer - INFO - evaluating now!
2026-05-18 18:36:14,804 - src.base.trainer - INFO - Epoch [130/250] (20829) train_mae: 2.6235, val_mae: 3.2179, lr: 0.000010, 6.0s
2026-05-18 18:36:14,805 - src.base.trainer - INFO - Val loss decrease from 3.2183 to 3.2179, saving to True
2026-05-18 18:36:20,228 - src.base.trainer - INFO - epoch complete
2026-05-18 18:36:20,228 - src.base.trainer - INFO - evaluating now!
2026-05-18 18:36:20,830 - src.base.trainer - INFO - Epoch [131/250] (20988) train_mae: 2.6192, val_mae: 3.2130, lr: 0.000010, 5.4s
2026-05-18 18:36:20,831 - src.base.trainer - INFO - Val loss decrease from 3.2179 to 3.2130, saving to True
2026-05-18 18:36:26,256 - src.base.trainer - INFO - epoch complete
2026-05-18 18:36:26,256 - src.base.trainer - INFO - evaluating now!
2026-05-18 18:36:26,854 - src.base.trainer - INFO - Epoch [132/250] (21147) train_mae: 2.6156, val_mae: 3.2077, lr: 0.000010, 5.4s
2026-05-18 18:36:26,855 - src.base.trainer - INFO - Val loss decrease from 3.2130 to 3.2077, saving to True
2026-05-18 18:36:29,255 - src.base.trainer - INFO - Epoch [133/250] (21200) train_mae: 2.6380, val_mae: 3.2078 
2026-05-18 18:36:32,855 - src.base.trainer - INFO - epoch complete
2026-05-18 18:36:32,855 - src.base.trainer - INFO - evaluating now!
2026-05-18 18:36:33,448 - src.base.trainer - INFO - Epoch [133/250] (21306) train_mae: 2.6121, val_mae: 3.2029, lr: 0.000010, 6.0s
2026-05-18 18:36:33,450 - src.base.trainer - INFO - Val loss decrease from 3.2077 to 3.2029, saving to True
2026-05-18 18:36:38,854 - src.base.trainer - INFO - epoch complete
2026-05-18 18:36:38,854 - src.base.trainer - INFO - evaluating now!
2026-05-18 18:36:39,463 - src.base.trainer - INFO - Epoch [134/250] (21465) train_mae: 2.6084, val_mae: 3.1988, lr: 0.000010, 5.4s
2026-05-18 18:36:39,464 - src.base.trainer - INFO - Val loss decrease from 3.2029 to 3.1988, saving to True
2026-05-18 18:36:44,765 - src.base.trainer - INFO - Epoch [135/250] (21600) train_mae: 2.6060, val_mae: 3.1960 
2026-05-18 18:36:44,769 - src.base.trainer - INFO - Val loss decrease from 3.1988 to 3.1960, saving to True
2026-05-18 18:36:45,589 - src.base.trainer - INFO - epoch complete
2026-05-18 18:36:45,589 - src.base.trainer - INFO - evaluating now!
2026-05-18 18:36:46,186 - src.base.trainer - INFO - Epoch [135/250] (21624) train_mae: 2.6038, val_mae: 3.1953, lr: 0.000010, 6.1s
2026-05-18 18:36:46,188 - src.base.trainer - INFO - Val loss decrease from 3.1960 to 3.1953, saving to True
2026-05-18 18:36:51,616 - src.base.trainer - INFO - epoch complete
2026-05-18 18:36:51,616 - src.base.trainer - INFO - evaluating now!
2026-05-18 18:36:52,272 - src.base.trainer - INFO - Epoch [136/250] (21783) train_mae: 2.6009, val_mae: 3.1904, lr: 0.000010, 5.4s
2026-05-18 18:36:52,273 - src.base.trainer - INFO - Val loss decrease from 3.1953 to 3.1904, saving to True
2026-05-18 18:36:59,464 - src.base.trainer - INFO - epoch complete
2026-05-18 18:36:59,464 - src.base.trainer - INFO - evaluating now!
2026-05-18 18:37:00,231 - src.base.trainer - INFO - Epoch [137/250] (21942) train_mae: 2.5986, val_mae: 3.1865, lr: 0.000010, 7.2s
2026-05-18 18:37:00,232 - src.base.trainer - INFO - Val loss decrease from 3.1904 to 3.1865, saving to True
2026-05-18 18:37:02,885 - src.base.trainer - INFO - Epoch [138/250] (22000) train_mae: 2.5815, val_mae: 3.1857 
2026-05-18 18:37:02,886 - src.base.trainer - INFO - Val loss decrease from 3.1865 to 3.1857, saving to True
2026-05-18 18:37:06,337 - src.base.trainer - INFO - epoch complete
2026-05-18 18:37:06,338 - src.base.trainer - INFO - evaluating now!
2026-05-18 18:37:06,938 - src.base.trainer - INFO - Epoch [138/250] (22101) train_mae: 2.5931, val_mae: 3.1808, lr: 0.000010, 6.1s
2026-05-18 18:37:06,939 - src.base.trainer - INFO - Val loss decrease from 3.1857 to 3.1808, saving to True
2026-05-18 18:37:12,349 - src.base.trainer - INFO - epoch complete
2026-05-18 18:37:12,350 - src.base.trainer - INFO - evaluating now!
2026-05-18 18:37:12,972 - src.base.trainer - INFO - Epoch [139/250] (22260) train_mae: 2.5902, val_mae: 3.1780, lr: 0.000010, 5.4s
2026-05-18 18:37:12,974 - src.base.trainer - INFO - Val loss decrease from 3.1808 to 3.1780, saving to True
2026-05-18 18:37:18,342 - src.base.trainer - INFO - Epoch [140/250] (22400) train_mae: 2.5987, val_mae: 3.1730 
2026-05-18 18:37:18,343 - src.base.trainer - INFO - Val loss decrease from 3.1780 to 3.1730, saving to True
2026-05-18 18:37:18,975 - src.base.trainer - INFO - epoch complete
2026-05-18 18:37:18,975 - src.base.trainer - INFO - evaluating now!
2026-05-18 18:37:19,570 - src.base.trainer - INFO - Epoch [140/250] (22419) train_mae: 2.5868, val_mae: 3.1738, lr: 0.000010, 6.0s
2026-05-18 18:37:25,001 - src.base.trainer - INFO - epoch complete
2026-05-18 18:37:25,001 - src.base.trainer - INFO - evaluating now!
2026-05-18 18:37:25,615 - src.base.trainer - INFO - Epoch [141/250] (22578) train_mae: 2.5845, val_mae: 3.1693, lr: 0.000010, 5.4s
2026-05-18 18:37:25,616 - src.base.trainer - INFO - Val loss decrease from 3.1730 to 3.1693, saving to True
2026-05-18 18:37:31,262 - src.base.trainer - INFO - epoch complete
2026-05-18 18:37:31,264 - src.base.trainer - INFO - evaluating now!
2026-05-18 18:37:31,862 - src.base.trainer - INFO - Epoch [142/250] (22737) train_mae: 2.5815, val_mae: 3.1654, lr: 0.000010, 5.6s
2026-05-18 18:37:31,864 - src.base.trainer - INFO - Val loss decrease from 3.1693 to 3.1654, saving to True
2026-05-18 18:37:34,609 - src.base.trainer - INFO - Epoch [143/250] (22800) train_mae: 2.5466, val_mae: 3.1645 
2026-05-18 18:37:34,610 - src.base.trainer - INFO - Val loss decrease from 3.1654 to 3.1645, saving to True
2026-05-18 18:37:37,917 - src.base.trainer - INFO - epoch complete
2026-05-18 18:37:37,920 - src.base.trainer - INFO - evaluating now!
2026-05-18 18:37:38,574 - src.base.trainer - INFO - Epoch [143/250] (22896) train_mae: 2.5769, val_mae: 3.1623, lr: 0.000010, 6.1s
2026-05-18 18:37:38,576 - src.base.trainer - INFO - Val loss decrease from 3.1645 to 3.1623, saving to True
2026-05-18 18:37:44,191 - src.base.trainer - INFO - epoch complete
2026-05-18 18:37:44,191 - src.base.trainer - INFO - evaluating now!
2026-05-18 18:37:44,844 - src.base.trainer - INFO - Epoch [144/250] (23055) train_mae: 2.5755, val_mae: 3.1578, lr: 0.000010, 5.6s
2026-05-18 18:37:44,845 - src.base.trainer - INFO - Val loss decrease from 3.1623 to 3.1578, saving to True
2026-05-18 18:37:50,382 - src.base.trainer - INFO - Epoch [145/250] (23200) train_mae: 2.5860, val_mae: 3.1547 
2026-05-18 18:37:50,384 - src.base.trainer - INFO - Val loss decrease from 3.1578 to 3.1547, saving to True
2026-05-18 18:37:50,855 - src.base.trainer - INFO - epoch complete
2026-05-18 18:37:50,855 - src.base.trainer - INFO - evaluating now!
2026-05-18 18:37:51,451 - src.base.trainer - INFO - Epoch [145/250] (23214) train_mae: 2.5719, val_mae: 3.1545, lr: 0.000010, 6.0s
2026-05-18 18:37:51,452 - src.base.trainer - INFO - Val loss decrease from 3.1547 to 3.1545, saving to True
2026-05-18 18:37:56,886 - src.base.trainer - INFO - epoch complete
2026-05-18 18:37:56,886 - src.base.trainer - INFO - evaluating now!
2026-05-18 18:37:57,493 - src.base.trainer - INFO - Epoch [146/250] (23373) train_mae: 2.5696, val_mae: 3.1516, lr: 0.000010, 5.4s
2026-05-18 18:37:57,494 - src.base.trainer - INFO - Val loss decrease from 3.1545 to 3.1516, saving to True
2026-05-18 18:38:02,942 - src.base.trainer - INFO - epoch complete
2026-05-18 18:38:02,942 - src.base.trainer - INFO - evaluating now!
2026-05-18 18:38:03,574 - src.base.trainer - INFO - Epoch [147/250] (23532) train_mae: 2.5671, val_mae: 3.1473, lr: 0.000010, 5.4s
2026-05-18 18:38:03,576 - src.base.trainer - INFO - Val loss decrease from 3.1516 to 3.1473, saving to True
2026-05-18 18:38:06,500 - src.base.trainer - INFO - Epoch [148/250] (23600) train_mae: 2.5904, val_mae: 3.1451 
2026-05-18 18:38:06,501 - src.base.trainer - INFO - Val loss decrease from 3.1473 to 3.1451, saving to True
2026-05-18 18:38:09,636 - src.base.trainer - INFO - epoch complete
2026-05-18 18:38:09,636 - src.base.trainer - INFO - evaluating now!
2026-05-18 18:38:10,233 - src.base.trainer - INFO - Epoch [148/250] (23691) train_mae: 2.5649, val_mae: 3.1450, lr: 0.000010, 6.1s
2026-05-18 18:38:10,234 - src.base.trainer - INFO - Val loss decrease from 3.1451 to 3.1450, saving to True
2026-05-18 18:38:15,693 - src.base.trainer - INFO - epoch complete
2026-05-18 18:38:15,695 - src.base.trainer - INFO - evaluating now!
2026-05-18 18:38:16,325 - src.base.trainer - INFO - Epoch [149/250] (23850) train_mae: 2.5617, val_mae: 3.1410, lr: 0.000010, 5.5s
2026-05-18 18:38:16,326 - src.base.trainer - INFO - Val loss decrease from 3.1450 to 3.1410, saving to True
2026-05-18 18:38:22,765 - src.base.trainer - INFO - Epoch [150/250] (24000) train_mae: 2.5627, val_mae: 3.1371 
2026-05-18 18:38:22,769 - src.base.trainer - INFO - Val loss decrease from 3.1410 to 3.1371, saving to True
2026-05-18 18:38:23,081 - src.base.trainer - INFO - epoch complete
2026-05-18 18:38:23,081 - src.base.trainer - INFO - evaluating now!
2026-05-18 18:38:23,684 - src.base.trainer - INFO - Epoch [150/250] (24009) train_mae: 2.5581, val_mae: 3.1364, lr: 0.000010, 6.8s
2026-05-18 18:38:23,685 - src.base.trainer - INFO - Val loss decrease from 3.1371 to 3.1364, saving to True
2026-05-18 18:38:29,199 - src.base.trainer - INFO - epoch complete
2026-05-18 18:38:29,199 - src.base.trainer - INFO - evaluating now!
2026-05-18 18:38:29,811 - src.base.trainer - INFO - Epoch [151/250] (24168) train_mae: 2.5560, val_mae: 3.1336, lr: 0.000010, 5.5s
2026-05-18 18:38:29,813 - src.base.trainer - INFO - Val loss decrease from 3.1364 to 3.1336, saving to True
2026-05-18 18:38:35,290 - src.base.trainer - INFO - epoch complete
2026-05-18 18:38:35,290 - src.base.trainer - INFO - evaluating now!
2026-05-18 18:38:35,900 - src.base.trainer - INFO - Epoch [152/250] (24327) train_mae: 2.5522, val_mae: 3.1309, lr: 0.000010, 5.5s
2026-05-18 18:38:35,902 - src.base.trainer - INFO - Val loss decrease from 3.1336 to 3.1309, saving to True
2026-05-18 18:38:39,045 - src.base.trainer - INFO - Epoch [153/250] (24400) train_mae: 2.5009, val_mae: 3.1289 
2026-05-18 18:38:39,046 - src.base.trainer - INFO - Val loss decrease from 3.1309 to 3.1289, saving to True
2026-05-18 18:38:41,996 - src.base.trainer - INFO - epoch complete
2026-05-18 18:38:41,996 - src.base.trainer - INFO - evaluating now!
2026-05-18 18:38:42,597 - src.base.trainer - INFO - Epoch [153/250] (24486) train_mae: 2.5494, val_mae: 3.1271, lr: 0.000010, 6.1s
2026-05-18 18:38:42,598 - src.base.trainer - INFO - Val loss decrease from 3.1289 to 3.1271, saving to True
2026-05-18 18:38:48,099 - src.base.trainer - INFO - epoch complete
2026-05-18 18:38:48,101 - src.base.trainer - INFO - evaluating now!
2026-05-18 18:38:48,698 - src.base.trainer - INFO - Epoch [154/250] (24645) train_mae: 2.5485, val_mae: 3.1238, lr: 0.000010, 5.5s
2026-05-18 18:38:48,699 - src.base.trainer - INFO - Val loss decrease from 3.1271 to 3.1238, saving to True
2026-05-18 18:38:54,624 - src.base.trainer - INFO - Epoch [155/250] (24800) train_mae: 2.5473, val_mae: 3.1212 
2026-05-18 18:38:54,625 - src.base.trainer - INFO - Val loss decrease from 3.1238 to 3.1212, saving to True
2026-05-18 18:38:54,751 - src.base.trainer - INFO - epoch complete
2026-05-18 18:38:54,751 - src.base.trainer - INFO - evaluating now!
2026-05-18 18:38:55,343 - src.base.trainer - INFO - Epoch [155/250] (24804) train_mae: 2.5443, val_mae: 3.1214, lr: 0.000010, 6.1s
2026-05-18 18:39:01,072 - src.base.trainer - INFO - epoch complete
2026-05-18 18:39:01,075 - src.base.trainer - INFO - evaluating now!
2026-05-18 18:39:01,679 - src.base.trainer - INFO - Epoch [156/250] (24963) train_mae: 2.5432, val_mae: 3.1182, lr: 0.000010, 5.7s
2026-05-18 18:39:01,681 - src.base.trainer - INFO - Val loss decrease from 3.1212 to 3.1182, saving to True
2026-05-18 18:39:07,209 - src.base.trainer - INFO - epoch complete
2026-05-18 18:39:07,209 - src.base.trainer - INFO - evaluating now!
2026-05-18 18:39:07,811 - src.base.trainer - INFO - Epoch [157/250] (25122) train_mae: 2.5406, val_mae: 3.1146, lr: 0.000010, 5.5s
2026-05-18 18:39:07,812 - src.base.trainer - INFO - Val loss decrease from 3.1182 to 3.1146, saving to True
2026-05-18 18:39:11,070 - src.base.trainer - INFO - Epoch [158/250] (25200) train_mae: 2.5566, val_mae: 3.1137 
2026-05-18 18:39:11,071 - src.base.trainer - INFO - Val loss decrease from 3.1146 to 3.1137, saving to True
2026-05-18 18:39:13,817 - src.base.trainer - INFO - epoch complete
2026-05-18 18:39:13,817 - src.base.trainer - INFO - evaluating now!
2026-05-18 18:39:14,415 - src.base.trainer - INFO - Epoch [158/250] (25281) train_mae: 2.5385, val_mae: 3.1124, lr: 0.000010, 6.0s
2026-05-18 18:39:14,416 - src.base.trainer - INFO - Val loss decrease from 3.1137 to 3.1124, saving to True
2026-05-18 18:39:19,876 - src.base.trainer - INFO - epoch complete
2026-05-18 18:39:19,878 - src.base.trainer - INFO - evaluating now!
2026-05-18 18:39:20,472 - src.base.trainer - INFO - Epoch [159/250] (25440) train_mae: 2.5351, val_mae: 3.1087, lr: 0.000010, 5.5s
2026-05-18 18:39:20,474 - src.base.trainer - INFO - Val loss decrease from 3.1124 to 3.1087, saving to True
2026-05-18 18:39:25,875 - src.base.trainer - INFO - epoch complete
2026-05-18 18:39:25,875 - src.base.trainer - INFO - evaluating now!
2026-05-18 18:39:26,480 - src.base.trainer - INFO - Epoch [160/250] (25599) train_mae: 2.5330, val_mae: 3.1071, lr: 0.000010, 5.4s
2026-05-18 18:39:26,482 - src.base.trainer - INFO - Val loss decrease from 3.1087 to 3.1071, saving to True
2026-05-18 18:39:27,109 - src.base.trainer - INFO - Epoch [161/250] (25600) train_mae: 2.3908, val_mae: 3.1069 
2026-05-18 18:39:27,110 - src.base.trainer - INFO - Val loss decrease from 3.1071 to 3.1069, saving to True
2026-05-18 18:39:32,529 - src.base.trainer - INFO - epoch complete
2026-05-18 18:39:32,529 - src.base.trainer - INFO - evaluating now!
2026-05-18 18:39:33,125 - src.base.trainer - INFO - Epoch [161/250] (25758) train_mae: 2.5297, val_mae: 3.1034, lr: 0.000010, 6.0s
2026-05-18 18:39:33,126 - src.base.trainer - INFO - Val loss decrease from 3.1069 to 3.1034, saving to True
2026-05-18 18:39:38,622 - src.base.trainer - INFO - epoch complete
2026-05-18 18:39:38,622 - src.base.trainer - INFO - evaluating now!
2026-05-18 18:39:39,221 - src.base.trainer - INFO - Epoch [162/250] (25917) train_mae: 2.5292, val_mae: 3.1017, lr: 0.000010, 5.5s
2026-05-18 18:39:39,222 - src.base.trainer - INFO - Val loss decrease from 3.1034 to 3.1017, saving to True
2026-05-18 18:39:42,680 - src.base.trainer - INFO - Epoch [163/250] (26000) train_mae: 2.5011, val_mae: 3.0993 
2026-05-18 18:39:42,681 - src.base.trainer - INFO - Val loss decrease from 3.1017 to 3.0993, saving to True
2026-05-18 18:39:45,266 - src.base.trainer - INFO - epoch complete
2026-05-18 18:39:45,269 - src.base.trainer - INFO - evaluating now!
2026-05-18 18:39:45,864 - src.base.trainer - INFO - Epoch [163/250] (26076) train_mae: 2.5261, val_mae: 3.0981, lr: 0.000010, 6.0s
2026-05-18 18:39:45,865 - src.base.trainer - INFO - Val loss decrease from 3.0993 to 3.0981, saving to True
2026-05-18 18:39:51,313 - src.base.trainer - INFO - epoch complete
2026-05-18 18:39:51,313 - src.base.trainer - INFO - evaluating now!
2026-05-18 18:39:51,911 - src.base.trainer - INFO - Epoch [164/250] (26235) train_mae: 2.5227, val_mae: 3.0957, lr: 0.000010, 5.4s
2026-05-18 18:39:51,913 - src.base.trainer - INFO - Val loss decrease from 3.0981 to 3.0957, saving to True
2026-05-18 18:39:57,316 - src.base.trainer - INFO - epoch complete
2026-05-18 18:39:57,318 - src.base.trainer - INFO - evaluating now!
2026-05-18 18:39:57,913 - src.base.trainer - INFO - Epoch [165/250] (26394) train_mae: 2.5217, val_mae: 3.0920, lr: 0.000010, 5.4s
2026-05-18 18:39:57,914 - src.base.trainer - INFO - Val loss decrease from 3.0957 to 3.0920, saving to True
2026-05-18 18:39:58,707 - src.base.trainer - INFO - Epoch [166/250] (26400) train_mae: 2.6462, val_mae: 3.0917 
2026-05-18 18:39:58,708 - src.base.trainer - INFO - Val loss decrease from 3.0920 to 3.0917, saving to True
2026-05-18 18:40:03,911 - src.base.trainer - INFO - epoch complete
2026-05-18 18:40:03,911 - src.base.trainer - INFO - evaluating now!
2026-05-18 18:40:04,515 - src.base.trainer - INFO - Epoch [166/250] (26553) train_mae: 2.5200, val_mae: 3.0899, lr: 0.000010, 6.0s
2026-05-18 18:40:04,517 - src.base.trainer - INFO - Val loss decrease from 3.0917 to 3.0899, saving to True
2026-05-18 18:40:09,925 - src.base.trainer - INFO - epoch complete
2026-05-18 18:40:09,925 - src.base.trainer - INFO - evaluating now!
2026-05-18 18:40:10,518 - src.base.trainer - INFO - Epoch [167/250] (26712) train_mae: 2.5173, val_mae: 3.0874, lr: 0.000010, 5.4s
2026-05-18 18:40:10,519 - src.base.trainer - INFO - Val loss decrease from 3.0899 to 3.0874, saving to True
2026-05-18 18:40:14,110 - src.base.trainer - INFO - Epoch [168/250] (26800) train_mae: 2.5384, val_mae: 3.0864 
2026-05-18 18:40:14,111 - src.base.trainer - INFO - Val loss decrease from 3.0874 to 3.0864, saving to True
2026-05-18 18:40:16,525 - src.base.trainer - INFO - epoch complete
2026-05-18 18:40:16,525 - src.base.trainer - INFO - evaluating now!
2026-05-18 18:40:17,125 - src.base.trainer - INFO - Epoch [168/250] (26871) train_mae: 2.5157, val_mae: 3.0850, lr: 0.000010, 6.0s
2026-05-18 18:40:17,126 - src.base.trainer - INFO - Val loss decrease from 3.0864 to 3.0850, saving to True
2026-05-18 18:40:22,543 - src.base.trainer - INFO - epoch complete
2026-05-18 18:40:22,543 - src.base.trainer - INFO - evaluating now!
2026-05-18 18:40:23,140 - src.base.trainer - INFO - Epoch [169/250] (27030) train_mae: 2.5140, val_mae: 3.0819, lr: 0.000010, 5.4s
2026-05-18 18:40:23,141 - src.base.trainer - INFO - Val loss decrease from 3.0850 to 3.0819, saving to True
2026-05-18 18:40:28,541 - src.base.trainer - INFO - epoch complete
2026-05-18 18:40:28,541 - src.base.trainer - INFO - evaluating now!
2026-05-18 18:40:29,136 - src.base.trainer - INFO - Epoch [170/250] (27189) train_mae: 2.5129, val_mae: 3.0792, lr: 0.000010, 5.4s
2026-05-18 18:40:29,138 - src.base.trainer - INFO - Val loss decrease from 3.0819 to 3.0792, saving to True
2026-05-18 18:40:30,102 - src.base.trainer - INFO - Epoch [171/250] (27200) train_mae: 2.5811, val_mae: 3.0790 
2026-05-18 18:40:30,103 - src.base.trainer - INFO - Val loss decrease from 3.0792 to 3.0790, saving to True
2026-05-18 18:40:35,202 - src.base.trainer - INFO - epoch complete
2026-05-18 18:40:35,202 - src.base.trainer - INFO - evaluating now!
2026-05-18 18:40:35,800 - src.base.trainer - INFO - Epoch [171/250] (27348) train_mae: 2.5097, val_mae: 3.0779, lr: 0.000010, 6.1s
2026-05-18 18:40:35,801 - src.base.trainer - INFO - Val loss decrease from 3.0790 to 3.0779, saving to True
2026-05-18 18:40:41,225 - src.base.trainer - INFO - epoch complete
2026-05-18 18:40:41,225 - src.base.trainer - INFO - evaluating now!
2026-05-18 18:40:41,821 - src.base.trainer - INFO - Epoch [172/250] (27507) train_mae: 2.5075, val_mae: 3.0758, lr: 0.000010, 5.4s
2026-05-18 18:40:41,822 - src.base.trainer - INFO - Val loss decrease from 3.0779 to 3.0758, saving to True
2026-05-18 18:40:45,610 - src.base.trainer - INFO - Epoch [173/250] (27600) train_mae: 2.4972, val_mae: 3.0736 
2026-05-18 18:40:45,611 - src.base.trainer - INFO - Val loss decrease from 3.0758 to 3.0736, saving to True
2026-05-18 18:40:47,873 - src.base.trainer - INFO - epoch complete
2026-05-18 18:40:47,873 - src.base.trainer - INFO - evaluating now!
2026-05-18 18:40:48,470 - src.base.trainer - INFO - Epoch [173/250] (27666) train_mae: 2.5063, val_mae: 3.0723, lr: 0.000010, 6.1s
2026-05-18 18:40:48,471 - src.base.trainer - INFO - Val loss decrease from 3.0736 to 3.0723, saving to True
2026-05-18 18:40:53,915 - src.base.trainer - INFO - epoch complete
2026-05-18 18:40:53,915 - src.base.trainer - INFO - evaluating now!
2026-05-18 18:40:54,587 - src.base.trainer - INFO - Epoch [174/250] (27825) train_mae: 2.5035, val_mae: 3.0698, lr: 0.000010, 5.4s
2026-05-18 18:40:54,588 - src.base.trainer - INFO - Val loss decrease from 3.0723 to 3.0698, saving to True
2026-05-18 18:41:00,024 - src.base.trainer - INFO - epoch complete
2026-05-18 18:41:00,024 - src.base.trainer - INFO - evaluating now!
2026-05-18 18:41:00,628 - src.base.trainer - INFO - Epoch [175/250] (27984) train_mae: 2.5016, val_mae: 3.0682, lr: 0.000010, 5.4s
2026-05-18 18:41:00,630 - src.base.trainer - INFO - Val loss decrease from 3.0698 to 3.0682, saving to True
2026-05-18 18:41:01,779 - src.base.trainer - INFO - Epoch [176/250] (28000) train_mae: 2.3682, val_mae: 3.0682 
2026-05-18 18:41:06,650 - src.base.trainer - INFO - epoch complete
2026-05-18 18:41:06,650 - src.base.trainer - INFO - evaluating now!
2026-05-18 18:41:07,246 - src.base.trainer - INFO - Epoch [176/250] (28143) train_mae: 2.5000, val_mae: 3.0661, lr: 0.000010, 6.0s
2026-05-18 18:41:07,247 - src.base.trainer - INFO - Val loss decrease from 3.0682 to 3.0661, saving to True
2026-05-18 18:41:12,671 - src.base.trainer - INFO - epoch complete
2026-05-18 18:41:12,671 - src.base.trainer - INFO - evaluating now!
2026-05-18 18:41:13,267 - src.base.trainer - INFO - Epoch [177/250] (28302) train_mae: 2.4988, val_mae: 3.0630, lr: 0.000010, 5.4s
2026-05-18 18:41:13,268 - src.base.trainer - INFO - Val loss decrease from 3.0661 to 3.0630, saving to True
2026-05-18 18:41:17,216 - src.base.trainer - INFO - Epoch [178/250] (28400) train_mae: 2.5291, val_mae: 3.0620 
2026-05-18 18:41:17,217 - src.base.trainer - INFO - Val loss decrease from 3.0630 to 3.0620, saving to True
2026-05-18 18:41:19,285 - src.base.trainer - INFO - epoch complete
2026-05-18 18:41:19,287 - src.base.trainer - INFO - evaluating now!
2026-05-18 18:41:19,884 - src.base.trainer - INFO - Epoch [178/250] (28461) train_mae: 2.4976, val_mae: 3.0607, lr: 0.000010, 6.0s
2026-05-18 18:41:19,885 - src.base.trainer - INFO - Val loss decrease from 3.0620 to 3.0607, saving to True
2026-05-18 18:41:25,308 - src.base.trainer - INFO - epoch complete
2026-05-18 18:41:25,309 - src.base.trainer - INFO - evaluating now!
2026-05-18 18:41:25,904 - src.base.trainer - INFO - Epoch [179/250] (28620) train_mae: 2.4953, val_mae: 3.0593, lr: 0.000010, 5.4s
2026-05-18 18:41:25,905 - src.base.trainer - INFO - Val loss decrease from 3.0607 to 3.0593, saving to True
2026-05-18 18:41:31,301 - src.base.trainer - INFO - epoch complete
2026-05-18 18:41:31,302 - src.base.trainer - INFO - evaluating now!
2026-05-18 18:41:31,907 - src.base.trainer - INFO - Epoch [180/250] (28779) train_mae: 2.4943, val_mae: 3.0573, lr: 0.000010, 5.4s
2026-05-18 18:41:31,908 - src.base.trainer - INFO - Val loss decrease from 3.0593 to 3.0573, saving to True
2026-05-18 18:41:33,218 - src.base.trainer - INFO - Epoch [181/250] (28800) train_mae: 2.5434, val_mae: 3.0579 
2026-05-18 18:41:37,921 - src.base.trainer - INFO - epoch complete
2026-05-18 18:41:37,921 - src.base.trainer - INFO - evaluating now!
2026-05-18 18:41:38,517 - src.base.trainer - INFO - Epoch [181/250] (28938) train_mae: 2.4911, val_mae: 3.0554, lr: 0.000010, 6.0s
2026-05-18 18:41:38,519 - src.base.trainer - INFO - Val loss decrease from 3.0573 to 3.0554, saving to True
2026-05-18 18:41:43,989 - src.base.trainer - INFO - epoch complete
2026-05-18 18:41:43,992 - src.base.trainer - INFO - evaluating now!
2026-05-18 18:41:44,590 - src.base.trainer - INFO - Epoch [182/250] (29097) train_mae: 2.4900, val_mae: 3.0529, lr: 0.000010, 5.5s
2026-05-18 18:41:44,591 - src.base.trainer - INFO - Val loss decrease from 3.0554 to 3.0529, saving to True
2026-05-18 18:41:48,728 - src.base.trainer - INFO - Epoch [183/250] (29200) train_mae: 2.4911, val_mae: 3.0512 
2026-05-18 18:41:48,729 - src.base.trainer - INFO - Val loss decrease from 3.0529 to 3.0512, saving to True
2026-05-18 18:41:50,647 - src.base.trainer - INFO - epoch complete
2026-05-18 18:41:50,647 - src.base.trainer - INFO - evaluating now!
2026-05-18 18:41:51,278 - src.base.trainer - INFO - Epoch [183/250] (29256) train_mae: 2.4893, val_mae: 3.0509, lr: 0.000010, 6.1s
2026-05-18 18:41:51,281 - src.base.trainer - INFO - Val loss decrease from 3.0512 to 3.0509, saving to True
2026-05-18 18:41:56,787 - src.base.trainer - INFO - epoch complete
2026-05-18 18:41:56,788 - src.base.trainer - INFO - evaluating now!
2026-05-18 18:41:57,384 - src.base.trainer - INFO - Epoch [184/250] (29415) train_mae: 2.4875, val_mae: 3.0486, lr: 0.000010, 5.5s
2026-05-18 18:41:57,385 - src.base.trainer - INFO - Val loss decrease from 3.0509 to 3.0486, saving to True
2026-05-18 18:42:02,821 - src.base.trainer - INFO - epoch complete
2026-05-18 18:42:02,821 - src.base.trainer - INFO - evaluating now!
2026-05-18 18:42:03,420 - src.base.trainer - INFO - Epoch [185/250] (29574) train_mae: 2.4858, val_mae: 3.0479, lr: 0.000010, 5.4s
2026-05-18 18:42:03,422 - src.base.trainer - INFO - Val loss decrease from 3.0486 to 3.0479, saving to True
2026-05-18 18:42:04,887 - src.base.trainer - INFO - Epoch [186/250] (29600) train_mae: 2.5799, val_mae: 3.0474 
2026-05-18 18:42:04,888 - src.base.trainer - INFO - Val loss decrease from 3.0479 to 3.0474, saving to True
2026-05-18 18:42:09,414 - src.base.trainer - INFO - epoch complete
2026-05-18 18:42:09,414 - src.base.trainer - INFO - evaluating now!
2026-05-18 18:42:10,017 - src.base.trainer - INFO - Epoch [186/250] (29733) train_mae: 2.4840, val_mae: 3.0455, lr: 0.000010, 6.0s
2026-05-18 18:42:10,019 - src.base.trainer - INFO - Val loss decrease from 3.0474 to 3.0455, saving to True
2026-05-18 18:42:15,453 - src.base.trainer - INFO - epoch complete
2026-05-18 18:42:15,454 - src.base.trainer - INFO - evaluating now!
2026-05-18 18:42:16,052 - src.base.trainer - INFO - Epoch [187/250] (29892) train_mae: 2.4834, val_mae: 3.0422, lr: 0.000010, 5.4s
2026-05-18 18:42:16,053 - src.base.trainer - INFO - Val loss decrease from 3.0455 to 3.0422, saving to True
2026-05-18 18:42:20,434 - src.base.trainer - INFO - Epoch [188/250] (30000) train_mae: 2.4721, val_mae: 3.0412 
2026-05-18 18:42:20,436 - src.base.trainer - INFO - Val loss decrease from 3.0422 to 3.0412, saving to True
2026-05-18 18:42:22,236 - src.base.trainer - INFO - epoch complete
2026-05-18 18:42:22,236 - src.base.trainer - INFO - evaluating now!
2026-05-18 18:42:22,833 - src.base.trainer - INFO - Epoch [188/250] (30051) train_mae: 2.4805, val_mae: 3.0419, lr: 0.000010, 6.2s
2026-05-18 18:42:28,346 - src.base.trainer - INFO - epoch complete
2026-05-18 18:42:28,346 - src.base.trainer - INFO - evaluating now!
2026-05-18 18:42:28,951 - src.base.trainer - INFO - Epoch [189/250] (30210) train_mae: 2.4805, val_mae: 3.0397, lr: 0.000010, 5.5s
2026-05-18 18:42:28,952 - src.base.trainer - INFO - Val loss decrease from 3.0412 to 3.0397, saving to True
2026-05-18 18:42:34,464 - src.base.trainer - INFO - epoch complete
2026-05-18 18:42:34,464 - src.base.trainer - INFO - evaluating now!
2026-05-18 18:42:35,063 - src.base.trainer - INFO - Epoch [190/250] (30369) train_mae: 2.4784, val_mae: 3.0375, lr: 0.000010, 5.5s
2026-05-18 18:42:35,064 - src.base.trainer - INFO - Val loss decrease from 3.0397 to 3.0375, saving to True
2026-05-18 18:42:36,720 - src.base.trainer - INFO - Epoch [191/250] (30400) train_mae: 2.5614, val_mae: 3.0372 
2026-05-18 18:42:36,721 - src.base.trainer - INFO - Val loss decrease from 3.0375 to 3.0372, saving to True
2026-05-18 18:42:41,156 - src.base.trainer - INFO - epoch complete
2026-05-18 18:42:41,156 - src.base.trainer - INFO - evaluating now!
2026-05-18 18:42:41,849 - src.base.trainer - INFO - Epoch [191/250] (30528) train_mae: 2.4761, val_mae: 3.0359, lr: 0.000010, 6.1s
2026-05-18 18:42:41,850 - src.base.trainer - INFO - Val loss decrease from 3.0372 to 3.0359, saving to True
2026-05-18 18:42:47,289 - src.base.trainer - INFO - epoch complete
2026-05-18 18:42:47,289 - src.base.trainer - INFO - evaluating now!
2026-05-18 18:42:47,884 - src.base.trainer - INFO - Epoch [192/250] (30687) train_mae: 2.4739, val_mae: 3.0334, lr: 0.000010, 5.4s
2026-05-18 18:42:47,885 - src.base.trainer - INFO - Val loss decrease from 3.0359 to 3.0334, saving to True
2026-05-18 18:42:52,417 - src.base.trainer - INFO - Epoch [193/250] (30800) train_mae: 2.4703, val_mae: 3.0332 
2026-05-18 18:42:52,418 - src.base.trainer - INFO - Val loss decrease from 3.0334 to 3.0332, saving to True
2026-05-18 18:42:54,018 - src.base.trainer - INFO - epoch complete
2026-05-18 18:42:54,020 - src.base.trainer - INFO - evaluating now!
2026-05-18 18:42:54,719 - src.base.trainer - INFO - Epoch [193/250] (30846) train_mae: 2.4735, val_mae: 3.0310, lr: 0.000010, 6.1s
2026-05-18 18:42:54,720 - src.base.trainer - INFO - Val loss decrease from 3.0332 to 3.0310, saving to True
2026-05-18 18:43:00,625 - src.base.trainer - INFO - epoch complete
2026-05-18 18:43:00,625 - src.base.trainer - INFO - evaluating now!
2026-05-18 18:43:01,248 - src.base.trainer - INFO - Epoch [194/250] (31005) train_mae: 2.4717, val_mae: 3.0298, lr: 0.000010, 5.9s
2026-05-18 18:43:01,250 - src.base.trainer - INFO - Val loss decrease from 3.0310 to 3.0298, saving to True
2026-05-18 18:43:06,853 - src.base.trainer - INFO - epoch complete
2026-05-18 18:43:06,853 - src.base.trainer - INFO - evaluating now!
2026-05-18 18:43:07,453 - src.base.trainer - INFO - Epoch [195/250] (31164) train_mae: 2.4703, val_mae: 3.0280, lr: 0.000010, 5.6s
2026-05-18 18:43:07,454 - src.base.trainer - INFO - Val loss decrease from 3.0298 to 3.0280, saving to True
2026-05-18 18:43:09,286 - src.base.trainer - INFO - Epoch [196/250] (31200) train_mae: 2.4034, val_mae: 3.0268 
2026-05-18 18:43:09,287 - src.base.trainer - INFO - Val loss decrease from 3.0280 to 3.0268, saving to True
2026-05-18 18:43:13,526 - src.base.trainer - INFO - epoch complete
2026-05-18 18:43:13,526 - src.base.trainer - INFO - evaluating now!
2026-05-18 18:43:14,127 - src.base.trainer - INFO - Epoch [196/250] (31323) train_mae: 2.4702, val_mae: 3.0262, lr: 0.000010, 6.1s
2026-05-18 18:43:14,129 - src.base.trainer - INFO - Val loss decrease from 3.0268 to 3.0262, saving to True
2026-05-18 18:43:19,583 - src.base.trainer - INFO - epoch complete
2026-05-18 18:43:19,583 - src.base.trainer - INFO - evaluating now!
2026-05-18 18:43:20,183 - src.base.trainer - INFO - Epoch [197/250] (31482) train_mae: 2.4678, val_mae: 3.0244, lr: 0.000010, 5.5s
2026-05-18 18:43:20,184 - src.base.trainer - INFO - Val loss decrease from 3.0262 to 3.0244, saving to True
2026-05-18 18:43:24,863 - src.base.trainer - INFO - Epoch [198/250] (31600) train_mae: 2.4513, val_mae: 3.0230 
2026-05-18 18:43:24,865 - src.base.trainer - INFO - Val loss decrease from 3.0244 to 3.0230, saving to True
2026-05-18 18:43:26,280 - src.base.trainer - INFO - epoch complete
2026-05-18 18:43:26,280 - src.base.trainer - INFO - evaluating now!
2026-05-18 18:43:26,897 - src.base.trainer - INFO - Epoch [198/250] (31641) train_mae: 2.4669, val_mae: 3.0234, lr: 0.000010, 6.1s
2026-05-18 18:43:32,428 - src.base.trainer - INFO - epoch complete
2026-05-18 18:43:32,430 - src.base.trainer - INFO - evaluating now!
2026-05-18 18:43:33,034 - src.base.trainer - INFO - Epoch [199/250] (31800) train_mae: 2.4645, val_mae: 3.0223, lr: 0.000010, 5.5s
2026-05-18 18:43:33,036 - src.base.trainer - INFO - Val loss decrease from 3.0230 to 3.0223, saving to True
2026-05-18 18:43:38,484 - src.base.trainer - INFO - epoch complete
2026-05-18 18:43:38,485 - src.base.trainer - INFO - evaluating now!
2026-05-18 18:43:39,083 - src.base.trainer - INFO - Epoch [200/250] (31959) train_mae: 2.4646, val_mae: 3.0207, lr: 0.000010, 5.4s
2026-05-18 18:43:39,084 - src.base.trainer - INFO - Val loss decrease from 3.0223 to 3.0207, saving to True
2026-05-18 18:43:41,088 - src.base.trainer - INFO - Epoch [201/250] (32000) train_mae: 2.4517, val_mae: 3.0204 
2026-05-18 18:43:41,089 - src.base.trainer - INFO - Val loss decrease from 3.0207 to 3.0204, saving to True
2026-05-18 18:43:45,148 - src.base.trainer - INFO - epoch complete
2026-05-18 18:43:45,150 - src.base.trainer - INFO - evaluating now!
2026-05-18 18:43:45,750 - src.base.trainer - INFO - Epoch [201/250] (32118) train_mae: 2.4623, val_mae: 3.0185, lr: 0.000010, 6.1s
2026-05-18 18:43:45,751 - src.base.trainer - INFO - Val loss decrease from 3.0204 to 3.0185, saving to True
2026-05-18 18:43:51,282 - src.base.trainer - INFO - epoch complete
2026-05-18 18:43:51,282 - src.base.trainer - INFO - evaluating now!
2026-05-18 18:43:51,925 - src.base.trainer - INFO - Epoch [202/250] (32277) train_mae: 2.4619, val_mae: 3.0167, lr: 0.000010, 5.5s
2026-05-18 18:43:51,926 - src.base.trainer - INFO - Val loss decrease from 3.0185 to 3.0167, saving to True
2026-05-18 18:43:56,858 - src.base.trainer - INFO - Epoch [203/250] (32400) train_mae: 2.4635, val_mae: 3.0160 
2026-05-18 18:43:56,862 - src.base.trainer - INFO - Val loss decrease from 3.0167 to 3.0160, saving to True
2026-05-18 18:43:58,107 - src.base.trainer - INFO - epoch complete
2026-05-18 18:43:58,107 - src.base.trainer - INFO - evaluating now!
2026-05-18 18:43:58,710 - src.base.trainer - INFO - Epoch [203/250] (32436) train_mae: 2.4606, val_mae: 3.0153, lr: 0.000010, 6.2s
2026-05-18 18:43:58,713 - src.base.trainer - INFO - Val loss decrease from 3.0160 to 3.0153, saving to True
2026-05-18 18:44:04,230 - src.base.trainer - INFO - epoch complete
2026-05-18 18:44:04,230 - src.base.trainer - INFO - evaluating now!
2026-05-18 18:44:04,831 - src.base.trainer - INFO - Epoch [204/250] (32595) train_mae: 2.4593, val_mae: 3.0130, lr: 0.000010, 5.5s
2026-05-18 18:44:04,837 - src.base.trainer - INFO - Val loss decrease from 3.0153 to 3.0130, saving to True
2026-05-18 18:44:10,328 - src.base.trainer - INFO - epoch complete
2026-05-18 18:44:10,328 - src.base.trainer - INFO - evaluating now!
2026-05-18 18:44:10,998 - src.base.trainer - INFO - Epoch [205/250] (32754) train_mae: 2.4584, val_mae: 3.0121, lr: 0.000010, 5.5s
2026-05-18 18:44:11,000 - src.base.trainer - INFO - Val loss decrease from 3.0130 to 3.0121, saving to True
2026-05-18 18:44:13,205 - src.base.trainer - INFO - Epoch [206/250] (32800) train_mae: 2.4265, val_mae: 3.0118 
2026-05-18 18:44:13,209 - src.base.trainer - INFO - Val loss decrease from 3.0121 to 3.0118, saving to True
2026-05-18 18:44:17,126 - src.base.trainer - INFO - epoch complete
2026-05-18 18:44:17,126 - src.base.trainer - INFO - evaluating now!
2026-05-18 18:44:17,737 - src.base.trainer - INFO - Epoch [206/250] (32913) train_mae: 2.4560, val_mae: 3.0105, lr: 0.000010, 6.1s
2026-05-18 18:44:17,738 - src.base.trainer - INFO - Val loss decrease from 3.0118 to 3.0105, saving to True
2026-05-18 18:44:23,284 - src.base.trainer - INFO - epoch complete
2026-05-18 18:44:23,284 - src.base.trainer - INFO - evaluating now!
2026-05-18 18:44:23,884 - src.base.trainer - INFO - Epoch [207/250] (33072) train_mae: 2.4549, val_mae: 3.0089, lr: 0.000010, 5.5s
2026-05-18 18:44:23,886 - src.base.trainer - INFO - Val loss decrease from 3.0105 to 3.0089, saving to True
2026-05-18 18:44:28,927 - src.base.trainer - INFO - Epoch [208/250] (33200) train_mae: 2.4677, val_mae: 3.0082 
2026-05-18 18:44:28,928 - src.base.trainer - INFO - Val loss decrease from 3.0089 to 3.0082, saving to True
2026-05-18 18:44:29,991 - src.base.trainer - INFO - epoch complete
2026-05-18 18:44:29,991 - src.base.trainer - INFO - evaluating now!
2026-05-18 18:44:30,591 - src.base.trainer - INFO - Epoch [208/250] (33231) train_mae: 2.4535, val_mae: 3.0082, lr: 0.000010, 6.1s
2026-05-18 18:44:36,092 - src.base.trainer - INFO - epoch complete
2026-05-18 18:44:36,092 - src.base.trainer - INFO - evaluating now!
2026-05-18 18:44:36,694 - src.base.trainer - INFO - Epoch [209/250] (33390) train_mae: 2.4533, val_mae: 3.0073, lr: 0.000010, 5.5s
2026-05-18 18:44:36,696 - src.base.trainer - INFO - Val loss decrease from 3.0082 to 3.0073, saving to True
2026-05-18 18:44:42,194 - src.base.trainer - INFO - epoch complete
2026-05-18 18:44:42,194 - src.base.trainer - INFO - evaluating now!
2026-05-18 18:44:42,797 - src.base.trainer - INFO - Epoch [210/250] (33549) train_mae: 2.4516, val_mae: 3.0044, lr: 0.000010, 5.5s
2026-05-18 18:44:42,798 - src.base.trainer - INFO - Val loss decrease from 3.0073 to 3.0044, saving to True
2026-05-18 18:44:45,156 - src.base.trainer - INFO - Epoch [211/250] (33600) train_mae: 2.4795, val_mae: 3.0036 
2026-05-18 18:44:45,161 - src.base.trainer - INFO - Val loss decrease from 3.0044 to 3.0036, saving to True
2026-05-18 18:44:48,885 - src.base.trainer - INFO - epoch complete
2026-05-18 18:44:48,885 - src.base.trainer - INFO - evaluating now!
2026-05-18 18:44:49,497 - src.base.trainer - INFO - Epoch [211/250] (33708) train_mae: 2.4519, val_mae: 3.0034, lr: 0.000010, 6.1s
2026-05-18 18:44:49,500 - src.base.trainer - INFO - Val loss decrease from 3.0036 to 3.0034, saving to True
2026-05-18 18:44:55,004 - src.base.trainer - INFO - epoch complete
2026-05-18 18:44:55,004 - src.base.trainer - INFO - evaluating now!
2026-05-18 18:44:55,607 - src.base.trainer - INFO - Epoch [212/250] (33867) train_mae: 2.4497, val_mae: 3.0032, lr: 0.000010, 5.5s
2026-05-18 18:44:55,608 - src.base.trainer - INFO - Val loss decrease from 3.0034 to 3.0032, saving to True
2026-05-18 18:45:00,807 - src.base.trainer - INFO - Epoch [213/250] (34000) train_mae: 2.4749, val_mae: 3.0014 
2026-05-18 18:45:00,808 - src.base.trainer - INFO - Val loss decrease from 3.0032 to 3.0014, saving to True
2026-05-18 18:45:01,691 - src.base.trainer - INFO - epoch complete
2026-05-18 18:45:01,691 - src.base.trainer - INFO - evaluating now!
2026-05-18 18:45:02,300 - src.base.trainer - INFO - Epoch [213/250] (34026) train_mae: 2.4500, val_mae: 3.0004, lr: 0.000010, 6.1s
2026-05-18 18:45:02,301 - src.base.trainer - INFO - Val loss decrease from 3.0014 to 3.0004, saving to True
2026-05-18 18:45:07,824 - src.base.trainer - INFO - epoch complete
2026-05-18 18:45:07,824 - src.base.trainer - INFO - evaluating now!
2026-05-18 18:45:08,423 - src.base.trainer - INFO - Epoch [214/250] (34185) train_mae: 2.4469, val_mae: 2.9989, lr: 0.000010, 5.5s
2026-05-18 18:45:08,424 - src.base.trainer - INFO - Val loss decrease from 3.0004 to 2.9989, saving to True
2026-05-18 18:45:13,932 - src.base.trainer - INFO - epoch complete
2026-05-18 18:45:13,932 - src.base.trainer - INFO - evaluating now!
2026-05-18 18:45:14,535 - src.base.trainer - INFO - Epoch [215/250] (34344) train_mae: 2.4468, val_mae: 2.9973, lr: 0.000010, 5.5s
2026-05-18 18:45:14,537 - src.base.trainer - INFO - Val loss decrease from 2.9989 to 2.9973, saving to True
2026-05-18 18:45:17,110 - src.base.trainer - INFO - Epoch [216/250] (34400) train_mae: 2.4586, val_mae: 2.9972 
2026-05-18 18:45:17,111 - src.base.trainer - INFO - Val loss decrease from 2.9973 to 2.9972, saving to True
2026-05-18 18:45:20,687 - src.base.trainer - INFO - epoch complete
2026-05-18 18:45:20,687 - src.base.trainer - INFO - evaluating now!
2026-05-18 18:45:21,286 - src.base.trainer - INFO - Epoch [216/250] (34503) train_mae: 2.4449, val_mae: 2.9962, lr: 0.000010, 6.2s
2026-05-18 18:45:21,287 - src.base.trainer - INFO - Val loss decrease from 2.9972 to 2.9962, saving to True
2026-05-18 18:45:26,810 - src.base.trainer - INFO - epoch complete
2026-05-18 18:45:26,810 - src.base.trainer - INFO - evaluating now!
2026-05-18 18:45:27,434 - src.base.trainer - INFO - Epoch [217/250] (34662) train_mae: 2.4464, val_mae: 2.9960, lr: 0.000010, 5.5s
2026-05-18 18:45:27,435 - src.base.trainer - INFO - Val loss decrease from 2.9962 to 2.9960, saving to True
2026-05-18 18:45:32,814 - src.base.trainer - INFO - Epoch [218/250] (34800) train_mae: 2.4585, val_mae: 2.9945 
2026-05-18 18:45:32,815 - src.base.trainer - INFO - Val loss decrease from 2.9960 to 2.9945, saving to True
2026-05-18 18:45:33,527 - src.base.trainer - INFO - epoch complete
2026-05-18 18:45:33,527 - src.base.trainer - INFO - evaluating now!
2026-05-18 18:45:34,124 - src.base.trainer - INFO - Epoch [218/250] (34821) train_mae: 2.4433, val_mae: 2.9943, lr: 0.000010, 6.1s
2026-05-18 18:45:34,125 - src.base.trainer - INFO - Val loss decrease from 2.9945 to 2.9943, saving to True
2026-05-18 18:45:39,640 - src.base.trainer - INFO - epoch complete
2026-05-18 18:45:39,640 - src.base.trainer - INFO - evaluating now!
2026-05-18 18:45:40,243 - src.base.trainer - INFO - Epoch [219/250] (34980) train_mae: 2.4428, val_mae: 2.9932, lr: 0.000010, 5.5s
2026-05-18 18:45:40,244 - src.base.trainer - INFO - Val loss decrease from 2.9943 to 2.9932, saving to True
2026-05-18 18:45:45,745 - src.base.trainer - INFO - epoch complete
2026-05-18 18:45:45,745 - src.base.trainer - INFO - evaluating now!
2026-05-18 18:45:46,347 - src.base.trainer - INFO - Epoch [220/250] (35139) train_mae: 2.4422, val_mae: 2.9922, lr: 0.000010, 5.5s
2026-05-18 18:45:46,348 - src.base.trainer - INFO - Val loss decrease from 2.9932 to 2.9922, saving to True
2026-05-18 18:45:49,065 - src.base.trainer - INFO - Epoch [221/250] (35200) train_mae: 2.4205, val_mae: 2.9922 
2026-05-18 18:45:52,482 - src.base.trainer - INFO - epoch complete
2026-05-18 18:45:52,482 - src.base.trainer - INFO - evaluating now!
2026-05-18 18:45:53,084 - src.base.trainer - INFO - Epoch [221/250] (35298) train_mae: 2.4422, val_mae: 2.9904, lr: 0.000010, 6.1s
2026-05-18 18:45:53,085 - src.base.trainer - INFO - Val loss decrease from 2.9922 to 2.9904, saving to True
2026-05-18 18:45:58,610 - src.base.trainer - INFO - epoch complete
2026-05-18 18:45:58,610 - src.base.trainer - INFO - evaluating now!
2026-05-18 18:45:59,214 - src.base.trainer - INFO - Epoch [222/250] (35457) train_mae: 2.4392, val_mae: 2.9897, lr: 0.000010, 5.5s
2026-05-18 18:45:59,215 - src.base.trainer - INFO - Val loss decrease from 2.9904 to 2.9897, saving to True
2026-05-18 18:46:04,780 - src.base.trainer - INFO - Epoch [223/250] (35600) train_mae: 2.4462, val_mae: 2.9884 
2026-05-18 18:46:04,781 - src.base.trainer - INFO - Val loss decrease from 2.9897 to 2.9884, saving to True
2026-05-18 18:46:05,328 - src.base.trainer - INFO - epoch complete
2026-05-18 18:46:05,328 - src.base.trainer - INFO - evaluating now!
2026-05-18 18:46:05,927 - src.base.trainer - INFO - Epoch [223/250] (35616) train_mae: 2.4388, val_mae: 2.9884, lr: 0.000010, 6.1s
2026-05-18 18:46:05,929 - src.base.trainer - INFO - Val loss decrease from 2.9884 to 2.9884, saving to True
2026-05-18 18:46:11,470 - src.base.trainer - INFO - epoch complete
2026-05-18 18:46:11,470 - src.base.trainer - INFO - evaluating now!
2026-05-18 18:46:12,069 - src.base.trainer - INFO - Epoch [224/250] (35775) train_mae: 2.4375, val_mae: 2.9869, lr: 0.000010, 5.5s
2026-05-18 18:46:12,070 - src.base.trainer - INFO - Val loss decrease from 2.9884 to 2.9869, saving to True
2026-05-18 18:46:17,570 - src.base.trainer - INFO - epoch complete
2026-05-18 18:46:17,570 - src.base.trainer - INFO - evaluating now!
2026-05-18 18:46:18,172 - src.base.trainer - INFO - Epoch [225/250] (35934) train_mae: 2.4364, val_mae: 2.9849, lr: 0.000010, 5.5s
2026-05-18 18:46:18,173 - src.base.trainer - INFO - Val loss decrease from 2.9869 to 2.9849, saving to True
2026-05-18 18:46:21,080 - src.base.trainer - INFO - Epoch [226/250] (36000) train_mae: 2.4779, val_mae: 2.9845 
2026-05-18 18:46:21,081 - src.base.trainer - INFO - Val loss decrease from 2.9849 to 2.9845, saving to True
2026-05-18 18:46:24,332 - src.base.trainer - INFO - epoch complete
2026-05-18 18:46:24,335 - src.base.trainer - INFO - evaluating now!
2026-05-18 18:46:24,950 - src.base.trainer - INFO - Epoch [226/250] (36093) train_mae: 2.4363, val_mae: 2.9849, lr: 0.000010, 6.2s
2026-05-18 18:46:30,495 - src.base.trainer - INFO - epoch complete
2026-05-18 18:46:30,495 - src.base.trainer - INFO - evaluating now!
2026-05-18 18:46:31,097 - src.base.trainer - INFO - Epoch [227/250] (36252) train_mae: 2.4344, val_mae: 2.9831, lr: 0.000010, 5.5s
2026-05-18 18:46:31,098 - src.base.trainer - INFO - Val loss decrease from 2.9845 to 2.9831, saving to True
2026-05-18 18:46:36,996 - src.base.trainer - INFO - Epoch [228/250] (36400) train_mae: 2.4304, val_mae: 2.9825 
2026-05-18 18:46:36,997 - src.base.trainer - INFO - Val loss decrease from 2.9831 to 2.9825, saving to True
2026-05-18 18:46:37,370 - src.base.trainer - INFO - epoch complete
2026-05-18 18:46:37,370 - src.base.trainer - INFO - evaluating now!
2026-05-18 18:46:37,972 - src.base.trainer - INFO - Epoch [228/250] (36411) train_mae: 2.4345, val_mae: 2.9821, lr: 0.000010, 6.3s
2026-05-18 18:46:37,973 - src.base.trainer - INFO - Val loss decrease from 2.9825 to 2.9821, saving to True
2026-05-18 18:46:43,581 - src.base.trainer - INFO - epoch complete
2026-05-18 18:46:43,581 - src.base.trainer - INFO - evaluating now!
2026-05-18 18:46:44,233 - src.base.trainer - INFO - Epoch [229/250] (36570) train_mae: 2.4325, val_mae: 2.9818, lr: 0.000010, 5.6s
2026-05-18 18:46:44,235 - src.base.trainer - INFO - Val loss decrease from 2.9821 to 2.9818, saving to True
2026-05-18 18:46:49,819 - src.base.trainer - INFO - epoch complete
2026-05-18 18:46:49,819 - src.base.trainer - INFO - evaluating now!
2026-05-18 18:46:50,506 - src.base.trainer - INFO - Epoch [230/250] (36729) train_mae: 2.4312, val_mae: 2.9803, lr: 0.000010, 5.6s
2026-05-18 18:46:50,508 - src.base.trainer - INFO - Val loss decrease from 2.9818 to 2.9803, saving to True
2026-05-18 18:46:53,686 - src.base.trainer - INFO - Epoch [231/250] (36800) train_mae: 2.4444, val_mae: 2.9794 
2026-05-18 18:46:53,688 - src.base.trainer - INFO - Val loss decrease from 2.9803 to 2.9794, saving to True
2026-05-18 18:46:56,723 - src.base.trainer - INFO - epoch complete
2026-05-18 18:46:56,723 - src.base.trainer - INFO - evaluating now!
2026-05-18 18:46:57,324 - src.base.trainer - INFO - Epoch [231/250] (36888) train_mae: 2.4318, val_mae: 2.9790, lr: 0.000010, 6.2s
2026-05-18 18:46:57,326 - src.base.trainer - INFO - Val loss decrease from 2.9794 to 2.9790, saving to True
2026-05-18 18:47:02,845 - src.base.trainer - INFO - epoch complete
2026-05-18 18:47:02,845 - src.base.trainer - INFO - evaluating now!
2026-05-18 18:47:03,457 - src.base.trainer - INFO - Epoch [232/250] (37047) train_mae: 2.4307, val_mae: 2.9776, lr: 0.000010, 5.5s
2026-05-18 18:47:03,459 - src.base.trainer - INFO - Val loss decrease from 2.9790 to 2.9776, saving to True
2026-05-18 18:47:09,433 - src.base.trainer - INFO - Epoch [233/250] (37200) train_mae: 2.4176, val_mae: 2.9771 
2026-05-18 18:47:09,434 - src.base.trainer - INFO - Val loss decrease from 2.9776 to 2.9771, saving to True
2026-05-18 18:47:09,634 - src.base.trainer - INFO - epoch complete
2026-05-18 18:47:09,635 - src.base.trainer - INFO - evaluating now!
2026-05-18 18:47:10,265 - src.base.trainer - INFO - Epoch [233/250] (37206) train_mae: 2.4295, val_mae: 2.9770, lr: 0.000010, 6.2s
2026-05-18 18:47:10,266 - src.base.trainer - INFO - Val loss decrease from 2.9771 to 2.9770, saving to True
2026-05-18 18:47:16,305 - src.base.trainer - INFO - epoch complete
2026-05-18 18:47:16,305 - src.base.trainer - INFO - evaluating now!
2026-05-18 18:47:16,975 - src.base.trainer - INFO - Epoch [234/250] (37365) train_mae: 2.4305, val_mae: 2.9758, lr: 0.000010, 6.0s
2026-05-18 18:47:16,977 - src.base.trainer - INFO - Val loss decrease from 2.9770 to 2.9758, saving to True
2026-05-18 18:47:23,123 - src.base.trainer - INFO - epoch complete
2026-05-18 18:47:23,123 - src.base.trainer - INFO - evaluating now!
2026-05-18 18:47:23,863 - src.base.trainer - INFO - Epoch [235/250] (37524) train_mae: 2.4284, val_mae: 2.9759, lr: 0.000010, 6.1s
2026-05-18 18:47:27,511 - src.base.trainer - INFO - Epoch [236/250] (37600) train_mae: 2.4755, val_mae: 2.9747 
2026-05-18 18:47:27,512 - src.base.trainer - INFO - Val loss decrease from 2.9758 to 2.9747, saving to True
2026-05-18 18:47:30,643 - src.base.trainer - INFO - epoch complete
2026-05-18 18:47:30,643 - src.base.trainer - INFO - evaluating now!
2026-05-18 18:47:31,278 - src.base.trainer - INFO - Epoch [236/250] (37683) train_mae: 2.4267, val_mae: 2.9731, lr: 0.000010, 6.8s
2026-05-18 18:47:31,279 - src.base.trainer - INFO - Val loss decrease from 2.9747 to 2.9731, saving to True
2026-05-18 18:47:36,808 - src.base.trainer - INFO - epoch complete
2026-05-18 18:47:36,809 - src.base.trainer - INFO - evaluating now!
2026-05-18 18:47:37,420 - src.base.trainer - INFO - Epoch [237/250] (37842) train_mae: 2.4261, val_mae: 2.9731, lr: 0.000010, 5.5s
2026-05-18 18:47:43,557 - src.base.trainer - INFO - Epoch [238/250] (38000) train_mae: 2.4266, val_mae: 2.9725 
2026-05-18 18:47:43,558 - src.base.trainer - INFO - Val loss decrease from 2.9731 to 2.9725, saving to True
2026-05-18 18:47:43,584 - src.base.trainer - INFO - epoch complete
2026-05-18 18:47:43,584 - src.base.trainer - INFO - evaluating now!
2026-05-18 18:47:44,189 - src.base.trainer - INFO - Epoch [238/250] (38001) train_mae: 2.4265, val_mae: 2.9723, lr: 0.000010, 6.2s
2026-05-18 18:47:44,190 - src.base.trainer - INFO - Val loss decrease from 2.9725 to 2.9723, saving to True
2026-05-18 18:47:49,675 - src.base.trainer - INFO - epoch complete
2026-05-18 18:47:49,675 - src.base.trainer - INFO - evaluating now!
2026-05-18 18:47:50,277 - src.base.trainer - INFO - Epoch [239/250] (38160) train_mae: 2.4243, val_mae: 2.9709, lr: 0.000010, 5.5s
2026-05-18 18:47:50,278 - src.base.trainer - INFO - Val loss decrease from 2.9723 to 2.9709, saving to True
2026-05-18 18:47:55,747 - src.base.trainer - INFO - epoch complete
2026-05-18 18:47:55,747 - src.base.trainer - INFO - evaluating now!
2026-05-18 18:47:56,344 - src.base.trainer - INFO - Epoch [240/250] (38319) train_mae: 2.4259, val_mae: 2.9718, lr: 0.000010, 5.5s
2026-05-18 18:47:59,729 - src.base.trainer - INFO - Epoch [241/250] (38400) train_mae: 2.4572, val_mae: 2.9696 
2026-05-18 18:47:59,730 - src.base.trainer - INFO - Val loss decrease from 2.9709 to 2.9696, saving to True
2026-05-18 18:48:02,399 - src.base.trainer - INFO - epoch complete
2026-05-18 18:48:02,399 - src.base.trainer - INFO - evaluating now!
2026-05-18 18:48:02,999 - src.base.trainer - INFO - Epoch [241/250] (38478) train_mae: 2.4235, val_mae: 2.9687, lr: 0.000010, 6.1s
2026-05-18 18:48:03,000 - src.base.trainer - INFO - Val loss decrease from 2.9696 to 2.9687, saving to True
2026-05-18 18:48:08,484 - src.base.trainer - INFO - epoch complete
2026-05-18 18:48:08,484 - src.base.trainer - INFO - evaluating now!
2026-05-18 18:48:09,085 - src.base.trainer - INFO - Epoch [242/250] (38637) train_mae: 2.4219, val_mae: 2.9688, lr: 0.000010, 5.5s
2026-05-18 18:48:14,528 - src.base.trainer - INFO - epoch complete
2026-05-18 18:48:14,528 - src.base.trainer - INFO - evaluating now!
2026-05-18 18:48:15,133 - src.base.trainer - INFO - Epoch [243/250] (38796) train_mae: 2.4223, val_mae: 2.9684, lr: 0.000010, 5.4s
2026-05-18 18:48:15,136 - src.base.trainer - INFO - Val loss decrease from 2.9687 to 2.9684, saving to True
2026-05-18 18:48:15,866 - src.base.trainer - INFO - Epoch [244/250] (38800) train_mae: 2.4409, val_mae: 2.9693 
2026-05-18 18:48:21,177 - src.base.trainer - INFO - epoch complete
2026-05-18 18:48:21,177 - src.base.trainer - INFO - evaluating now!
2026-05-18 18:48:21,777 - src.base.trainer - INFO - Epoch [244/250] (38955) train_mae: 2.4221, val_mae: 2.9655, lr: 0.000010, 6.0s
2026-05-18 18:48:21,778 - src.base.trainer - INFO - Val loss decrease from 2.9684 to 2.9655, saving to True
2026-05-18 18:48:27,215 - src.base.trainer - INFO - epoch complete
2026-05-18 18:48:27,215 - src.base.trainer - INFO - evaluating now!
2026-05-18 18:48:27,814 - src.base.trainer - INFO - Epoch [245/250] (39114) train_mae: 2.4214, val_mae: 2.9651, lr: 0.000010, 5.4s
2026-05-18 18:48:27,815 - src.base.trainer - INFO - Val loss decrease from 2.9655 to 2.9651, saving to True
2026-05-18 18:48:31,365 - src.base.trainer - INFO - Epoch [246/250] (39200) train_mae: 2.4351, val_mae: 2.9644 
2026-05-18 18:48:31,368 - src.base.trainer - INFO - Val loss decrease from 2.9651 to 2.9644, saving to True
2026-05-18 18:48:33,848 - src.base.trainer - INFO - epoch complete
2026-05-18 18:48:33,848 - src.base.trainer - INFO - evaluating now!
2026-05-18 18:48:34,443 - src.base.trainer - INFO - Epoch [246/250] (39273) train_mae: 2.4198, val_mae: 2.9654, lr: 0.000010, 6.0s
2026-05-18 18:48:39,873 - src.base.trainer - INFO - epoch complete
2026-05-18 18:48:39,873 - src.base.trainer - INFO - evaluating now!
2026-05-18 18:48:40,472 - src.base.trainer - INFO - Epoch [247/250] (39432) train_mae: 2.4194, val_mae: 2.9631, lr: 0.000010, 5.4s
2026-05-18 18:48:40,473 - src.base.trainer - INFO - Val loss decrease from 2.9644 to 2.9631, saving to True
2026-05-18 18:48:45,892 - src.base.trainer - INFO - epoch complete
2026-05-18 18:48:45,892 - src.base.trainer - INFO - evaluating now!
2026-05-18 18:48:46,491 - src.base.trainer - INFO - Epoch [248/250] (39591) train_mae: 2.4192, val_mae: 2.9641, lr: 0.000010, 5.4s
2026-05-18 18:48:47,391 - src.base.trainer - INFO - Epoch [249/250] (39600) train_mae: 2.2687, val_mae: 2.9644 
2026-05-18 18:48:52,513 - src.base.trainer - INFO - epoch complete
2026-05-18 18:48:52,513 - src.base.trainer - INFO - evaluating now!
2026-05-18 18:48:53,113 - src.base.trainer - INFO - Epoch [249/250] (39750) train_mae: 2.4186, val_mae: 2.9614, lr: 0.000010, 6.0s
2026-05-18 18:48:53,114 - src.base.trainer - INFO - Val loss decrease from 2.9631 to 2.9614, saving to True
