2026-05-20 14:20:26,877 - src.base.trainer - INFO - the number of parameters: 56460
2026-05-20 14:20:26,880 - src.base.trainer - INFO - start training !!!!!
2026-05-20 14:20:32,431 - src.base.trainer - INFO - epoch complete
2026-05-20 14:20:32,431 - src.base.trainer - INFO - evaluating now!
2026-05-20 14:20:33,339 - src.base.trainer - INFO - Epoch [0/250] (159) train_mae: 0.0000, val_mae: 0.0000, lr: 0.000100, 5.6s
2026-05-20 14:20:33,343 - src.base.trainer - INFO - Val loss decrease from inf to 0.0000, saving to True
2026-05-20 14:20:38,864 - src.base.trainer - INFO - epoch complete
2026-05-20 14:20:38,864 - src.base.trainer - INFO - evaluating now!
2026-05-20 14:20:39,770 - src.base.trainer - INFO - Epoch [1/250] (318) train_mae: 0.0000, val_mae: 0.0000, lr: 0.000100, 5.5s
2026-05-20 14:20:43,506 - src.base.trainer - INFO - Epoch [2/250] (400) train_mae: 0.0000, val_mae: 0.0000 
2026-05-20 14:20:46,167 - src.base.trainer - INFO - epoch complete
2026-05-20 14:20:46,169 - src.base.trainer - INFO - evaluating now!
2026-05-20 14:20:47,076 - src.base.trainer - INFO - Epoch [2/250] (477) train_mae: 0.0000, val_mae: 0.0000, lr: 0.000100, 6.4s
2026-05-20 14:20:52,601 - src.base.trainer - INFO - epoch complete
2026-05-20 14:20:52,601 - src.base.trainer - INFO - evaluating now!
2026-05-20 14:20:53,575 - src.base.trainer - INFO - Epoch [3/250] (636) train_mae: 0.0000, val_mae: 0.0000, lr: 0.000100, 5.5s
2026-05-20 14:20:59,079 - src.base.trainer - INFO - epoch complete
2026-05-20 14:20:59,079 - src.base.trainer - INFO - evaluating now!
2026-05-20 14:20:59,986 - src.base.trainer - INFO - Epoch [4/250] (795) train_mae: 0.0000, val_mae: 0.0000, lr: 0.000100, 5.5s
2026-05-20 14:21:01,063 - src.base.trainer - INFO - Epoch [5/250] (800) train_mae: 0.0000, val_mae: 0.0000 
2026-05-20 14:21:06,505 - src.base.trainer - INFO - epoch complete
2026-05-20 14:21:06,505 - src.base.trainer - INFO - evaluating now!
2026-05-20 14:21:07,417 - src.base.trainer - INFO - Epoch [5/250] (954) train_mae: 0.0000, val_mae: 0.0000, lr: 0.000100, 6.5s
2026-05-20 14:21:12,931 - src.base.trainer - INFO - epoch complete
2026-05-20 14:21:12,933 - src.base.trainer - INFO - evaluating now!
2026-05-20 14:21:13,845 - src.base.trainer - INFO - Epoch [6/250] (1113) train_mae: 0.0000, val_mae: 0.0000, lr: 0.000100, 5.5s
2026-05-20 14:21:17,791 - src.base.trainer - INFO - Epoch [7/250] (1200) train_mae: 0.0000, val_mae: 0.0000 
2026-05-20 14:21:20,276 - src.base.trainer - INFO - epoch complete
2026-05-20 14:21:20,276 - src.base.trainer - INFO - evaluating now!
2026-05-20 14:21:21,185 - src.base.trainer - INFO - Epoch [7/250] (1272) train_mae: 0.0000, val_mae: 0.0000, lr: 0.000100, 6.4s
2026-05-20 14:21:26,714 - src.base.trainer - INFO - epoch complete
2026-05-20 14:21:26,714 - src.base.trainer - INFO - evaluating now!
2026-05-20 14:21:27,625 - src.base.trainer - INFO - Epoch [8/250] (1431) train_mae: 0.0000, val_mae: 0.0000, lr: 0.000100, 5.5s
2026-05-20 14:21:33,161 - src.base.trainer - INFO - epoch complete
2026-05-20 14:21:33,161 - src.base.trainer - INFO - evaluating now!
2026-05-20 14:21:34,151 - src.base.trainer - INFO - Epoch [9/250] (1590) train_mae: 0.0000, val_mae: 0.0000, lr: 0.000070, 5.5s
2026-05-20 14:21:35,529 - src.base.trainer - INFO - Epoch [10/250] (1600) train_mae: 0.0000, val_mae: 0.0000 
2026-05-20 14:21:40,942 - src.base.trainer - INFO - epoch complete
2026-05-20 14:21:40,942 - src.base.trainer - INFO - evaluating now!
2026-05-20 14:21:41,857 - src.base.trainer - INFO - Epoch [10/250] (1749) train_mae: 0.0000, val_mae: 0.0000, lr: 0.000070, 6.8s
2026-05-20 14:21:47,558 - src.base.trainer - INFO - epoch complete
2026-05-20 14:21:47,560 - src.base.trainer - INFO - evaluating now!
2026-05-20 14:21:48,490 - src.base.trainer - INFO - Epoch [11/250] (1908) train_mae: 0.0000, val_mae: 0.0000, lr: 0.000070, 5.7s
2026-05-20 14:21:52,688 - src.base.trainer - INFO - Epoch [12/250] (2000) train_mae: 0.0000, val_mae: 0.0000 
2026-05-20 14:21:55,012 - src.base.trainer - INFO - epoch complete
2026-05-20 14:21:55,012 - src.base.trainer - INFO - evaluating now!
2026-05-20 14:21:55,932 - src.base.trainer - INFO - Epoch [12/250] (2067) train_mae: 0.0000, val_mae: 0.0000, lr: 0.000070, 6.5s
2026-05-20 14:22:01,480 - src.base.trainer - INFO - epoch complete
2026-05-20 14:22:01,480 - src.base.trainer - INFO - evaluating now!
2026-05-20 14:22:02,393 - src.base.trainer - INFO - Epoch [13/250] (2226) train_mae: 0.0000, val_mae: 0.0000, lr: 0.000070, 5.5s
2026-05-20 14:22:08,076 - src.base.trainer - INFO - epoch complete
2026-05-20 14:22:08,079 - src.base.trainer - INFO - evaluating now!
2026-05-20 14:22:09,026 - src.base.trainer - INFO - Epoch [14/250] (2385) train_mae: 0.0000, val_mae: 0.0000, lr: 0.000070, 5.7s
2026-05-20 14:22:10,467 - src.base.trainer - INFO - Epoch [15/250] (2400) train_mae: 0.0000, val_mae: 0.0000 
2026-05-20 14:22:15,578 - src.base.trainer - INFO - epoch complete
2026-05-20 14:22:15,580 - src.base.trainer - INFO - evaluating now!
2026-05-20 14:22:16,498 - src.base.trainer - INFO - Epoch [15/250] (2544) train_mae: 0.0000, val_mae: 0.0000, lr: 0.000070, 6.6s
2026-05-20 14:22:22,139 - src.base.trainer - INFO - epoch complete
2026-05-20 14:22:22,139 - src.base.trainer - INFO - evaluating now!
2026-05-20 14:22:23,055 - src.base.trainer - INFO - Epoch [16/250] (2703) train_mae: 0.0000, val_mae: 0.0000, lr: 0.000070, 5.6s
2026-05-20 14:22:27,356 - src.base.trainer - INFO - Epoch [17/250] (2800) train_mae: 0.0000, val_mae: 0.0000 
2026-05-20 14:22:29,493 - src.base.trainer - INFO - epoch complete
2026-05-20 14:22:29,493 - src.base.trainer - INFO - evaluating now!
2026-05-20 14:22:30,413 - src.base.trainer - INFO - Epoch [17/250] (2862) train_mae: 0.0000, val_mae: 0.0000, lr: 0.000070, 6.4s
2026-05-20 14:22:36,007 - src.base.trainer - INFO - epoch complete
2026-05-20 14:22:36,007 - src.base.trainer - INFO - evaluating now!
2026-05-20 14:22:36,940 - src.base.trainer - INFO - Epoch [18/250] (3021) train_mae: 0.0000, val_mae: 0.0000, lr: 0.000070, 5.6s
2026-05-20 14:22:42,788 - src.base.trainer - INFO - epoch complete
2026-05-20 14:22:42,788 - src.base.trainer - INFO - evaluating now!
2026-05-20 14:22:43,720 - src.base.trainer - INFO - Epoch [19/250] (3180) train_mae: 0.0000, val_mae: 0.0000, lr: 0.000049, 5.8s
2026-05-20 14:22:45,350 - src.base.trainer - INFO - Epoch [20/250] (3200) train_mae: 0.0000, val_mae: 0.0000 
2026-05-20 14:22:50,456 - src.base.trainer - INFO - epoch complete
2026-05-20 14:22:50,459 - src.base.trainer - INFO - evaluating now!
2026-05-20 14:22:51,384 - src.base.trainer - INFO - Epoch [20/250] (3339) train_mae: 0.0000, val_mae: 0.0000, lr: 0.000049, 6.7s
2026-05-20 14:22:57,062 - src.base.trainer - INFO - epoch complete
2026-05-20 14:22:57,062 - src.base.trainer - INFO - evaluating now!
2026-05-20 14:22:57,999 - src.base.trainer - INFO - Epoch [21/250] (3498) train_mae: 0.0000, val_mae: 0.0000, lr: 0.000049, 5.7s
2026-05-20 14:24:42,343 - src.base.trainer - INFO - the number of parameters: 56460
2026-05-20 14:24:52,251 - src.base.trainer - INFO - the number of parameters: 56460
2026-05-20 14:24:52,252 - src.base.trainer - INFO - start training !!!!!
2026-05-20 14:24:57,921 - src.base.trainer - INFO - epoch complete
2026-05-20 14:24:57,921 - src.base.trainer - INFO - evaluating now!
2026-05-20 14:24:58,836 - src.base.trainer - INFO - Epoch [0/250] (159) train_mae: 0.0000, val_mae: 0.0000, lr: 0.000100, 5.7s
2026-05-20 14:24:58,839 - src.base.trainer - INFO - Val loss decrease from inf to 0.0000, saving to True
2026-05-20 14:25:04,541 - src.base.trainer - INFO - epoch complete
2026-05-20 14:25:04,544 - src.base.trainer - INFO - evaluating now!
2026-05-20 14:25:05,457 - src.base.trainer - INFO - Epoch [1/250] (318) train_mae: 0.0000, val_mae: 0.0000, lr: 0.000100, 5.7s
2026-05-20 14:25:09,206 - src.base.trainer - INFO - Epoch [2/250] (400) train_mae: 0.0000, val_mae: 0.0000 
2026-05-20 14:25:11,906 - src.base.trainer - INFO - epoch complete
2026-05-20 14:25:11,906 - src.base.trainer - INFO - evaluating now!
2026-05-20 14:25:12,820 - src.base.trainer - INFO - Epoch [2/250] (477) train_mae: 0.0000, val_mae: 0.0000, lr: 0.000100, 6.4s
2026-05-20 14:25:18,300 - src.base.trainer - INFO - epoch complete
2026-05-20 14:25:18,300 - src.base.trainer - INFO - evaluating now!
2026-05-20 14:25:19,216 - src.base.trainer - INFO - Epoch [3/250] (636) train_mae: 0.0000, val_mae: 0.0000, lr: 0.000100, 5.5s
2026-05-20 14:25:24,703 - src.base.trainer - INFO - epoch complete
2026-05-20 14:25:24,703 - src.base.trainer - INFO - evaluating now!
2026-05-20 14:25:25,620 - src.base.trainer - INFO - Epoch [4/250] (795) train_mae: 0.0000, val_mae: 0.0000, lr: 0.000100, 5.5s
2026-05-20 14:25:26,699 - src.base.trainer - INFO - Epoch [5/250] (800) train_mae: 0.0000, val_mae: 0.0000 
2026-05-20 14:25:32,049 - src.base.trainer - INFO - epoch complete
2026-05-20 14:25:32,049 - src.base.trainer - INFO - evaluating now!
2026-05-20 14:25:32,967 - src.base.trainer - INFO - Epoch [5/250] (954) train_mae: 0.0000, val_mae: 0.0000, lr: 0.000100, 6.4s
2026-05-20 14:25:38,473 - src.base.trainer - INFO - epoch complete
2026-05-20 14:25:38,473 - src.base.trainer - INFO - evaluating now!
2026-05-20 14:25:39,395 - src.base.trainer - INFO - Epoch [6/250] (1113) train_mae: 0.0000, val_mae: 0.0000, lr: 0.000100, 5.5s
2026-05-20 14:25:43,334 - src.base.trainer - INFO - Epoch [7/250] (1200) train_mae: 0.0000, val_mae: 0.0000 
2026-05-20 14:25:45,829 - src.base.trainer - INFO - epoch complete
2026-05-20 14:25:45,829 - src.base.trainer - INFO - evaluating now!
2026-05-20 14:25:46,783 - src.base.trainer - INFO - Epoch [7/250] (1272) train_mae: 0.0000, val_mae: 0.0000, lr: 0.000100, 6.4s
2026-05-20 14:25:52,491 - src.base.trainer - INFO - epoch complete
2026-05-20 14:25:52,493 - src.base.trainer - INFO - evaluating now!
2026-05-20 14:25:53,410 - src.base.trainer - INFO - Epoch [8/250] (1431) train_mae: 0.0000, val_mae: 0.0000, lr: 0.000100, 5.7s
2026-05-20 14:25:58,945 - src.base.trainer - INFO - epoch complete
2026-05-20 14:25:58,945 - src.base.trainer - INFO - evaluating now!
2026-05-20 14:25:59,861 - src.base.trainer - INFO - Epoch [9/250] (1590) train_mae: 0.0000, val_mae: 0.0000, lr: 0.000070, 5.5s
2026-05-20 14:26:01,122 - src.base.trainer - INFO - Epoch [10/250] (1600) train_mae: 0.0000, val_mae: 0.0000 
2026-05-20 14:26:06,307 - src.base.trainer - INFO - epoch complete
2026-05-20 14:26:06,307 - src.base.trainer - INFO - evaluating now!
2026-05-20 14:26:07,229 - src.base.trainer - INFO - Epoch [10/250] (1749) train_mae: 0.0000, val_mae: 0.0000, lr: 0.000070, 6.4s
2026-05-20 14:26:12,871 - src.base.trainer - INFO - epoch complete
2026-05-20 14:26:12,871 - src.base.trainer - INFO - evaluating now!
2026-05-20 14:26:13,789 - src.base.trainer - INFO - Epoch [11/250] (1908) train_mae: 0.0000, val_mae: 0.0000, lr: 0.000070, 5.6s
2026-05-20 14:26:17,914 - src.base.trainer - INFO - Epoch [12/250] (2000) train_mae: 0.0000, val_mae: 0.0000 
2026-05-20 14:26:20,228 - src.base.trainer - INFO - epoch complete
2026-05-20 14:26:20,228 - src.base.trainer - INFO - evaluating now!
2026-05-20 14:26:21,143 - src.base.trainer - INFO - Epoch [12/250] (2067) train_mae: 0.0000, val_mae: 0.0000, lr: 0.000070, 6.4s
2026-05-20 14:26:26,660 - src.base.trainer - INFO - epoch complete
2026-05-20 14:26:26,661 - src.base.trainer - INFO - evaluating now!
2026-05-20 14:26:27,585 - src.base.trainer - INFO - Epoch [13/250] (2226) train_mae: 0.0000, val_mae: 0.0000, lr: 0.000070, 5.5s
2026-05-20 14:26:33,186 - src.base.trainer - INFO - epoch complete
2026-05-20 14:26:33,188 - src.base.trainer - INFO - evaluating now!
2026-05-20 14:26:34,137 - src.base.trainer - INFO - Epoch [14/250] (2385) train_mae: 0.0000, val_mae: 0.0000, lr: 0.000070, 5.6s
2026-05-20 14:26:35,643 - src.base.trainer - INFO - Epoch [15/250] (2400) train_mae: 0.0000, val_mae: 0.0000 
2026-05-20 14:26:40,665 - src.base.trainer - INFO - epoch complete
2026-05-20 14:26:40,665 - src.base.trainer - INFO - evaluating now!
2026-05-20 14:26:41,583 - src.base.trainer - INFO - Epoch [15/250] (2544) train_mae: 0.0000, val_mae: 0.0000, lr: 0.000070, 6.5s
2026-05-20 14:26:47,137 - src.base.trainer - INFO - epoch complete
2026-05-20 14:26:47,137 - src.base.trainer - INFO - evaluating now!
2026-05-20 14:26:48,054 - src.base.trainer - INFO - Epoch [16/250] (2703) train_mae: 0.0000, val_mae: 0.0000, lr: 0.000070, 5.6s
2026-05-20 14:26:52,396 - src.base.trainer - INFO - Epoch [17/250] (2800) train_mae: 0.0000, val_mae: 0.0000 
2026-05-20 14:26:54,538 - src.base.trainer - INFO - epoch complete
2026-05-20 14:26:54,538 - src.base.trainer - INFO - evaluating now!
2026-05-20 14:26:55,457 - src.base.trainer - INFO - Epoch [17/250] (2862) train_mae: 0.0000, val_mae: 0.0000, lr: 0.000070, 6.5s
2026-05-20 14:27:00,993 - src.base.trainer - INFO - epoch complete
2026-05-20 14:27:00,993 - src.base.trainer - INFO - evaluating now!
2026-05-20 14:27:01,911 - src.base.trainer - INFO - Epoch [18/250] (3021) train_mae: 0.0000, val_mae: 0.0000, lr: 0.000070, 5.5s
2026-05-20 14:27:07,464 - src.base.trainer - INFO - epoch complete
2026-05-20 14:27:07,464 - src.base.trainer - INFO - evaluating now!
2026-05-20 14:27:08,383 - src.base.trainer - INFO - Epoch [19/250] (3180) train_mae: 0.0000, val_mae: 0.0000, lr: 0.000049, 5.6s
2026-05-20 14:27:10,036 - src.base.trainer - INFO - Epoch [20/250] (3200) train_mae: 0.0000, val_mae: 0.0000 
2026-05-20 14:27:14,902 - src.base.trainer - INFO - epoch complete
2026-05-20 14:27:14,902 - src.base.trainer - INFO - evaluating now!
2026-05-20 14:27:15,822 - src.base.trainer - INFO - Epoch [20/250] (3339) train_mae: 0.0000, val_mae: 0.0000, lr: 0.000049, 6.5s
2026-05-20 14:27:21,408 - src.base.trainer - INFO - epoch complete
2026-05-20 14:27:21,408 - src.base.trainer - INFO - evaluating now!
2026-05-20 14:27:22,326 - src.base.trainer - INFO - Epoch [21/250] (3498) train_mae: 0.0000, val_mae: 0.0000, lr: 0.000049, 5.6s
2026-05-20 14:27:26,809 - src.base.trainer - INFO - Epoch [22/250] (3600) train_mae: 0.0000, val_mae: 0.0000 
2026-05-20 14:27:28,786 - src.base.trainer - INFO - epoch complete
2026-05-20 14:27:28,787 - src.base.trainer - INFO - evaluating now!
2026-05-20 14:27:29,707 - src.base.trainer - INFO - Epoch [22/250] (3657) train_mae: 0.0000, val_mae: 0.0000, lr: 0.000049, 6.5s
2026-05-20 14:27:35,266 - src.base.trainer - INFO - epoch complete
2026-05-20 14:27:35,266 - src.base.trainer - INFO - evaluating now!
2026-05-20 14:27:36,184 - src.base.trainer - INFO - Epoch [23/250] (3816) train_mae: 0.0000, val_mae: 0.0000, lr: 0.000049, 5.6s
2026-05-20 14:27:41,783 - src.base.trainer - INFO - epoch complete
2026-05-20 14:27:41,786 - src.base.trainer - INFO - evaluating now!
2026-05-20 14:27:42,706 - src.base.trainer - INFO - Epoch [24/250] (3975) train_mae: 0.0000, val_mae: 0.0000, lr: 0.000049, 5.6s
2026-05-20 14:27:44,501 - src.base.trainer - INFO - Epoch [25/250] (4000) train_mae: 0.0000, val_mae: 0.0000 
2026-05-20 14:27:49,169 - src.base.trainer - INFO - epoch complete
2026-05-20 14:27:49,169 - src.base.trainer - INFO - evaluating now!
2026-05-20 14:27:50,092 - src.base.trainer - INFO - Epoch [25/250] (4134) train_mae: 0.0000, val_mae: 0.0000, lr: 0.000049, 6.5s
2026-05-20 14:27:55,624 - src.base.trainer - INFO - epoch complete
2026-05-20 14:27:55,624 - src.base.trainer - INFO - evaluating now!
2026-05-20 14:27:56,543 - src.base.trainer - INFO - Epoch [26/250] (4293) train_mae: 0.0000, val_mae: 0.0000, lr: 0.000049, 5.5s
2026-05-20 14:28:01,194 - src.base.trainer - INFO - Epoch [27/250] (4400) train_mae: 0.0000, val_mae: 0.0000 
2026-05-20 14:28:02,991 - src.base.trainer - INFO - epoch complete
2026-05-20 14:28:02,991 - src.base.trainer - INFO - evaluating now!
2026-05-20 14:28:03,915 - src.base.trainer - INFO - Epoch [27/250] (4452) train_mae: 0.0000, val_mae: 0.0000, lr: 0.000049, 6.4s
2026-05-20 14:28:09,452 - src.base.trainer - INFO - epoch complete
2026-05-20 14:28:09,452 - src.base.trainer - INFO - evaluating now!
2026-05-20 14:28:10,373 - src.base.trainer - INFO - Epoch [28/250] (4611) train_mae: 0.0000, val_mae: 0.0000, lr: 0.000049, 5.5s
2026-05-20 14:28:15,925 - src.base.trainer - INFO - epoch complete
2026-05-20 14:28:15,925 - src.base.trainer - INFO - evaluating now!
2026-05-20 14:28:16,843 - src.base.trainer - INFO - Epoch [29/250] (4770) train_mae: 0.0000, val_mae: 0.0000, lr: 0.000034, 5.6s
2026-05-20 14:28:18,815 - src.base.trainer - INFO - Epoch [30/250] (4800) train_mae: 0.0000, val_mae: 0.0000 
2026-05-20 14:28:23,456 - src.base.trainer - INFO - epoch complete
2026-05-20 14:28:23,456 - src.base.trainer - INFO - evaluating now!
2026-05-20 14:28:24,376 - src.base.trainer - INFO - Epoch [30/250] (4929) train_mae: 0.0000, val_mae: 0.0000, lr: 0.000034, 6.6s
2026-05-20 14:28:29,951 - src.base.trainer - INFO - epoch complete
2026-05-20 14:28:29,951 - src.base.trainer - INFO - evaluating now!
2026-05-20 14:28:30,870 - src.base.trainer - INFO - Epoch [31/250] (5088) train_mae: 0.0000, val_mae: 0.0000, lr: 0.000034, 5.6s
2026-05-20 14:28:35,715 - src.base.trainer - INFO - Epoch [32/250] (5200) train_mae: 0.0000, val_mae: 0.0000 
2026-05-20 14:28:37,333 - src.base.trainer - INFO - epoch complete
2026-05-20 14:28:37,333 - src.base.trainer - INFO - evaluating now!
2026-05-20 14:28:38,258 - src.base.trainer - INFO - Epoch [32/250] (5247) train_mae: 0.0000, val_mae: 0.0000, lr: 0.000034, 6.5s
2026-05-20 14:28:43,793 - src.base.trainer - INFO - epoch complete
2026-05-20 14:28:43,793 - src.base.trainer - INFO - evaluating now!
2026-05-20 14:28:44,713 - src.base.trainer - INFO - Epoch [33/250] (5406) train_mae: 0.0000, val_mae: 0.0000, lr: 0.000034, 5.5s
2026-05-20 14:28:50,268 - src.base.trainer - INFO - epoch complete
2026-05-20 14:28:50,268 - src.base.trainer - INFO - evaluating now!
2026-05-20 14:28:51,189 - src.base.trainer - INFO - Epoch [34/250] (5565) train_mae: 0.0000, val_mae: 0.0000, lr: 0.000034, 5.6s
2026-05-20 14:28:53,334 - src.base.trainer - INFO - Epoch [35/250] (5600) train_mae: 0.0000, val_mae: 0.0000 
2026-05-20 14:28:57,648 - src.base.trainer - INFO - epoch complete
2026-05-20 14:28:57,649 - src.base.trainer - INFO - evaluating now!
2026-05-20 14:28:58,572 - src.base.trainer - INFO - Epoch [35/250] (5724) train_mae: 0.0000, val_mae: 0.0000, lr: 0.000034, 6.5s
2026-05-20 14:29:04,133 - src.base.trainer - INFO - epoch complete
2026-05-20 14:29:04,133 - src.base.trainer - INFO - evaluating now!
2026-05-20 14:29:05,062 - src.base.trainer - INFO - Epoch [36/250] (5883) train_mae: 0.0000, val_mae: 0.0000, lr: 0.000034, 5.6s
2026-05-20 14:29:10,069 - src.base.trainer - INFO - Epoch [37/250] (6000) train_mae: 0.0000, val_mae: 0.0000 
2026-05-20 14:29:11,580 - src.base.trainer - INFO - epoch complete
2026-05-20 14:29:11,582 - src.base.trainer - INFO - evaluating now!
2026-05-20 14:29:12,503 - src.base.trainer - INFO - Epoch [37/250] (6042) train_mae: 0.0000, val_mae: 0.0000, lr: 0.000034, 6.5s
2026-05-20 14:29:18,051 - src.base.trainer - INFO - epoch complete
2026-05-20 14:29:18,051 - src.base.trainer - INFO - evaluating now!
2026-05-20 14:29:18,969 - src.base.trainer - INFO - Epoch [38/250] (6201) train_mae: 0.0000, val_mae: 0.0000, lr: 0.000034, 5.5s
2026-05-20 14:29:24,508 - src.base.trainer - INFO - epoch complete
2026-05-20 14:29:24,508 - src.base.trainer - INFO - evaluating now!
2026-05-20 14:29:25,429 - src.base.trainer - INFO - Epoch [39/250] (6360) train_mae: 0.0000, val_mae: 0.0000, lr: 0.000024, 5.5s
2026-05-20 14:29:27,740 - src.base.trainer - INFO - Epoch [40/250] (6400) train_mae: 0.0000, val_mae: 0.0000 
2026-05-20 14:29:32,006 - src.base.trainer - INFO - epoch complete
2026-05-20 14:29:32,006 - src.base.trainer - INFO - evaluating now!
2026-05-20 14:29:32,930 - src.base.trainer - INFO - Epoch [40/250] (6519) train_mae: 0.0000, val_mae: 0.0000, lr: 0.000024, 6.6s
2026-05-20 14:29:38,764 - src.base.trainer - INFO - epoch complete
2026-05-20 14:29:38,764 - src.base.trainer - INFO - evaluating now!
2026-05-20 14:29:39,776 - src.base.trainer - INFO - Epoch [41/250] (6678) train_mae: 0.0000, val_mae: 0.0000, lr: 0.000024, 5.8s
2026-05-20 14:29:45,099 - src.base.trainer - INFO - Epoch [42/250] (6800) train_mae: 0.0000, val_mae: 0.0000 
2026-05-20 14:29:46,387 - src.base.trainer - INFO - epoch complete
2026-05-20 14:29:46,387 - src.base.trainer - INFO - evaluating now!
2026-05-20 14:29:47,320 - src.base.trainer - INFO - Epoch [42/250] (6837) train_mae: 0.0000, val_mae: 0.0000, lr: 0.000024, 6.6s
2026-05-20 14:29:53,017 - src.base.trainer - INFO - epoch complete
2026-05-20 14:29:53,019 - src.base.trainer - INFO - evaluating now!
2026-05-20 14:29:54,042 - src.base.trainer - INFO - Epoch [43/250] (6996) train_mae: 0.0000, val_mae: 0.0000, lr: 0.000024, 5.7s
2026-05-20 14:29:59,602 - src.base.trainer - INFO - epoch complete
2026-05-20 14:29:59,602 - src.base.trainer - INFO - evaluating now!
2026-05-20 14:30:00,531 - src.base.trainer - INFO - Epoch [44/250] (7155) train_mae: 0.0000, val_mae: 0.0000, lr: 0.000024, 5.6s
2026-05-20 14:30:03,157 - src.base.trainer - INFO - Epoch [45/250] (7200) train_mae: 0.0000, val_mae: 0.0000 
2026-05-20 14:30:07,255 - src.base.trainer - INFO - epoch complete
2026-05-20 14:30:07,255 - src.base.trainer - INFO - evaluating now!
2026-05-20 14:30:08,233 - src.base.trainer - INFO - Epoch [45/250] (7314) train_mae: 0.0000, val_mae: 0.0000, lr: 0.000024, 6.7s
2026-05-20 14:30:13,987 - src.base.trainer - INFO - epoch complete
2026-05-20 14:30:13,989 - src.base.trainer - INFO - evaluating now!
2026-05-20 14:30:15,186 - src.base.trainer - INFO - Epoch [46/250] (7473) train_mae: 0.0000, val_mae: 0.0000, lr: 0.000024, 5.8s
2026-05-20 14:30:20,875 - src.base.trainer - INFO - Epoch [47/250] (7600) train_mae: 0.0000, val_mae: 0.0000 
2026-05-20 14:30:22,347 - src.base.trainer - INFO - epoch complete
2026-05-20 14:30:22,349 - src.base.trainer - INFO - evaluating now!
2026-05-20 14:30:23,479 - src.base.trainer - INFO - Epoch [47/250] (7632) train_mae: 0.0000, val_mae: 0.0000, lr: 0.000024, 7.2s
2026-05-20 14:32:08,806 - src.base.trainer - INFO - the number of parameters: 56460
2026-05-20 14:32:08,809 - src.base.trainer - INFO - start training !!!!!
2026-05-20 14:32:14,327 - src.base.trainer - INFO - epoch complete
2026-05-20 14:32:14,327 - src.base.trainer - INFO - evaluating now!
2026-05-20 14:32:15,240 - src.base.trainer - INFO - Epoch [0/250] (159) train_mae: 14.0328, val_mae: 11.1339, lr: 0.000100, 5.5s
2026-05-20 14:32:15,243 - src.base.trainer - INFO - Val loss decrease from inf to 11.1339, saving to True
2026-05-20 14:32:20,738 - src.base.trainer - INFO - epoch complete
2026-05-20 14:32:20,738 - src.base.trainer - INFO - evaluating now!
2026-05-20 14:32:21,647 - src.base.trainer - INFO - Epoch [1/250] (318) train_mae: 9.4463, val_mae: 9.2191, lr: 0.000100, 5.5s
2026-05-20 14:32:21,648 - src.base.trainer - INFO - Val loss decrease from 11.1339 to 9.2191, saving to True
2026-05-20 14:32:25,529 - src.base.trainer - INFO - Epoch [2/250] (400) train_mae: 8.4423, val_mae: 8.5293 
2026-05-20 14:32:25,530 - src.base.trainer - INFO - Val loss decrease from 9.2191 to 8.5293, saving to True
2026-05-20 14:32:38,920 - src.base.trainer - INFO - the number of parameters: 56460
2026-05-20 14:32:38,922 - src.base.trainer - INFO - start training !!!!!
2026-05-20 14:32:44,431 - src.base.trainer - INFO - epoch complete
2026-05-20 14:32:44,431 - src.base.trainer - INFO - evaluating now!
2026-05-20 14:32:45,348 - src.base.trainer - INFO - Epoch [0/250] (159) train_mae: 11.1448, val_mae: 10.2008, lr: 0.000100, 5.5s
2026-05-20 14:32:45,352 - src.base.trainer - INFO - Val loss decrease from inf to 10.2008, saving to True
2026-05-20 14:32:50,864 - src.base.trainer - INFO - epoch complete
2026-05-20 14:32:50,864 - src.base.trainer - INFO - evaluating now!
2026-05-20 14:32:51,779 - src.base.trainer - INFO - Epoch [1/250] (318) train_mae: 6.8142, val_mae: 7.5043, lr: 0.000100, 5.5s
2026-05-20 14:32:51,780 - src.base.trainer - INFO - Val loss decrease from 10.2008 to 7.5043, saving to True
2026-05-20 14:32:55,683 - src.base.trainer - INFO - Epoch [2/250] (400) train_mae: 5.6929, val_mae: 6.7699 
2026-05-20 14:32:55,686 - src.base.trainer - INFO - Val loss decrease from 7.5043 to 6.7699, saving to True
2026-05-20 14:32:58,527 - src.base.trainer - INFO - epoch complete
2026-05-20 14:32:58,527 - src.base.trainer - INFO - evaluating now!
2026-05-20 14:32:59,449 - src.base.trainer - INFO - Epoch [2/250] (477) train_mae: 5.3780, val_mae: 6.2811, lr: 0.000100, 6.7s
2026-05-20 14:32:59,450 - src.base.trainer - INFO - Val loss decrease from 6.7699 to 6.2811, saving to True
2026-05-20 14:33:05,019 - src.base.trainer - INFO - epoch complete
2026-05-20 14:33:05,020 - src.base.trainer - INFO - evaluating now!
2026-05-20 14:33:05,973 - src.base.trainer - INFO - Epoch [3/250] (636) train_mae: 4.6965, val_mae: 5.6140, lr: 0.000100, 5.6s
2026-05-20 14:33:05,974 - src.base.trainer - INFO - Val loss decrease from 6.2811 to 5.6140, saving to True
2026-05-20 14:33:11,549 - src.base.trainer - INFO - epoch complete
2026-05-20 14:33:11,549 - src.base.trainer - INFO - evaluating now!
2026-05-20 14:33:12,475 - src.base.trainer - INFO - Epoch [4/250] (795) train_mae: 4.2815, val_mae: 5.1349, lr: 0.000100, 5.6s
2026-05-20 14:33:12,477 - src.base.trainer - INFO - Val loss decrease from 5.6140 to 5.1349, saving to True
2026-05-20 14:33:13,580 - src.base.trainer - INFO - Epoch [5/250] (800) train_mae: 4.3522, val_mae: 5.1124 
2026-05-20 14:33:13,581 - src.base.trainer - INFO - Val loss decrease from 5.1349 to 5.1124, saving to True
2026-05-20 14:33:18,973 - src.base.trainer - INFO - epoch complete
2026-05-20 14:33:18,974 - src.base.trainer - INFO - evaluating now!
2026-05-20 14:33:19,898 - src.base.trainer - INFO - Epoch [5/250] (954) train_mae: 3.9619, val_mae: 4.7619, lr: 0.000100, 6.5s
2026-05-20 14:33:19,899 - src.base.trainer - INFO - Val loss decrease from 5.1124 to 4.7619, saving to True
2026-05-20 14:33:25,478 - src.base.trainer - INFO - epoch complete
2026-05-20 14:33:25,478 - src.base.trainer - INFO - evaluating now!
2026-05-20 14:33:26,421 - src.base.trainer - INFO - Epoch [6/250] (1113) train_mae: 3.7291, val_mae: 4.5113, lr: 0.000100, 5.6s
2026-05-20 14:33:26,424 - src.base.trainer - INFO - Val loss decrease from 4.7619 to 4.5113, saving to True
2026-05-20 14:33:30,411 - src.base.trainer - INFO - Epoch [7/250] (1200) train_mae: 3.6148, val_mae: 4.4216 
2026-05-20 14:33:30,412 - src.base.trainer - INFO - Val loss decrease from 4.5113 to 4.4216, saving to True
2026-05-20 14:33:32,911 - src.base.trainer - INFO - epoch complete
2026-05-20 14:33:32,912 - src.base.trainer - INFO - evaluating now!
2026-05-20 14:33:33,835 - src.base.trainer - INFO - Epoch [7/250] (1272) train_mae: 3.5764, val_mae: 4.3264, lr: 0.000100, 6.5s
2026-05-20 14:33:33,837 - src.base.trainer - INFO - Val loss decrease from 4.4216 to 4.3264, saving to True
2026-05-20 14:33:39,353 - src.base.trainer - INFO - epoch complete
2026-05-20 14:33:39,353 - src.base.trainer - INFO - evaluating now!
2026-05-20 14:33:40,271 - src.base.trainer - INFO - Epoch [8/250] (1431) train_mae: 3.4524, val_mae: 4.1956, lr: 0.000100, 5.5s
2026-05-20 14:33:40,272 - src.base.trainer - INFO - Val loss decrease from 4.3264 to 4.1956, saving to True
2026-05-20 14:33:45,781 - src.base.trainer - INFO - epoch complete
2026-05-20 14:33:45,781 - src.base.trainer - INFO - evaluating now!
2026-05-20 14:33:46,694 - src.base.trainer - INFO - Epoch [9/250] (1590) train_mae: 3.3591, val_mae: 4.0798, lr: 0.000070, 5.5s
2026-05-20 14:33:46,695 - src.base.trainer - INFO - Val loss decrease from 4.1956 to 4.0798, saving to True
2026-05-20 14:33:47,950 - src.base.trainer - INFO - Epoch [10/250] (1600) train_mae: 3.2846, val_mae: 4.0725 
2026-05-20 14:33:47,952 - src.base.trainer - INFO - Val loss decrease from 4.0798 to 4.0725, saving to True
2026-05-20 14:33:53,128 - src.base.trainer - INFO - epoch complete
2026-05-20 14:33:53,128 - src.base.trainer - INFO - evaluating now!
2026-05-20 14:33:54,063 - src.base.trainer - INFO - Epoch [10/250] (1749) train_mae: 3.2768, val_mae: 3.9834, lr: 0.000070, 6.4s
2026-05-20 14:33:54,064 - src.base.trainer - INFO - Val loss decrease from 4.0725 to 3.9834, saving to True
2026-05-20 14:33:59,581 - src.base.trainer - INFO - epoch complete
2026-05-20 14:33:59,581 - src.base.trainer - INFO - evaluating now!
2026-05-20 14:34:00,513 - src.base.trainer - INFO - Epoch [11/250] (1908) train_mae: 3.2141, val_mae: 3.9055, lr: 0.000070, 5.5s
2026-05-20 14:34:00,514 - src.base.trainer - INFO - Val loss decrease from 3.9834 to 3.9055, saving to True
2026-05-20 14:34:04,643 - src.base.trainer - INFO - Epoch [12/250] (2000) train_mae: 3.1533, val_mae: 3.8524 
2026-05-20 14:34:04,644 - src.base.trainer - INFO - Val loss decrease from 3.9055 to 3.8524, saving to True
2026-05-20 14:34:06,958 - src.base.trainer - INFO - epoch complete
2026-05-20 14:34:06,958 - src.base.trainer - INFO - evaluating now!
2026-05-20 14:34:07,877 - src.base.trainer - INFO - Epoch [12/250] (2067) train_mae: 3.1509, val_mae: 3.8294, lr: 0.000070, 6.4s
2026-05-20 14:34:07,878 - src.base.trainer - INFO - Val loss decrease from 3.8524 to 3.8294, saving to True
2026-05-20 14:34:13,420 - src.base.trainer - INFO - epoch complete
2026-05-20 14:34:13,420 - src.base.trainer - INFO - evaluating now!
2026-05-20 14:34:14,338 - src.base.trainer - INFO - Epoch [13/250] (2226) train_mae: 3.1034, val_mae: 3.7646, lr: 0.000070, 5.5s
2026-05-20 14:34:14,339 - src.base.trainer - INFO - Val loss decrease from 3.8294 to 3.7646, saving to True
2026-05-20 14:34:19,981 - src.base.trainer - INFO - epoch complete
2026-05-20 14:34:19,984 - src.base.trainer - INFO - evaluating now!
2026-05-20 14:34:20,902 - src.base.trainer - INFO - Epoch [14/250] (2385) train_mae: 3.0507, val_mae: 3.7047, lr: 0.000070, 5.6s
2026-05-20 14:34:20,903 - src.base.trainer - INFO - Val loss decrease from 3.7646 to 3.7047, saving to True
2026-05-20 14:34:22,358 - src.base.trainer - INFO - Epoch [15/250] (2400) train_mae: 3.0329, val_mae: 3.7034 
2026-05-20 14:34:22,359 - src.base.trainer - INFO - Val loss decrease from 3.7047 to 3.7034, saving to True
2026-05-20 14:50:20,095 - src.base.trainer - INFO - epoch complete
2026-05-20 14:50:20,095 - src.base.trainer - INFO - evaluating now!
2026-05-20 14:50:21,955 - src.base.trainer - INFO - Epoch [15/250] (2544) train_mae: 3.0130, val_mae: 3.6663, lr: 0.000070, 959.2s
2026-05-20 14:50:21,957 - src.base.trainer - INFO - Val loss decrease from 3.7034 to 3.6663, saving to True
2026-05-20 14:50:30,247 - src.base.trainer - INFO - epoch complete
2026-05-20 14:50:30,250 - src.base.trainer - INFO - evaluating now!
2026-05-20 14:50:31,680 - src.base.trainer - INFO - Epoch [16/250] (2703) train_mae: 2.9787, val_mae: 3.6314, lr: 0.000070, 8.3s
2026-05-20 14:50:31,682 - src.base.trainer - INFO - Val loss decrease from 3.6663 to 3.6314, saving to True
2026-05-20 14:50:38,650 - src.base.trainer - INFO - Epoch [17/250] (2800) train_mae: 2.8812, val_mae: 3.5957 
2026-05-20 14:50:38,651 - src.base.trainer - INFO - Val loss decrease from 3.6314 to 3.5957, saving to True
2026-05-20 14:50:41,701 - src.base.trainer - INFO - epoch complete
2026-05-20 14:50:41,701 - src.base.trainer - INFO - evaluating now!
2026-05-20 14:50:43,138 - src.base.trainer - INFO - Epoch [17/250] (2862) train_mae: 2.9457, val_mae: 3.5748, lr: 0.000070, 10.0s
2026-05-20 14:50:43,139 - src.base.trainer - INFO - Val loss decrease from 3.5957 to 3.5748, saving to True
2026-05-20 14:50:52,022 - src.base.trainer - INFO - epoch complete
2026-05-20 14:50:52,025 - src.base.trainer - INFO - evaluating now!
2026-05-20 14:50:53,609 - src.base.trainer - INFO - Epoch [18/250] (3021) train_mae: 2.9123, val_mae: 3.5358, lr: 0.000070, 8.9s
2026-05-20 14:50:53,611 - src.base.trainer - INFO - Val loss decrease from 3.5748 to 3.5358, saving to True
2026-05-20 14:51:02,605 - src.base.trainer - INFO - epoch complete
2026-05-20 14:51:02,607 - src.base.trainer - INFO - evaluating now!
2026-05-20 14:51:04,292 - src.base.trainer - INFO - Epoch [19/250] (3180) train_mae: 2.8945, val_mae: 3.5175, lr: 0.000049, 9.0s
2026-05-20 14:51:04,295 - src.base.trainer - INFO - Val loss decrease from 3.5358 to 3.5175, saving to True
2026-05-20 14:51:07,036 - src.base.trainer - INFO - Epoch [20/250] (3200) train_mae: 2.8244, val_mae: 3.4993 
2026-05-20 14:51:07,039 - src.base.trainer - INFO - Val loss decrease from 3.5175 to 3.4993, saving to True
2026-05-20 14:51:24,252 - src.base.trainer - INFO - epoch complete
2026-05-20 14:51:24,252 - src.base.trainer - INFO - evaluating now!
2026-05-20 14:51:25,649 - src.base.trainer - INFO - Epoch [20/250] (3339) train_mae: 2.8661, val_mae: 3.4859, lr: 0.000049, 20.0s
2026-05-20 14:51:25,651 - src.base.trainer - INFO - Val loss decrease from 3.4993 to 3.4859, saving to True
2026-05-20 14:51:33,337 - src.base.trainer - INFO - epoch complete
2026-05-20 14:51:33,340 - src.base.trainer - INFO - evaluating now!
2026-05-20 14:51:35,390 - src.base.trainer - INFO - Epoch [21/250] (3498) train_mae: 2.8440, val_mae: 3.4443, lr: 0.000049, 7.7s
2026-05-20 14:51:35,392 - src.base.trainer - INFO - Val loss decrease from 3.4859 to 3.4443, saving to True
2026-05-20 14:51:44,841 - src.base.trainer - INFO - Epoch [22/250] (3600) train_mae: 2.8348, val_mae: 3.4320 
2026-05-20 14:51:44,843 - src.base.trainer - INFO - Val loss decrease from 3.4443 to 3.4320, saving to True
2026-05-20 14:51:49,063 - src.base.trainer - INFO - epoch complete
2026-05-20 14:51:49,063 - src.base.trainer - INFO - evaluating now!
2026-05-20 14:51:51,117 - src.base.trainer - INFO - Epoch [22/250] (3657) train_mae: 2.8247, val_mae: 3.4205, lr: 0.000049, 13.7s
2026-05-20 14:51:51,120 - src.base.trainer - INFO - Val loss decrease from 3.4320 to 3.4205, saving to True
2026-05-20 14:52:02,447 - src.base.trainer - INFO - epoch complete
2026-05-20 14:52:02,448 - src.base.trainer - INFO - evaluating now!
2026-05-20 14:52:04,277 - src.base.trainer - INFO - Epoch [23/250] (3816) train_mae: 2.8040, val_mae: 3.4040, lr: 0.000049, 11.3s
2026-05-20 14:52:04,279 - src.base.trainer - INFO - Val loss decrease from 3.4205 to 3.4040, saving to True
2026-05-20 14:52:15,960 - src.base.trainer - INFO - epoch complete
2026-05-20 14:52:15,961 - src.base.trainer - INFO - evaluating now!
2026-05-20 14:52:18,003 - src.base.trainer - INFO - Epoch [24/250] (3975) train_mae: 2.7928, val_mae: 3.3856, lr: 0.000049, 11.7s
2026-05-20 14:52:18,005 - src.base.trainer - INFO - Val loss decrease from 3.4040 to 3.3856, saving to True
2026-05-20 14:52:21,820 - src.base.trainer - INFO - Epoch [25/250] (4000) train_mae: 2.8739, val_mae: 3.3780 
2026-05-20 14:52:21,823 - src.base.trainer - INFO - Val loss decrease from 3.3856 to 3.3780, saving to True
2026-05-20 14:52:31,216 - src.base.trainer - INFO - epoch complete
2026-05-20 14:52:31,216 - src.base.trainer - INFO - evaluating now!
2026-05-20 14:52:33,003 - src.base.trainer - INFO - Epoch [25/250] (4134) train_mae: 2.7721, val_mae: 3.3618, lr: 0.000049, 13.2s
2026-05-20 14:52:33,005 - src.base.trainer - INFO - Val loss decrease from 3.3780 to 3.3618, saving to True
2026-05-20 14:52:43,919 - src.base.trainer - INFO - epoch complete
2026-05-20 14:52:43,920 - src.base.trainer - INFO - evaluating now!
2026-05-20 14:52:45,703 - src.base.trainer - INFO - Epoch [26/250] (4293) train_mae: 2.7631, val_mae: 3.3983, lr: 0.000049, 10.9s
2026-05-20 14:52:53,646 - src.base.trainer - INFO - Epoch [27/250] (4400) train_mae: 2.7458, val_mae: 3.3300 
2026-05-20 14:52:53,648 - src.base.trainer - INFO - Val loss decrease from 3.3618 to 3.3300, saving to True
2026-05-20 14:52:56,512 - src.base.trainer - INFO - epoch complete
2026-05-20 14:52:56,512 - src.base.trainer - INFO - evaluating now!
2026-05-20 14:52:58,137 - src.base.trainer - INFO - Epoch [27/250] (4452) train_mae: 2.7445, val_mae: 3.3420, lr: 0.000049, 10.8s
2026-05-20 14:53:07,933 - src.base.trainer - INFO - epoch complete
2026-05-20 14:53:07,933 - src.base.trainer - INFO - evaluating now!
2026-05-20 14:53:09,608 - src.base.trainer - INFO - Epoch [28/250] (4611) train_mae: 2.7355, val_mae: 3.3141, lr: 0.000049, 9.8s
2026-05-20 14:53:09,610 - src.base.trainer - INFO - Val loss decrease from 3.3300 to 3.3141, saving to True
2026-05-20 14:53:17,863 - src.base.trainer - INFO - epoch complete
2026-05-20 14:53:17,863 - src.base.trainer - INFO - evaluating now!
2026-05-20 14:53:19,327 - src.base.trainer - INFO - Epoch [29/250] (4770) train_mae: 2.7155, val_mae: 3.2850, lr: 0.000034, 8.3s
2026-05-20 14:53:19,329 - src.base.trainer - INFO - Val loss decrease from 3.3141 to 3.2850, saving to True
2026-05-20 14:53:22,304 - src.base.trainer - INFO - Epoch [30/250] (4800) train_mae: 2.7822, val_mae: 3.2914 
2026-05-20 14:53:29,144 - src.base.trainer - INFO - epoch complete
2026-05-20 14:53:29,144 - src.base.trainer - INFO - evaluating now!
2026-05-20 14:53:30,708 - src.base.trainer - INFO - Epoch [30/250] (4929) train_mae: 2.7032, val_mae: 3.2813, lr: 0.000034, 9.8s
2026-05-20 14:53:30,710 - src.base.trainer - INFO - Val loss decrease from 3.2850 to 3.2813, saving to True
2026-05-20 14:53:39,159 - src.base.trainer - INFO - epoch complete
2026-05-20 14:53:39,159 - src.base.trainer - INFO - evaluating now!
2026-05-20 14:53:40,719 - src.base.trainer - INFO - Epoch [31/250] (5088) train_mae: 2.6919, val_mae: 3.2778, lr: 0.000034, 8.4s
2026-05-20 14:53:40,721 - src.base.trainer - INFO - Val loss decrease from 3.2813 to 3.2778, saving to True
2026-05-20 14:53:48,306 - src.base.trainer - INFO - Epoch [32/250] (5200) train_mae: 2.7193, val_mae: 3.2542 
2026-05-20 14:53:48,308 - src.base.trainer - INFO - Val loss decrease from 3.2778 to 3.2542, saving to True
2026-05-20 14:53:50,936 - src.base.trainer - INFO - epoch complete
2026-05-20 14:53:50,936 - src.base.trainer - INFO - evaluating now!
2026-05-20 14:53:52,539 - src.base.trainer - INFO - Epoch [32/250] (5247) train_mae: 2.6789, val_mae: 3.2486, lr: 0.000034, 10.2s
2026-05-20 14:53:52,541 - src.base.trainer - INFO - Val loss decrease from 3.2542 to 3.2486, saving to True
2026-05-20 14:54:01,139 - src.base.trainer - INFO - epoch complete
2026-05-20 14:54:01,139 - src.base.trainer - INFO - evaluating now!
2026-05-20 14:54:02,695 - src.base.trainer - INFO - Epoch [33/250] (5406) train_mae: 2.6711, val_mae: 3.2331, lr: 0.000034, 8.6s
2026-05-20 14:54:02,697 - src.base.trainer - INFO - Val loss decrease from 3.2486 to 3.2331, saving to True
2026-05-20 14:54:11,174 - src.base.trainer - INFO - epoch complete
2026-05-20 14:54:11,174 - src.base.trainer - INFO - evaluating now!
2026-05-20 14:54:12,742 - src.base.trainer - INFO - Epoch [34/250] (5565) train_mae: 2.6587, val_mae: 3.2334, lr: 0.000034, 8.5s
2026-05-20 14:54:16,129 - src.base.trainer - INFO - Epoch [35/250] (5600) train_mae: 2.7700, val_mae: 3.2200 
2026-05-20 14:54:16,130 - src.base.trainer - INFO - Val loss decrease from 3.2331 to 3.2200, saving to True
2026-05-20 14:54:22,682 - src.base.trainer - INFO - epoch complete
2026-05-20 14:54:22,682 - src.base.trainer - INFO - evaluating now!
2026-05-20 14:54:24,246 - src.base.trainer - INFO - Epoch [35/250] (5724) train_mae: 2.6559, val_mae: 3.2087, lr: 0.000034, 9.9s
2026-05-20 14:54:24,248 - src.base.trainer - INFO - Val loss decrease from 3.2200 to 3.2087, saving to True
2026-05-20 14:54:32,720 - src.base.trainer - INFO - epoch complete
2026-05-20 14:54:32,720 - src.base.trainer - INFO - evaluating now!
2026-05-20 14:54:34,271 - src.base.trainer - INFO - Epoch [36/250] (5883) train_mae: 2.6528, val_mae: 3.1966, lr: 0.000034, 8.5s
2026-05-20 14:54:34,273 - src.base.trainer - INFO - Val loss decrease from 3.2087 to 3.1966, saving to True
2026-05-20 14:54:42,010 - src.base.trainer - INFO - Epoch [37/250] (6000) train_mae: 2.6386, val_mae: 3.1956 
2026-05-20 14:54:42,012 - src.base.trainer - INFO - Val loss decrease from 3.1966 to 3.1956, saving to True
2026-05-20 14:54:44,237 - src.base.trainer - INFO - epoch complete
2026-05-20 14:54:44,237 - src.base.trainer - INFO - evaluating now!
2026-05-20 14:54:45,778 - src.base.trainer - INFO - Epoch [37/250] (6042) train_mae: 2.6350, val_mae: 3.1884, lr: 0.000034, 10.0s
2026-05-20 14:54:45,780 - src.base.trainer - INFO - Val loss decrease from 3.1956 to 3.1884, saving to True
2026-05-20 14:54:54,275 - src.base.trainer - INFO - epoch complete
2026-05-20 14:54:54,275 - src.base.trainer - INFO - evaluating now!
2026-05-20 14:54:55,854 - src.base.trainer - INFO - Epoch [38/250] (6201) train_mae: 2.6277, val_mae: 3.1748, lr: 0.000034, 8.5s
2026-05-20 14:54:55,856 - src.base.trainer - INFO - Val loss decrease from 3.1884 to 3.1748, saving to True
2026-05-20 14:55:04,605 - src.base.trainer - INFO - epoch complete
2026-05-20 14:55:04,605 - src.base.trainer - INFO - evaluating now!
2026-05-20 14:55:06,128 - src.base.trainer - INFO - Epoch [39/250] (6360) train_mae: 2.6222, val_mae: 3.1749, lr: 0.000024, 8.7s
2026-05-20 14:55:09,621 - src.base.trainer - INFO - Epoch [40/250] (6400) train_mae: 2.6023, val_mae: 3.1723 
2026-05-20 14:55:09,623 - src.base.trainer - INFO - Val loss decrease from 3.1748 to 3.1723, saving to True
2026-05-20 14:55:15,898 - src.base.trainer - INFO - epoch complete
2026-05-20 14:55:15,898 - src.base.trainer - INFO - evaluating now!
2026-05-20 14:55:17,787 - src.base.trainer - INFO - Epoch [40/250] (6519) train_mae: 2.6136, val_mae: 3.1674, lr: 0.000024, 9.8s
2026-05-20 14:55:17,790 - src.base.trainer - INFO - Val loss decrease from 3.1723 to 3.1674, saving to True
2026-05-20 14:55:26,462 - src.base.trainer - INFO - epoch complete
2026-05-20 14:55:26,462 - src.base.trainer - INFO - evaluating now!
2026-05-20 14:55:28,055 - src.base.trainer - INFO - Epoch [41/250] (6678) train_mae: 2.6057, val_mae: 3.1619, lr: 0.000024, 8.7s
2026-05-20 14:55:28,057 - src.base.trainer - INFO - Val loss decrease from 3.1674 to 3.1619, saving to True
2026-05-20 14:55:36,254 - src.base.trainer - INFO - Epoch [42/250] (6800) train_mae: 2.5838, val_mae: 3.1492 
2026-05-20 14:55:36,256 - src.base.trainer - INFO - Val loss decrease from 3.1619 to 3.1492, saving to True
2026-05-20 14:55:38,415 - src.base.trainer - INFO - epoch complete
2026-05-20 14:55:38,415 - src.base.trainer - INFO - evaluating now!
2026-05-20 14:55:40,348 - src.base.trainer - INFO - Epoch [42/250] (6837) train_mae: 2.6004, val_mae: 3.1489, lr: 0.000024, 10.4s
2026-05-20 14:55:40,351 - src.base.trainer - INFO - Val loss decrease from 3.1492 to 3.1489, saving to True
2026-05-20 14:55:49,261 - src.base.trainer - INFO - epoch complete
2026-05-20 14:55:49,261 - src.base.trainer - INFO - evaluating now!
2026-05-20 14:55:50,780 - src.base.trainer - INFO - Epoch [43/250] (6996) train_mae: 2.5929, val_mae: 3.1708, lr: 0.000024, 8.9s
2026-05-20 14:55:59,082 - src.base.trainer - INFO - epoch complete
2026-05-20 14:55:59,082 - src.base.trainer - INFO - evaluating now!
2026-05-20 14:56:00,644 - src.base.trainer - INFO - Epoch [44/250] (7155) train_mae: 2.5902, val_mae: 3.1367, lr: 0.000024, 8.3s
2026-05-20 14:56:00,647 - src.base.trainer - INFO - Val loss decrease from 3.1489 to 3.1367, saving to True
2026-05-20 14:56:04,494 - src.base.trainer - INFO - Epoch [45/250] (7200) train_mae: 2.6072, val_mae: 3.1323 
2026-05-20 14:56:04,496 - src.base.trainer - INFO - Val loss decrease from 3.1367 to 3.1323, saving to True
2026-05-20 14:56:10,789 - src.base.trainer - INFO - epoch complete
2026-05-20 14:56:10,790 - src.base.trainer - INFO - evaluating now!
2026-05-20 14:56:12,303 - src.base.trainer - INFO - Epoch [45/250] (7314) train_mae: 2.5799, val_mae: 3.1282, lr: 0.000024, 10.1s
2026-05-20 14:56:12,305 - src.base.trainer - INFO - Val loss decrease from 3.1323 to 3.1282, saving to True
2026-05-20 14:56:20,569 - src.base.trainer - INFO - epoch complete
2026-05-20 14:56:20,569 - src.base.trainer - INFO - evaluating now!
2026-05-20 14:56:22,085 - src.base.trainer - INFO - Epoch [46/250] (7473) train_mae: 2.5748, val_mae: 3.1178, lr: 0.000024, 8.3s
2026-05-20 14:56:22,086 - src.base.trainer - INFO - Val loss decrease from 3.1282 to 3.1178, saving to True
2026-05-20 14:56:30,116 - src.base.trainer - INFO - Epoch [47/250] (7600) train_mae: 2.5640, val_mae: 3.1319 
2026-05-20 14:56:31,763 - src.base.trainer - INFO - epoch complete
2026-05-20 14:56:31,763 - src.base.trainer - INFO - evaluating now!
2026-05-20 14:56:33,261 - src.base.trainer - INFO - Epoch [47/250] (7632) train_mae: 2.5666, val_mae: 3.1221, lr: 0.000024, 9.7s
2026-05-20 15:00:28,392 - src.base.trainer - INFO - epoch complete
2026-05-20 15:00:28,393 - src.base.trainer - INFO - evaluating now!
2026-05-20 15:00:29,303 - src.base.trainer - INFO - Epoch [48/250] (7791) train_mae: 2.5651, val_mae: 3.1068, lr: 0.000024, 235.1s
2026-05-20 15:00:29,306 - src.base.trainer - INFO - Val loss decrease from 3.1178 to 3.1068, saving to True
2026-05-20 15:00:34,818 - src.base.trainer - INFO - epoch complete
2026-05-20 15:00:34,818 - src.base.trainer - INFO - evaluating now!
2026-05-20 15:00:35,728 - src.base.trainer - INFO - Epoch [49/250] (7950) train_mae: 2.5546, val_mae: 3.0951, lr: 0.000017, 5.5s
2026-05-20 15:00:35,729 - src.base.trainer - INFO - Val loss decrease from 3.1068 to 3.0951, saving to True
2026-05-20 15:00:39,877 - src.base.trainer - INFO - Epoch [50/250] (8000) train_mae: 2.5760, val_mae: 3.1172 
2026-05-20 15:00:43,710 - src.base.trainer - INFO - epoch complete
2026-05-20 15:00:43,710 - src.base.trainer - INFO - evaluating now!
2026-05-20 15:00:44,619 - src.base.trainer - INFO - Epoch [50/250] (8109) train_mae: 2.5617, val_mae: 3.0986, lr: 0.000017, 8.0s
2026-05-20 15:00:50,121 - src.base.trainer - INFO - epoch complete
2026-05-20 15:00:50,121 - src.base.trainer - INFO - evaluating now!
2026-05-20 15:00:51,076 - src.base.trainer - INFO - Epoch [51/250] (8268) train_mae: 2.5511, val_mae: 3.0908, lr: 0.000017, 5.5s
2026-05-20 15:00:51,077 - src.base.trainer - INFO - Val loss decrease from 3.0951 to 3.0908, saving to True
2026-05-20 15:00:56,598 - src.base.trainer - INFO - Epoch [52/250] (8400) train_mae: 2.5623, val_mae: 3.0866 
2026-05-20 15:00:56,599 - src.base.trainer - INFO - Val loss decrease from 3.0908 to 3.0866, saving to True
2026-05-20 15:00:57,505 - src.base.trainer - INFO - epoch complete
2026-05-20 15:00:57,505 - src.base.trainer - INFO - evaluating now!
2026-05-20 15:00:58,412 - src.base.trainer - INFO - Epoch [52/250] (8427) train_mae: 2.5488, val_mae: 3.0906, lr: 0.000017, 6.4s
2026-05-20 15:01:03,876 - src.base.trainer - INFO - epoch complete
2026-05-20 15:01:03,876 - src.base.trainer - INFO - evaluating now!
2026-05-20 15:01:04,784 - src.base.trainer - INFO - Epoch [53/250] (8586) train_mae: 2.5341, val_mae: 3.0729, lr: 0.000017, 5.5s
2026-05-20 15:01:04,785 - src.base.trainer - INFO - Val loss decrease from 3.0866 to 3.0729, saving to True
2026-05-20 15:01:10,259 - src.base.trainer - INFO - epoch complete
2026-05-20 15:01:10,259 - src.base.trainer - INFO - evaluating now!
2026-05-20 15:01:11,170 - src.base.trainer - INFO - Epoch [54/250] (8745) train_mae: 2.5335, val_mae: 3.0742, lr: 0.000017, 5.5s
2026-05-20 15:01:14,064 - src.base.trainer - INFO - Epoch [55/250] (8800) train_mae: 2.5136, val_mae: 3.0719 
2026-05-20 15:01:14,068 - src.base.trainer - INFO - Val loss decrease from 3.0729 to 3.0719, saving to True
2026-05-20 15:01:17,674 - src.base.trainer - INFO - epoch complete
2026-05-20 15:01:17,674 - src.base.trainer - INFO - evaluating now!
2026-05-20 15:01:18,583 - src.base.trainer - INFO - Epoch [55/250] (8904) train_mae: 2.5282, val_mae: 3.0655, lr: 0.000017, 6.5s
2026-05-20 15:01:18,588 - src.base.trainer - INFO - Val loss decrease from 3.0719 to 3.0655, saving to True
2026-05-20 15:01:24,177 - src.base.trainer - INFO - epoch complete
2026-05-20 15:01:24,179 - src.base.trainer - INFO - evaluating now!
2026-05-20 15:01:25,090 - src.base.trainer - INFO - Epoch [56/250] (9063) train_mae: 2.5246, val_mae: 3.0560, lr: 0.000017, 5.6s
2026-05-20 15:01:25,091 - src.base.trainer - INFO - Val loss decrease from 3.0655 to 3.0560, saving to True
2026-05-20 15:01:30,774 - src.base.trainer - INFO - Epoch [57/250] (9200) train_mae: 2.5364, val_mae: 3.0559 
2026-05-20 15:01:30,778 - src.base.trainer - INFO - Val loss decrease from 3.0560 to 3.0559, saving to True
2026-05-20 15:01:31,521 - src.base.trainer - INFO - epoch complete
2026-05-20 15:01:31,521 - src.base.trainer - INFO - evaluating now!
2026-05-20 15:01:32,431 - src.base.trainer - INFO - Epoch [57/250] (9222) train_mae: 2.5187, val_mae: 3.0606, lr: 0.000017, 6.4s
2026-05-20 15:01:37,957 - src.base.trainer - INFO - epoch complete
2026-05-20 15:01:37,957 - src.base.trainer - INFO - evaluating now!
2026-05-20 15:01:38,869 - src.base.trainer - INFO - Epoch [58/250] (9381) train_mae: 2.5177, val_mae: 3.0496, lr: 0.000017, 5.5s
2026-05-20 15:01:38,870 - src.base.trainer - INFO - Val loss decrease from 3.0559 to 3.0496, saving to True
2026-05-20 15:01:44,380 - src.base.trainer - INFO - epoch complete
2026-05-20 15:01:44,380 - src.base.trainer - INFO - evaluating now!
2026-05-20 15:01:45,291 - src.base.trainer - INFO - Epoch [59/250] (9540) train_mae: 2.5184, val_mae: 3.0703, lr: 0.000017, 5.5s
2026-05-20 15:01:48,284 - src.base.trainer - INFO - Epoch [60/250] (9600) train_mae: 2.5305, val_mae: 3.0415 
2026-05-20 15:01:48,285 - src.base.trainer - INFO - Val loss decrease from 3.0496 to 3.0415, saving to True
2026-05-20 15:01:51,719 - src.base.trainer - INFO - epoch complete
2026-05-20 15:01:51,719 - src.base.trainer - INFO - evaluating now!
2026-05-20 15:01:52,627 - src.base.trainer - INFO - Epoch [60/250] (9699) train_mae: 2.5087, val_mae: 3.0459, lr: 0.000017, 6.4s
2026-05-20 15:01:58,201 - src.base.trainer - INFO - epoch complete
2026-05-20 15:01:58,201 - src.base.trainer - INFO - evaluating now!
2026-05-20 15:01:59,120 - src.base.trainer - INFO - Epoch [61/250] (9858) train_mae: 2.5049, val_mae: 3.0418, lr: 0.000017, 5.6s
2026-05-20 15:02:04,964 - src.base.trainer - INFO - Epoch [62/250] (10000) train_mae: 2.4923, val_mae: 3.0403 
2026-05-20 15:02:04,969 - src.base.trainer - INFO - Val loss decrease from 3.0415 to 3.0403, saving to True
2026-05-20 15:02:05,537 - src.base.trainer - INFO - epoch complete
2026-05-20 15:02:05,537 - src.base.trainer - INFO - evaluating now!
2026-05-20 15:02:06,456 - src.base.trainer - INFO - Epoch [62/250] (10017) train_mae: 2.5037, val_mae: 3.0366, lr: 0.000017, 6.4s
2026-05-20 15:02:06,457 - src.base.trainer - INFO - Val loss decrease from 3.0403 to 3.0366, saving to True
2026-05-20 15:02:11,949 - src.base.trainer - INFO - epoch complete
2026-05-20 15:02:11,949 - src.base.trainer - INFO - evaluating now!
2026-05-20 15:02:12,865 - src.base.trainer - INFO - Epoch [63/250] (10176) train_mae: 2.5017, val_mae: 3.0346, lr: 0.000017, 5.5s
2026-05-20 15:02:12,866 - src.base.trainer - INFO - Val loss decrease from 3.0366 to 3.0346, saving to True
2026-05-20 15:02:18,348 - src.base.trainer - INFO - epoch complete
2026-05-20 15:02:18,351 - src.base.trainer - INFO - evaluating now!
2026-05-20 15:02:19,265 - src.base.trainer - INFO - Epoch [64/250] (10335) train_mae: 2.4990, val_mae: 3.0203, lr: 0.000017, 5.5s
2026-05-20 15:02:19,266 - src.base.trainer - INFO - Val loss decrease from 3.0346 to 3.0203, saving to True
2026-05-20 15:02:22,431 - src.base.trainer - INFO - Epoch [65/250] (10400) train_mae: 2.5357, val_mae: 3.0136 
2026-05-20 15:02:22,432 - src.base.trainer - INFO - Val loss decrease from 3.0203 to 3.0136, saving to True
2026-05-20 15:02:25,665 - src.base.trainer - INFO - epoch complete
2026-05-20 15:02:25,665 - src.base.trainer - INFO - evaluating now!
2026-05-20 15:02:26,584 - src.base.trainer - INFO - Epoch [65/250] (10494) train_mae: 2.4923, val_mae: 3.0206, lr: 0.000017, 6.4s
2026-05-20 15:02:32,081 - src.base.trainer - INFO - epoch complete
2026-05-20 15:02:32,081 - src.base.trainer - INFO - evaluating now!
2026-05-20 15:02:33,015 - src.base.trainer - INFO - Epoch [66/250] (10653) train_mae: 2.4906, val_mae: 3.0346, lr: 0.000017, 5.5s
2026-05-20 15:02:39,074 - src.base.trainer - INFO - Epoch [67/250] (10800) train_mae: 2.4998, val_mae: 3.0133 
2026-05-20 15:02:39,075 - src.base.trainer - INFO - Val loss decrease from 3.0136 to 3.0133, saving to True
2026-05-20 15:02:39,518 - src.base.trainer - INFO - epoch complete
2026-05-20 15:02:39,518 - src.base.trainer - INFO - evaluating now!
2026-05-20 15:02:40,438 - src.base.trainer - INFO - Epoch [67/250] (10812) train_mae: 2.4864, val_mae: 3.0451, lr: 0.000017, 6.5s
2026-05-20 15:02:45,963 - src.base.trainer - INFO - epoch complete
2026-05-20 15:02:45,963 - src.base.trainer - INFO - evaluating now!
2026-05-20 15:02:46,885 - src.base.trainer - INFO - Epoch [68/250] (10971) train_mae: 2.4827, val_mae: 3.0057, lr: 0.000017, 5.5s
2026-05-20 15:02:46,887 - src.base.trainer - INFO - Val loss decrease from 3.0133 to 3.0057, saving to True
2026-05-20 15:02:52,476 - src.base.trainer - INFO - epoch complete
2026-05-20 15:02:52,476 - src.base.trainer - INFO - evaluating now!
2026-05-20 15:02:53,412 - src.base.trainer - INFO - Epoch [69/250] (11130) train_mae: 2.4753, val_mae: 3.0128, lr: 0.000017, 5.6s
2026-05-20 15:02:56,836 - src.base.trainer - INFO - Epoch [70/250] (11200) train_mae: 2.4181, val_mae: 3.0021 
2026-05-20 15:02:56,838 - src.base.trainer - INFO - Val loss decrease from 3.0057 to 3.0021, saving to True
2026-05-20 15:02:59,975 - src.base.trainer - INFO - epoch complete
2026-05-20 15:02:59,975 - src.base.trainer - INFO - evaluating now!
2026-05-20 15:03:00,918 - src.base.trainer - INFO - Epoch [70/250] (11289) train_mae: 2.4796, val_mae: 3.0107, lr: 0.000017, 6.6s
2026-05-20 15:03:06,471 - src.base.trainer - INFO - epoch complete
2026-05-20 15:03:06,471 - src.base.trainer - INFO - evaluating now!
2026-05-20 15:03:07,396 - src.base.trainer - INFO - Epoch [71/250] (11448) train_mae: 2.4766, val_mae: 3.0184, lr: 0.000017, 5.6s
2026-05-20 15:03:13,596 - src.base.trainer - INFO - Epoch [72/250] (11600) train_mae: 2.4786, val_mae: 3.0081 
2026-05-20 15:03:13,818 - src.base.trainer - INFO - epoch complete
2026-05-20 15:03:13,818 - src.base.trainer - INFO - evaluating now!
2026-05-20 15:03:14,740 - src.base.trainer - INFO - Epoch [72/250] (11607) train_mae: 2.4699, val_mae: 2.9898, lr: 0.000017, 6.4s
2026-05-20 15:03:14,742 - src.base.trainer - INFO - Val loss decrease from 3.0021 to 2.9898, saving to True
2026-05-20 15:03:20,276 - src.base.trainer - INFO - epoch complete
2026-05-20 15:03:20,276 - src.base.trainer - INFO - evaluating now!
2026-05-20 15:03:21,201 - src.base.trainer - INFO - Epoch [73/250] (11766) train_mae: 2.4673, val_mae: 2.9844, lr: 0.000017, 5.5s
2026-05-20 15:03:21,202 - src.base.trainer - INFO - Val loss decrease from 2.9898 to 2.9844, saving to True
2026-05-20 15:03:26,743 - src.base.trainer - INFO - epoch complete
2026-05-20 15:03:26,743 - src.base.trainer - INFO - evaluating now!
2026-05-20 15:03:27,671 - src.base.trainer - INFO - Epoch [74/250] (11925) train_mae: 2.4620, val_mae: 2.9937, lr: 0.000017, 5.5s
2026-05-20 15:03:31,233 - src.base.trainer - INFO - Epoch [75/250] (12000) train_mae: 2.4549, val_mae: 2.9893 
2026-05-20 15:03:34,183 - src.base.trainer - INFO - epoch complete
2026-05-20 15:03:34,183 - src.base.trainer - INFO - evaluating now!
2026-05-20 15:03:35,110 - src.base.trainer - INFO - Epoch [75/250] (12084) train_mae: 2.4653, val_mae: 2.9910, lr: 0.000017, 6.5s
2026-05-20 15:03:40,768 - src.base.trainer - INFO - epoch complete
2026-05-20 15:03:40,768 - src.base.trainer - INFO - evaluating now!
2026-05-20 15:03:41,703 - src.base.trainer - INFO - Epoch [76/250] (12243) train_mae: 2.4643, val_mae: 2.9995, lr: 0.000017, 5.7s
2026-05-20 15:03:48,139 - src.base.trainer - INFO - Epoch [77/250] (12400) train_mae: 2.4575, val_mae: 3.0040 
2026-05-20 15:03:48,186 - src.base.trainer - INFO - epoch complete
2026-05-20 15:03:48,187 - src.base.trainer - INFO - evaluating now!
2026-05-20 15:03:49,105 - src.base.trainer - INFO - Epoch [77/250] (12402) train_mae: 2.4557, val_mae: 3.0076, lr: 0.000017, 6.5s
2026-05-20 15:03:54,647 - src.base.trainer - INFO - epoch complete
2026-05-20 15:03:54,647 - src.base.trainer - INFO - evaluating now!
2026-05-20 15:03:55,568 - src.base.trainer - INFO - Epoch [78/250] (12561) train_mae: 2.4538, val_mae: 2.9911, lr: 0.000017, 5.5s
2026-05-20 15:04:01,159 - src.base.trainer - INFO - epoch complete
2026-05-20 15:04:01,159 - src.base.trainer - INFO - evaluating now!
2026-05-20 15:04:02,082 - src.base.trainer - INFO - Epoch [79/250] (12720) train_mae: 2.4552, val_mae: 2.9699, lr: 0.000017, 5.6s
2026-05-20 15:04:02,084 - src.base.trainer - INFO - Val loss decrease from 2.9844 to 2.9699, saving to True
2026-05-20 15:04:05,812 - src.base.trainer - INFO - Epoch [80/250] (12800) train_mae: 2.4702, val_mae: 2.9806 
2026-05-20 15:04:08,558 - src.base.trainer - INFO - epoch complete
2026-05-20 15:04:08,558 - src.base.trainer - INFO - evaluating now!
2026-05-20 15:04:09,479 - src.base.trainer - INFO - Epoch [80/250] (12879) train_mae: 2.4507, val_mae: 2.9683, lr: 0.000017, 6.5s
2026-05-20 15:04:09,480 - src.base.trainer - INFO - Val loss decrease from 2.9699 to 2.9683, saving to True
2026-05-20 15:04:15,028 - src.base.trainer - INFO - epoch complete
2026-05-20 15:04:15,029 - src.base.trainer - INFO - evaluating now!
2026-05-20 15:04:15,948 - src.base.trainer - INFO - Epoch [81/250] (13038) train_mae: 2.4476, val_mae: 2.9772, lr: 0.000017, 5.5s
2026-05-20 15:04:21,479 - src.base.trainer - INFO - epoch complete
2026-05-20 15:04:21,479 - src.base.trainer - INFO - evaluating now!
2026-05-20 15:04:22,399 - src.base.trainer - INFO - Epoch [82/250] (13197) train_mae: 2.4475, val_mae: 2.9647, lr: 0.000017, 5.5s
2026-05-20 15:04:22,400 - src.base.trainer - INFO - Val loss decrease from 2.9683 to 2.9647, saving to True
2026-05-20 15:04:23,425 - src.base.trainer - INFO - Epoch [83/250] (13200) train_mae: 2.5549, val_mae: 2.9620 
2026-05-20 15:04:23,426 - src.base.trainer - INFO - Val loss decrease from 2.9647 to 2.9620, saving to True
2026-05-20 15:04:30,100 - src.base.trainer - INFO - epoch complete
2026-05-20 15:04:30,103 - src.base.trainer - INFO - evaluating now!
2026-05-20 15:04:31,310 - src.base.trainer - INFO - Epoch [83/250] (13356) train_mae: 2.4450, val_mae: 2.9664, lr: 0.000017, 7.7s
2026-05-20 15:04:37,630 - src.base.trainer - INFO - epoch complete
2026-05-20 15:04:37,630 - src.base.trainer - INFO - evaluating now!
2026-05-20 15:04:38,693 - src.base.trainer - INFO - Epoch [84/250] (13515) train_mae: 2.4441, val_mae: 2.9825, lr: 0.000017, 6.3s
2026-05-20 15:04:43,149 - src.base.trainer - INFO - Epoch [85/250] (13600) train_mae: 2.3898, val_mae: 2.9571 
2026-05-20 15:04:43,151 - src.base.trainer - INFO - Val loss decrease from 2.9620 to 2.9571, saving to True
2026-05-20 15:04:46,086 - src.base.trainer - INFO - epoch complete
2026-05-20 15:04:46,086 - src.base.trainer - INFO - evaluating now!
2026-05-20 15:04:47,155 - src.base.trainer - INFO - Epoch [85/250] (13674) train_mae: 2.4434, val_mae: 2.9593, lr: 0.000017, 7.4s
2026-05-20 15:04:53,505 - src.base.trainer - INFO - epoch complete
2026-05-20 15:04:53,505 - src.base.trainer - INFO - evaluating now!
2026-05-20 15:04:54,575 - src.base.trainer - INFO - Epoch [86/250] (13833) train_mae: 2.4392, val_mae: 2.9519, lr: 0.000017, 6.3s
2026-05-20 15:04:54,576 - src.base.trainer - INFO - Val loss decrease from 2.9571 to 2.9519, saving to True
2026-05-20 15:05:00,924 - src.base.trainer - INFO - epoch complete
2026-05-20 15:05:00,927 - src.base.trainer - INFO - evaluating now!
2026-05-20 15:05:01,984 - src.base.trainer - INFO - Epoch [87/250] (13992) train_mae: 2.4336, val_mae: 2.9561, lr: 0.000017, 6.3s
2026-05-20 15:05:03,358 - src.base.trainer - INFO - Epoch [88/250] (14000) train_mae: 2.2434, val_mae: 2.9638 
2026-05-20 15:05:09,362 - src.base.trainer - INFO - epoch complete
2026-05-20 15:05:09,362 - src.base.trainer - INFO - evaluating now!
2026-05-20 15:05:10,429 - src.base.trainer - INFO - Epoch [88/250] (14151) train_mae: 2.4374, val_mae: 2.9677, lr: 0.000017, 7.4s
2026-05-20 15:05:16,768 - src.base.trainer - INFO - epoch complete
2026-05-20 15:05:16,768 - src.base.trainer - INFO - evaluating now!
2026-05-20 15:05:17,841 - src.base.trainer - INFO - Epoch [89/250] (14310) train_mae: 2.4300, val_mae: 2.9572, lr: 0.000017, 6.3s
2026-05-20 15:05:22,517 - src.base.trainer - INFO - Epoch [90/250] (14400) train_mae: 2.4009, val_mae: 2.9550 
2026-05-20 15:05:25,267 - src.base.trainer - INFO - epoch complete
2026-05-20 15:05:25,267 - src.base.trainer - INFO - evaluating now!
2026-05-20 15:05:26,345 - src.base.trainer - INFO - Epoch [90/250] (14469) train_mae: 2.4321, val_mae: 2.9625, lr: 0.000017, 7.4s
2026-05-20 15:05:32,672 - src.base.trainer - INFO - epoch complete
2026-05-20 15:05:32,672 - src.base.trainer - INFO - evaluating now!
2026-05-20 15:05:33,740 - src.base.trainer - INFO - Epoch [91/250] (14628) train_mae: 2.4311, val_mae: 2.9678, lr: 0.000017, 6.3s
2026-05-20 15:05:40,067 - src.base.trainer - INFO - epoch complete
2026-05-20 15:05:40,068 - src.base.trainer - INFO - evaluating now!
2026-05-20 15:05:41,140 - src.base.trainer - INFO - Epoch [92/250] (14787) train_mae: 2.4228, val_mae: 2.9564, lr: 0.000017, 6.3s
2026-05-20 15:05:42,741 - src.base.trainer - INFO - Epoch [93/250] (14800) train_mae: 2.5654, val_mae: 2.9498 
2026-05-20 15:05:42,742 - src.base.trainer - INFO - Val loss decrease from 2.9519 to 2.9498, saving to True
2026-05-20 15:05:48,553 - src.base.trainer - INFO - epoch complete
2026-05-20 15:05:48,553 - src.base.trainer - INFO - evaluating now!
2026-05-20 15:05:49,649 - src.base.trainer - INFO - Epoch [93/250] (14946) train_mae: 2.4234, val_mae: 2.9536, lr: 0.000017, 7.4s
2026-05-20 15:05:55,973 - src.base.trainer - INFO - epoch complete
2026-05-20 15:05:55,973 - src.base.trainer - INFO - evaluating now!
2026-05-20 15:05:57,053 - src.base.trainer - INFO - Epoch [94/250] (15105) train_mae: 2.4235, val_mae: 2.9829, lr: 0.000017, 6.3s
2026-05-20 15:06:01,932 - src.base.trainer - INFO - Epoch [95/250] (15200) train_mae: 2.4364, val_mae: 2.9530 
2026-05-20 15:06:04,475 - src.base.trainer - INFO - epoch complete
2026-05-20 15:06:04,475 - src.base.trainer - INFO - evaluating now!
2026-05-20 15:06:05,545 - src.base.trainer - INFO - Epoch [95/250] (15264) train_mae: 2.4226, val_mae: 2.9651, lr: 0.000017, 7.4s
2026-05-20 15:06:11,885 - src.base.trainer - INFO - epoch complete
2026-05-20 15:06:11,885 - src.base.trainer - INFO - evaluating now!
2026-05-20 15:06:12,964 - src.base.trainer - INFO - Epoch [96/250] (15423) train_mae: 2.4185, val_mae: 2.9576, lr: 0.000017, 6.3s
2026-05-20 15:06:19,302 - src.base.trainer - INFO - epoch complete
2026-05-20 15:06:19,302 - src.base.trainer - INFO - evaluating now!
2026-05-20 15:06:20,415 - src.base.trainer - INFO - Epoch [97/250] (15582) train_mae: 2.4150, val_mae: 2.9476, lr: 0.000017, 6.3s
2026-05-20 15:06:20,419 - src.base.trainer - INFO - Val loss decrease from 2.9498 to 2.9476, saving to True
2026-05-20 15:06:22,220 - src.base.trainer - INFO - Epoch [98/250] (15600) train_mae: 2.5905, val_mae: 2.9429 
2026-05-20 15:06:22,222 - src.base.trainer - INFO - Val loss decrease from 2.9476 to 2.9429, saving to True
2026-05-20 15:06:27,841 - src.base.trainer - INFO - epoch complete
2026-05-20 15:06:27,841 - src.base.trainer - INFO - evaluating now!
2026-05-20 15:06:28,912 - src.base.trainer - INFO - Epoch [98/250] (15741) train_mae: 2.4132, val_mae: 2.9455, lr: 0.000017, 7.4s
2026-05-20 15:06:35,248 - src.base.trainer - INFO - epoch complete
2026-05-20 15:06:35,248 - src.base.trainer - INFO - evaluating now!
2026-05-20 15:06:36,326 - src.base.trainer - INFO - Epoch [99/250] (15900) train_mae: 2.4119, val_mae: 2.9481, lr: 0.000017, 6.3s
2026-05-20 15:06:41,406 - src.base.trainer - INFO - Epoch [100/250] (16000) train_mae: 2.4090, val_mae: 2.9322 
2026-05-20 15:06:41,407 - src.base.trainer - INFO - Val loss decrease from 2.9429 to 2.9322, saving to True
2026-05-20 15:06:43,751 - src.base.trainer - INFO - epoch complete
2026-05-20 15:06:43,751 - src.base.trainer - INFO - evaluating now!
2026-05-20 15:06:44,836 - src.base.trainer - INFO - Epoch [100/250] (16059) train_mae: 2.4115, val_mae: 2.9460, lr: 0.000017, 7.4s
2026-05-20 15:06:51,355 - src.base.trainer - INFO - epoch complete
2026-05-20 15:06:51,358 - src.base.trainer - INFO - evaluating now!
2026-05-20 15:06:52,427 - src.base.trainer - INFO - Epoch [101/250] (16218) train_mae: 2.4122, val_mae: 2.9392, lr: 0.000017, 6.5s
2026-05-20 15:06:58,803 - src.base.trainer - INFO - epoch complete
2026-05-20 15:06:58,803 - src.base.trainer - INFO - evaluating now!
2026-05-20 15:06:59,884 - src.base.trainer - INFO - Epoch [102/250] (16377) train_mae: 2.4093, val_mae: 2.9278, lr: 0.000017, 6.4s
2026-05-20 15:06:59,886 - src.base.trainer - INFO - Val loss decrease from 2.9322 to 2.9278, saving to True
2026-05-20 15:07:01,877 - src.base.trainer - INFO - Epoch [103/250] (16400) train_mae: 2.3209, val_mae: 2.9375 
2026-05-20 15:07:07,315 - src.base.trainer - INFO - epoch complete
2026-05-20 15:07:07,315 - src.base.trainer - INFO - evaluating now!
2026-05-20 15:07:08,401 - src.base.trainer - INFO - Epoch [103/250] (16536) train_mae: 2.4035, val_mae: 2.9219, lr: 0.000017, 7.4s
2026-05-20 15:07:08,402 - src.base.trainer - INFO - Val loss decrease from 2.9278 to 2.9219, saving to True
2026-05-20 15:07:14,334 - src.base.trainer - INFO - epoch complete
2026-05-20 15:07:14,334 - src.base.trainer - INFO - evaluating now!
2026-05-20 15:07:15,297 - src.base.trainer - INFO - Epoch [104/250] (16695) train_mae: 2.4054, val_mae: 2.9305, lr: 0.000017, 5.9s
2026-05-20 15:07:20,101 - src.base.trainer - INFO - Epoch [105/250] (16800) train_mae: 2.4018, val_mae: 2.9279 
2026-05-20 15:07:22,042 - src.base.trainer - INFO - epoch complete
2026-05-20 15:07:22,043 - src.base.trainer - INFO - evaluating now!
2026-05-20 15:07:22,992 - src.base.trainer - INFO - Epoch [105/250] (16854) train_mae: 2.4063, val_mae: 2.9346, lr: 0.000017, 6.7s
2026-05-20 15:07:28,685 - src.base.trainer - INFO - epoch complete
2026-05-20 15:07:28,685 - src.base.trainer - INFO - evaluating now!
2026-05-20 15:07:29,614 - src.base.trainer - INFO - Epoch [106/250] (17013) train_mae: 2.4016, val_mae: 2.9239, lr: 0.000017, 5.7s
2026-05-20 15:07:35,204 - src.base.trainer - INFO - epoch complete
2026-05-20 15:07:35,204 - src.base.trainer - INFO - evaluating now!
2026-05-20 15:07:36,130 - src.base.trainer - INFO - Epoch [107/250] (17172) train_mae: 2.4099, val_mae: 2.9510, lr: 0.000017, 5.6s
2026-05-20 15:07:38,037 - src.base.trainer - INFO - Epoch [108/250] (17200) train_mae: 2.3377, val_mae: 2.9215 
2026-05-20 15:07:38,038 - src.base.trainer - INFO - Val loss decrease from 2.9219 to 2.9215, saving to True
2026-05-20 15:07:42,655 - src.base.trainer - INFO - epoch complete
2026-05-20 15:07:42,655 - src.base.trainer - INFO - evaluating now!
2026-05-20 15:07:43,584 - src.base.trainer - INFO - Epoch [108/250] (17331) train_mae: 2.4120, val_mae: 2.9380, lr: 0.000017, 6.5s
2026-05-20 15:07:49,152 - src.base.trainer - INFO - epoch complete
2026-05-20 15:07:49,152 - src.base.trainer - INFO - evaluating now!
2026-05-20 15:07:50,080 - src.base.trainer - INFO - Epoch [109/250] (17490) train_mae: 2.4100, val_mae: 2.9195, lr: 0.000017, 5.6s
2026-05-20 15:07:50,081 - src.base.trainer - INFO - Val loss decrease from 2.9215 to 2.9195, saving to True
2026-05-20 15:07:54,876 - src.base.trainer - INFO - Epoch [110/250] (17600) train_mae: 2.4140, val_mae: 2.9213 
2026-05-20 15:07:56,575 - src.base.trainer - INFO - epoch complete
2026-05-20 15:07:56,575 - src.base.trainer - INFO - evaluating now!
2026-05-20 15:07:57,499 - src.base.trainer - INFO - Epoch [110/250] (17649) train_mae: 2.3948, val_mae: 2.9121, lr: 0.000017, 6.5s
2026-05-20 15:07:57,500 - src.base.trainer - INFO - Val loss decrease from 2.9195 to 2.9121, saving to True
2026-05-20 15:08:03,076 - src.base.trainer - INFO - epoch complete
2026-05-20 15:08:03,076 - src.base.trainer - INFO - evaluating now!
2026-05-20 15:08:04,006 - src.base.trainer - INFO - Epoch [111/250] (17808) train_mae: 2.3982, val_mae: 2.9122, lr: 0.000017, 5.6s
2026-05-20 15:08:09,560 - src.base.trainer - INFO - epoch complete
2026-05-20 15:08:09,560 - src.base.trainer - INFO - evaluating now!
2026-05-20 15:08:10,482 - src.base.trainer - INFO - Epoch [112/250] (17967) train_mae: 2.3964, val_mae: 2.9183, lr: 0.000017, 5.6s
2026-05-20 15:08:12,557 - src.base.trainer - INFO - Epoch [113/250] (18000) train_mae: 2.4808, val_mae: 2.9199 
2026-05-20 15:08:16,965 - src.base.trainer - INFO - epoch complete
2026-05-20 15:08:16,965 - src.base.trainer - INFO - evaluating now!
2026-05-20 15:08:17,889 - src.base.trainer - INFO - Epoch [113/250] (18126) train_mae: 2.3971, val_mae: 2.9459, lr: 0.000017, 6.5s
2026-05-20 15:08:23,459 - src.base.trainer - INFO - epoch complete
2026-05-20 15:08:23,459 - src.base.trainer - INFO - evaluating now!
2026-05-20 15:08:24,382 - src.base.trainer - INFO - Epoch [114/250] (18285) train_mae: 2.3896, val_mae: 2.9353, lr: 0.000017, 5.6s
2026-05-20 15:08:29,434 - src.base.trainer - INFO - Epoch [115/250] (18400) train_mae: 2.4114, val_mae: 2.9243 
2026-05-20 15:08:30,988 - src.base.trainer - INFO - epoch complete
2026-05-20 15:08:30,988 - src.base.trainer - INFO - evaluating now!
2026-05-20 15:08:31,934 - src.base.trainer - INFO - Epoch [115/250] (18444) train_mae: 2.3980, val_mae: 2.9142, lr: 0.000017, 6.6s
2026-05-20 15:08:37,642 - src.base.trainer - INFO - epoch complete
2026-05-20 15:08:37,644 - src.base.trainer - INFO - evaluating now!
2026-05-20 15:08:38,565 - src.base.trainer - INFO - Epoch [116/250] (18603) train_mae: 2.3882, val_mae: 2.9151, lr: 0.000017, 5.7s
2026-05-20 15:08:44,133 - src.base.trainer - INFO - epoch complete
2026-05-20 15:08:44,133 - src.base.trainer - INFO - evaluating now!
2026-05-20 15:08:45,056 - src.base.trainer - INFO - Epoch [117/250] (18762) train_mae: 2.3895, val_mae: 2.9394, lr: 0.000017, 5.6s
2026-05-20 15:08:47,313 - src.base.trainer - INFO - Epoch [118/250] (18800) train_mae: 2.4424, val_mae: 2.9094 
2026-05-20 15:08:47,314 - src.base.trainer - INFO - Val loss decrease from 2.9121 to 2.9094, saving to True
2026-05-20 15:08:51,733 - src.base.trainer - INFO - epoch complete
2026-05-20 15:08:51,734 - src.base.trainer - INFO - evaluating now!
2026-05-20 15:08:52,670 - src.base.trainer - INFO - Epoch [118/250] (18921) train_mae: 2.3900, val_mae: 2.9048, lr: 0.000017, 6.7s
2026-05-20 15:08:52,672 - src.base.trainer - INFO - Val loss decrease from 2.9094 to 2.9048, saving to True
2026-05-20 15:08:58,373 - src.base.trainer - INFO - epoch complete
2026-05-20 15:08:58,373 - src.base.trainer - INFO - evaluating now!
2026-05-20 15:08:59,321 - src.base.trainer - INFO - Epoch [119/250] (19080) train_mae: 2.3879, val_mae: 2.8999, lr: 0.000017, 5.7s
2026-05-20 15:08:59,322 - src.base.trainer - INFO - Val loss decrease from 2.9048 to 2.8999, saving to True
2026-05-20 15:09:04,593 - src.base.trainer - INFO - Epoch [120/250] (19200) train_mae: 2.4211, val_mae: 2.9131 
2026-05-20 15:09:05,975 - src.base.trainer - INFO - epoch complete
2026-05-20 15:09:05,975 - src.base.trainer - INFO - evaluating now!
2026-05-20 15:09:06,908 - src.base.trainer - INFO - Epoch [120/250] (19239) train_mae: 2.3878, val_mae: 2.9051, lr: 0.000017, 6.7s
2026-05-20 15:09:12,660 - src.base.trainer - INFO - epoch complete
2026-05-20 15:09:12,660 - src.base.trainer - INFO - evaluating now!
2026-05-20 15:09:13,632 - src.base.trainer - INFO - Epoch [121/250] (19398) train_mae: 2.3815, val_mae: 2.9003, lr: 0.000017, 5.8s
2026-05-20 15:09:19,611 - src.base.trainer - INFO - epoch complete
2026-05-20 15:09:19,613 - src.base.trainer - INFO - evaluating now!
2026-05-20 15:09:20,538 - src.base.trainer - INFO - Epoch [122/250] (19557) train_mae: 2.3838, val_mae: 2.8985, lr: 0.000017, 6.0s
2026-05-20 15:09:20,539 - src.base.trainer - INFO - Val loss decrease from 2.8999 to 2.8985, saving to True
2026-05-20 15:09:22,991 - src.base.trainer - INFO - Epoch [123/250] (19600) train_mae: 2.4255, val_mae: 2.8959 
2026-05-20 15:09:22,992 - src.base.trainer - INFO - Val loss decrease from 2.8985 to 2.8959, saving to True
2026-05-20 15:09:27,109 - src.base.trainer - INFO - epoch complete
2026-05-20 15:09:27,109 - src.base.trainer - INFO - evaluating now!
2026-05-20 15:09:28,036 - src.base.trainer - INFO - Epoch [123/250] (19716) train_mae: 2.3828, val_mae: 2.9088, lr: 0.000017, 6.6s
2026-05-20 15:09:33,751 - src.base.trainer - INFO - epoch complete
2026-05-20 15:09:33,751 - src.base.trainer - INFO - evaluating now!
2026-05-20 15:09:34,714 - src.base.trainer - INFO - Epoch [124/250] (19875) train_mae: 2.3827, val_mae: 2.8966, lr: 0.000017, 5.7s
2026-05-20 15:09:40,208 - src.base.trainer - INFO - Epoch [125/250] (20000) train_mae: 2.3820, val_mae: 2.8951 
2026-05-20 15:09:40,209 - src.base.trainer - INFO - Val loss decrease from 2.8959 to 2.8951, saving to True
2026-05-20 15:09:41,453 - src.base.trainer - INFO - epoch complete
2026-05-20 15:09:41,453 - src.base.trainer - INFO - evaluating now!
2026-05-20 15:09:42,501 - src.base.trainer - INFO - Epoch [125/250] (20034) train_mae: 2.3763, val_mae: 2.9090, lr: 0.000017, 6.7s
2026-05-20 15:09:48,271 - src.base.trainer - INFO - epoch complete
2026-05-20 15:09:48,271 - src.base.trainer - INFO - evaluating now!
2026-05-20 15:09:49,264 - src.base.trainer - INFO - Epoch [126/250] (20193) train_mae: 2.3765, val_mae: 2.8876, lr: 0.000017, 5.8s
2026-05-20 15:09:49,266 - src.base.trainer - INFO - Val loss decrease from 2.8951 to 2.8876, saving to True
2026-05-20 15:09:54,989 - src.base.trainer - INFO - epoch complete
2026-05-20 15:09:54,989 - src.base.trainer - INFO - evaluating now!
2026-05-20 15:09:55,938 - src.base.trainer - INFO - Epoch [127/250] (20352) train_mae: 2.3769, val_mae: 2.9083, lr: 0.000017, 5.7s
2026-05-20 15:09:58,542 - src.base.trainer - INFO - Epoch [128/250] (20400) train_mae: 2.4310, val_mae: 2.9055 
2026-05-20 15:10:02,428 - src.base.trainer - INFO - epoch complete
2026-05-20 15:10:02,428 - src.base.trainer - INFO - evaluating now!
2026-05-20 15:10:03,353 - src.base.trainer - INFO - Epoch [128/250] (20511) train_mae: 2.3737, val_mae: 2.8967, lr: 0.000017, 6.5s
2026-05-20 15:10:08,934 - src.base.trainer - INFO - epoch complete
2026-05-20 15:10:08,934 - src.base.trainer - INFO - evaluating now!
2026-05-20 15:10:09,870 - src.base.trainer - INFO - Epoch [129/250] (20670) train_mae: 2.3756, val_mae: 2.8837, lr: 0.000017, 5.6s
2026-05-20 15:10:09,871 - src.base.trainer - INFO - Val loss decrease from 2.8876 to 2.8837, saving to True
2026-05-20 15:10:15,784 - src.base.trainer - INFO - Epoch [130/250] (20800) train_mae: 2.3597, val_mae: 2.9027 
2026-05-20 15:10:16,840 - src.base.trainer - INFO - epoch complete
2026-05-20 15:10:16,840 - src.base.trainer - INFO - evaluating now!
2026-05-20 15:10:17,845 - src.base.trainer - INFO - Epoch [130/250] (20829) train_mae: 2.3739, val_mae: 2.8915, lr: 0.000017, 7.0s
2026-05-20 15:10:23,454 - src.base.trainer - INFO - epoch complete
2026-05-20 15:10:23,454 - src.base.trainer - INFO - evaluating now!
2026-05-20 15:10:24,440 - src.base.trainer - INFO - Epoch [131/250] (20988) train_mae: 2.3750, val_mae: 2.8928, lr: 0.000017, 5.6s
2026-05-20 15:10:30,169 - src.base.trainer - INFO - epoch complete
2026-05-20 15:10:30,169 - src.base.trainer - INFO - evaluating now!
2026-05-20 15:10:31,196 - src.base.trainer - INFO - Epoch [132/250] (21147) train_mae: 2.3732, val_mae: 2.8872, lr: 0.000017, 5.7s
2026-05-20 15:10:34,090 - src.base.trainer - INFO - Epoch [133/250] (21200) train_mae: 2.4293, val_mae: 2.8936 
2026-05-20 15:10:37,961 - src.base.trainer - INFO - epoch complete
2026-05-20 15:10:37,961 - src.base.trainer - INFO - evaluating now!
2026-05-20 15:10:38,967 - src.base.trainer - INFO - Epoch [133/250] (21306) train_mae: 2.3690, val_mae: 2.8951, lr: 0.000017, 6.8s
2026-05-20 15:10:44,879 - src.base.trainer - INFO - epoch complete
2026-05-20 15:10:44,879 - src.base.trainer - INFO - evaluating now!
2026-05-20 15:10:45,881 - src.base.trainer - INFO - Epoch [134/250] (21465) train_mae: 2.3679, val_mae: 2.9033, lr: 0.000017, 5.9s
2026-05-20 15:10:51,683 - src.base.trainer - INFO - Epoch [135/250] (21600) train_mae: 2.3628, val_mae: 2.8997 
2026-05-20 15:10:52,520 - src.base.trainer - INFO - epoch complete
2026-05-20 15:10:52,520 - src.base.trainer - INFO - evaluating now!
2026-05-20 15:10:53,509 - src.base.trainer - INFO - Epoch [135/250] (21624) train_mae: 2.3696, val_mae: 2.9012, lr: 0.000017, 6.6s
2026-05-20 15:10:59,239 - src.base.trainer - INFO - epoch complete
2026-05-20 15:10:59,239 - src.base.trainer - INFO - evaluating now!
2026-05-20 15:11:00,281 - src.base.trainer - INFO - Epoch [136/250] (21783) train_mae: 2.3729, val_mae: 2.8887, lr: 0.000017, 5.7s
2026-05-20 15:11:06,195 - src.base.trainer - INFO - epoch complete
2026-05-20 15:11:06,198 - src.base.trainer - INFO - evaluating now!
2026-05-20 15:11:07,257 - src.base.trainer - INFO - Epoch [137/250] (21942) train_mae: 2.3671, val_mae: 2.8753, lr: 0.000017, 5.9s
2026-05-20 15:11:07,259 - src.base.trainer - INFO - Val loss decrease from 2.8837 to 2.8753, saving to True
2026-05-20 15:11:10,429 - src.base.trainer - INFO - Epoch [138/250] (22000) train_mae: 2.3734, val_mae: 2.9003 
2026-05-20 15:11:13,997 - src.base.trainer - INFO - epoch complete
2026-05-20 15:11:13,997 - src.base.trainer - INFO - evaluating now!
2026-05-20 15:11:15,009 - src.base.trainer - INFO - Epoch [138/250] (22101) train_mae: 2.3659, val_mae: 2.8924, lr: 0.000017, 6.7s
2026-05-20 15:11:20,925 - src.base.trainer - INFO - epoch complete
2026-05-20 15:11:20,925 - src.base.trainer - INFO - evaluating now!
2026-05-20 15:11:21,967 - src.base.trainer - INFO - Epoch [139/250] (22260) train_mae: 2.3653, val_mae: 2.8852, lr: 0.000017, 5.9s
2026-05-20 15:11:28,333 - src.base.trainer - INFO - Epoch [140/250] (22400) train_mae: 2.3731, val_mae: 2.9025 
2026-05-20 15:11:28,995 - src.base.trainer - INFO - epoch complete
2026-05-20 15:11:28,995 - src.base.trainer - INFO - evaluating now!
2026-05-20 15:11:30,006 - src.base.trainer - INFO - Epoch [140/250] (22419) train_mae: 2.3659, val_mae: 2.8940, lr: 0.000017, 7.0s
2026-05-20 15:11:35,795 - src.base.trainer - INFO - epoch complete
2026-05-20 15:11:35,795 - src.base.trainer - INFO - evaluating now!
2026-05-20 15:11:36,822 - src.base.trainer - INFO - Epoch [141/250] (22578) train_mae: 2.3756, val_mae: 2.8929, lr: 0.000017, 5.8s
2026-05-20 15:11:42,552 - src.base.trainer - INFO - epoch complete
2026-05-20 15:11:42,552 - src.base.trainer - INFO - evaluating now!
2026-05-20 15:11:43,580 - src.base.trainer - INFO - Epoch [142/250] (22737) train_mae: 2.3638, val_mae: 2.8789, lr: 0.000017, 5.7s
2026-05-20 15:11:46,852 - src.base.trainer - INFO - Epoch [143/250] (22800) train_mae: 2.3261, val_mae: 2.9033 
2026-05-20 15:11:50,254 - src.base.trainer - INFO - epoch complete
2026-05-20 15:11:50,254 - src.base.trainer - INFO - evaluating now!
2026-05-20 15:11:51,262 - src.base.trainer - INFO - Epoch [143/250] (22896) train_mae: 2.3649, val_mae: 2.8871, lr: 0.000017, 6.7s
2026-05-20 15:11:57,015 - src.base.trainer - INFO - epoch complete
2026-05-20 15:11:57,015 - src.base.trainer - INFO - evaluating now!
2026-05-20 15:11:58,033 - src.base.trainer - INFO - Epoch [144/250] (23055) train_mae: 2.3630, val_mae: 2.8958, lr: 0.000017, 5.8s
2026-05-20 15:12:04,321 - src.base.trainer - INFO - Epoch [145/250] (23200) train_mae: 2.3643, val_mae: 2.8687 
2026-05-20 15:12:04,323 - src.base.trainer - INFO - Val loss decrease from 2.8753 to 2.8687, saving to True
2026-05-20 15:12:04,809 - src.base.trainer - INFO - epoch complete
2026-05-20 15:12:04,809 - src.base.trainer - INFO - evaluating now!
2026-05-20 15:12:05,826 - src.base.trainer - INFO - Epoch [145/250] (23214) train_mae: 2.3613, val_mae: 2.8790, lr: 0.000017, 6.8s
2026-05-20 15:12:11,487 - src.base.trainer - INFO - epoch complete
2026-05-20 15:12:11,487 - src.base.trainer - INFO - evaluating now!
2026-05-20 15:12:12,491 - src.base.trainer - INFO - Epoch [146/250] (23373) train_mae: 2.3624, val_mae: 2.8872, lr: 0.000017, 5.7s
2026-05-20 15:12:18,306 - src.base.trainer - INFO - epoch complete
2026-05-20 15:12:18,307 - src.base.trainer - INFO - evaluating now!
2026-05-20 15:12:19,331 - src.base.trainer - INFO - Epoch [147/250] (23532) train_mae: 2.3631, val_mae: 2.8733, lr: 0.000017, 5.8s
2026-05-20 15:12:22,773 - src.base.trainer - INFO - Epoch [148/250] (23600) train_mae: 2.4151, val_mae: 2.9005 
2026-05-20 15:12:26,005 - src.base.trainer - INFO - epoch complete
2026-05-20 15:12:26,005 - src.base.trainer - INFO - evaluating now!
2026-05-20 15:12:27,015 - src.base.trainer - INFO - Epoch [148/250] (23691) train_mae: 2.3665, val_mae: 2.8750, lr: 0.000017, 6.7s
2026-05-20 15:12:32,845 - src.base.trainer - INFO - epoch complete
2026-05-20 15:12:32,845 - src.base.trainer - INFO - evaluating now!
2026-05-20 15:12:33,916 - src.base.trainer - INFO - Epoch [149/250] (23850) train_mae: 2.3557, val_mae: 2.8720, lr: 0.000017, 5.8s
2026-05-20 15:12:40,544 - src.base.trainer - INFO - Epoch [150/250] (24000) train_mae: 2.3532, val_mae: 2.8664 
2026-05-20 15:12:40,548 - src.base.trainer - INFO - Val loss decrease from 2.8687 to 2.8664, saving to True
2026-05-20 15:12:40,850 - src.base.trainer - INFO - epoch complete
2026-05-20 15:12:40,850 - src.base.trainer - INFO - evaluating now!
2026-05-20 15:12:41,871 - src.base.trainer - INFO - Epoch [150/250] (24009) train_mae: 2.3568, val_mae: 2.8760, lr: 0.000017, 6.9s
2026-05-20 15:12:47,583 - src.base.trainer - INFO - epoch complete
2026-05-20 15:12:47,583 - src.base.trainer - INFO - evaluating now!
2026-05-20 15:12:48,615 - src.base.trainer - INFO - Epoch [151/250] (24168) train_mae: 2.3581, val_mae: 2.8728, lr: 0.000017, 5.7s
2026-05-20 15:12:54,338 - src.base.trainer - INFO - epoch complete
2026-05-20 15:12:54,338 - src.base.trainer - INFO - evaluating now!
2026-05-20 15:12:55,356 - src.base.trainer - INFO - Epoch [152/250] (24327) train_mae: 2.3655, val_mae: 2.8752, lr: 0.000017, 5.7s
2026-05-20 15:12:59,009 - src.base.trainer - INFO - Epoch [153/250] (24400) train_mae: 2.3950, val_mae: 2.8733 
2026-05-20 15:13:02,094 - src.base.trainer - INFO - epoch complete
2026-05-20 15:13:02,094 - src.base.trainer - INFO - evaluating now!
2026-05-20 15:13:03,121 - src.base.trainer - INFO - Epoch [153/250] (24486) train_mae: 2.3526, val_mae: 2.8784, lr: 0.000017, 6.7s
2026-05-20 15:13:08,860 - src.base.trainer - INFO - epoch complete
2026-05-20 15:13:08,861 - src.base.trainer - INFO - evaluating now!
2026-05-20 15:13:09,873 - src.base.trainer - INFO - Epoch [154/250] (24645) train_mae: 2.3581, val_mae: 2.8754, lr: 0.000017, 5.7s
2026-05-20 15:13:16,440 - src.base.trainer - INFO - Epoch [155/250] (24800) train_mae: 2.3472, val_mae: 2.8813 
2026-05-20 15:13:16,564 - src.base.trainer - INFO - epoch complete
2026-05-20 15:13:16,564 - src.base.trainer - INFO - evaluating now!
2026-05-20 15:13:17,579 - src.base.trainer - INFO - Epoch [155/250] (24804) train_mae: 2.3538, val_mae: 2.8841, lr: 0.000017, 6.7s
2026-05-20 15:13:23,240 - src.base.trainer - INFO - epoch complete
2026-05-20 15:13:23,241 - src.base.trainer - INFO - evaluating now!
2026-05-20 15:13:24,252 - src.base.trainer - INFO - Epoch [156/250] (24963) train_mae: 2.3511, val_mae: 2.8836, lr: 0.000017, 5.7s
2026-05-20 15:13:29,986 - src.base.trainer - INFO - epoch complete
2026-05-20 15:13:29,987 - src.base.trainer - INFO - evaluating now!
2026-05-20 15:13:31,001 - src.base.trainer - INFO - Epoch [157/250] (25122) train_mae: 2.3496, val_mae: 2.8589, lr: 0.000017, 5.7s
2026-05-20 15:13:31,003 - src.base.trainer - INFO - Val loss decrease from 2.8664 to 2.8589, saving to True
2026-05-20 15:13:34,933 - src.base.trainer - INFO - Epoch [158/250] (25200) train_mae: 2.3302, val_mae: 2.8710 
2026-05-20 15:13:38,089 - src.base.trainer - INFO - epoch complete
2026-05-20 15:13:38,089 - src.base.trainer - INFO - evaluating now!
2026-05-20 15:13:39,247 - src.base.trainer - INFO - Epoch [158/250] (25281) train_mae: 2.3471, val_mae: 2.8630, lr: 0.000017, 7.1s
2026-05-20 15:13:45,207 - src.base.trainer - INFO - epoch complete
2026-05-20 15:13:45,207 - src.base.trainer - INFO - evaluating now!
2026-05-20 15:13:46,272 - src.base.trainer - INFO - Epoch [159/250] (25440) train_mae: 2.3519, val_mae: 2.8615, lr: 0.000017, 6.0s
2026-05-20 15:13:52,072 - src.base.trainer - INFO - epoch complete
2026-05-20 15:13:52,072 - src.base.trainer - INFO - evaluating now!
2026-05-20 15:13:53,142 - src.base.trainer - INFO - Epoch [160/250] (25599) train_mae: 2.3449, val_mae: 2.8631, lr: 0.000017, 5.8s
2026-05-20 15:13:54,267 - src.base.trainer - INFO - Epoch [161/250] (25600) train_mae: 2.0635, val_mae: 2.8621 
2026-05-20 15:13:59,976 - src.base.trainer - INFO - epoch complete
2026-05-20 15:13:59,978 - src.base.trainer - INFO - evaluating now!
2026-05-20 15:14:00,989 - src.base.trainer - INFO - Epoch [161/250] (25758) train_mae: 2.3499, val_mae: 2.8630, lr: 0.000017, 6.8s
2026-05-20 15:14:06,740 - src.base.trainer - INFO - epoch complete
2026-05-20 15:14:06,740 - src.base.trainer - INFO - evaluating now!
2026-05-20 15:14:07,760 - src.base.trainer - INFO - Epoch [162/250] (25917) train_mae: 2.3475, val_mae: 2.8644, lr: 0.000017, 5.8s
2026-05-20 15:14:11,743 - src.base.trainer - INFO - Epoch [163/250] (26000) train_mae: 2.3779, val_mae: 2.8808 
2026-05-20 15:14:14,438 - src.base.trainer - INFO - epoch complete
2026-05-20 15:14:14,438 - src.base.trainer - INFO - evaluating now!
2026-05-20 15:14:15,444 - src.base.trainer - INFO - Epoch [163/250] (26076) train_mae: 2.3529, val_mae: 2.8895, lr: 0.000017, 6.7s
2026-05-20 15:14:21,105 - src.base.trainer - INFO - epoch complete
2026-05-20 15:14:21,105 - src.base.trainer - INFO - evaluating now!
2026-05-20 15:14:22,109 - src.base.trainer - INFO - Epoch [164/250] (26235) train_mae: 2.3581, val_mae: 2.8741, lr: 0.000017, 5.7s
2026-05-20 15:14:27,762 - src.base.trainer - INFO - epoch complete
2026-05-20 15:14:27,762 - src.base.trainer - INFO - evaluating now!
2026-05-20 15:14:28,775 - src.base.trainer - INFO - Epoch [165/250] (26394) train_mae: 2.3455, val_mae: 2.8670, lr: 0.000017, 5.7s
2026-05-20 15:14:29,993 - src.base.trainer - INFO - Epoch [166/250] (26400) train_mae: 2.3561, val_mae: 2.8599 
2026-05-20 15:14:35,501 - src.base.trainer - INFO - epoch complete
2026-05-20 15:14:35,502 - src.base.trainer - INFO - evaluating now!
2026-05-20 15:14:36,612 - src.base.trainer - INFO - Epoch [166/250] (26553) train_mae: 2.3448, val_mae: 2.8833, lr: 0.000017, 6.7s
2026-05-20 15:14:42,314 - src.base.trainer - INFO - epoch complete
2026-05-20 15:14:42,314 - src.base.trainer - INFO - evaluating now!
2026-05-20 15:14:43,305 - src.base.trainer - INFO - Epoch [167/250] (26712) train_mae: 2.3508, val_mae: 2.8602, lr: 0.000017, 5.7s
2026-05-20 15:14:47,516 - src.base.trainer - INFO - Epoch [168/250] (26800) train_mae: 2.3332, val_mae: 2.8619 
2026-05-20 15:14:50,022 - src.base.trainer - INFO - epoch complete
2026-05-20 15:14:50,022 - src.base.trainer - INFO - evaluating now!
2026-05-20 15:14:51,014 - src.base.trainer - INFO - Epoch [168/250] (26871) train_mae: 2.3406, val_mae: 2.8598, lr: 0.000017, 6.7s
2026-05-20 15:14:56,665 - src.base.trainer - INFO - epoch complete
2026-05-20 15:14:56,665 - src.base.trainer - INFO - evaluating now!
2026-05-20 15:14:57,659 - src.base.trainer - INFO - Epoch [169/250] (27030) train_mae: 2.3473, val_mae: 2.8784, lr: 0.000017, 5.7s
2026-05-20 15:15:03,321 - src.base.trainer - INFO - epoch complete
2026-05-20 15:15:03,321 - src.base.trainer - INFO - evaluating now!
2026-05-20 15:15:04,335 - src.base.trainer - INFO - Epoch [170/250] (27189) train_mae: 2.3526, val_mae: 2.8589, lr: 0.000017, 5.7s
2026-05-20 15:15:04,339 - src.base.trainer - INFO - Val loss decrease from 2.8589 to 2.8589, saving to True
2026-05-20 15:15:05,791 - src.base.trainer - INFO - Epoch [171/250] (27200) train_mae: 2.3796, val_mae: 2.8553 
2026-05-20 15:15:05,792 - src.base.trainer - INFO - Val loss decrease from 2.8589 to 2.8553, saving to True
2026-05-20 15:15:11,726 - src.base.trainer - INFO - epoch complete
2026-05-20 15:15:11,727 - src.base.trainer - INFO - evaluating now!
2026-05-20 15:15:12,823 - src.base.trainer - INFO - Epoch [171/250] (27348) train_mae: 2.3415, val_mae: 2.8632, lr: 0.000017, 7.4s
2026-05-20 15:15:19,105 - src.base.trainer - INFO - epoch complete
2026-05-20 15:15:19,105 - src.base.trainer - INFO - evaluating now!
2026-05-20 15:15:20,131 - src.base.trainer - INFO - Epoch [172/250] (27507) train_mae: 2.3407, val_mae: 2.8613, lr: 0.000017, 6.3s
2026-05-20 15:15:24,496 - src.base.trainer - INFO - Epoch [173/250] (27600) train_mae: 2.3246, val_mae: 2.8593 
2026-05-20 15:15:28,740 - src.base.trainer - INFO - epoch complete
2026-05-20 15:15:28,740 - src.base.trainer - INFO - evaluating now!
2026-05-20 15:15:30,531 - src.base.trainer - INFO - Epoch [173/250] (27666) train_mae: 2.3392, val_mae: 2.8499, lr: 0.000017, 8.6s
2026-05-20 15:15:30,533 - src.base.trainer - INFO - Val loss decrease from 2.8553 to 2.8499, saving to True
2026-05-20 15:15:37,328 - src.base.trainer - INFO - epoch complete
2026-05-20 15:15:37,328 - src.base.trainer - INFO - evaluating now!
2026-05-20 15:15:38,431 - src.base.trainer - INFO - Epoch [174/250] (27825) train_mae: 2.3470, val_mae: 2.8452, lr: 0.000017, 6.8s
2026-05-20 15:15:38,432 - src.base.trainer - INFO - Val loss decrease from 2.8499 to 2.8452, saving to True
2026-05-20 15:15:44,684 - src.base.trainer - INFO - epoch complete
2026-05-20 15:15:44,684 - src.base.trainer - INFO - evaluating now!
2026-05-20 15:15:45,786 - src.base.trainer - INFO - Epoch [175/250] (27984) train_mae: 2.3362, val_mae: 2.8476, lr: 0.000017, 6.3s
2026-05-20 15:15:47,491 - src.base.trainer - INFO - Epoch [176/250] (28000) train_mae: 2.3345, val_mae: 2.8589 
2026-05-20 15:15:54,024 - src.base.trainer - INFO - epoch complete
2026-05-20 15:15:54,026 - src.base.trainer - INFO - evaluating now!
2026-05-20 15:15:55,200 - src.base.trainer - INFO - Epoch [176/250] (28143) train_mae: 2.3377, val_mae: 2.8737, lr: 0.000017, 8.2s
2026-05-20 15:16:02,267 - src.base.trainer - INFO - epoch complete
2026-05-20 15:16:02,267 - src.base.trainer - INFO - evaluating now!
2026-05-20 15:16:03,399 - src.base.trainer - INFO - Epoch [177/250] (28302) train_mae: 2.3448, val_mae: 2.8564, lr: 0.000017, 7.1s
2026-05-20 15:16:08,212 - src.base.trainer - INFO - Epoch [178/250] (28400) train_mae: 2.3179, val_mae: 2.8490 
2026-05-20 15:16:10,704 - src.base.trainer - INFO - epoch complete
2026-05-20 15:16:10,705 - src.base.trainer - INFO - evaluating now!
2026-05-20 15:16:11,855 - src.base.trainer - INFO - Epoch [178/250] (28461) train_mae: 2.3332, val_mae: 2.8598, lr: 0.000017, 7.3s
2026-05-20 15:16:18,565 - src.base.trainer - INFO - epoch complete
2026-05-20 15:16:18,565 - src.base.trainer - INFO - evaluating now!
2026-05-20 15:16:19,780 - src.base.trainer - INFO - Epoch [179/250] (28620) train_mae: 2.3342, val_mae: 2.8612, lr: 0.000017, 6.7s
2026-05-20 15:16:26,194 - src.base.trainer - INFO - epoch complete
2026-05-20 15:16:26,195 - src.base.trainer - INFO - evaluating now!
2026-05-20 15:16:27,383 - src.base.trainer - INFO - Epoch [180/250] (28779) train_mae: 2.3290, val_mae: 2.8460, lr: 0.000017, 6.4s
2026-05-20 15:16:29,271 - src.base.trainer - INFO - Epoch [181/250] (28800) train_mae: 2.4458, val_mae: 2.8752 
2026-05-20 15:16:34,428 - src.base.trainer - INFO - epoch complete
2026-05-20 15:16:34,428 - src.base.trainer - INFO - evaluating now!
2026-05-20 15:16:35,518 - src.base.trainer - INFO - Epoch [181/250] (28938) train_mae: 2.3428, val_mae: 2.8580, lr: 0.000017, 7.0s
2026-05-20 15:16:41,764 - src.base.trainer - INFO - epoch complete
2026-05-20 15:16:41,764 - src.base.trainer - INFO - evaluating now!
2026-05-20 15:16:42,797 - src.base.trainer - INFO - Epoch [182/250] (29097) train_mae: 2.3409, val_mae: 2.8503, lr: 0.000017, 6.2s
2026-05-20 15:16:47,706 - src.base.trainer - INFO - Epoch [183/250] (29200) train_mae: 2.3682, val_mae: 2.8447 
2026-05-20 15:16:47,708 - src.base.trainer - INFO - Val loss decrease from 2.8452 to 2.8447, saving to True
2026-05-20 15:16:49,736 - src.base.trainer - INFO - epoch complete
2026-05-20 15:16:49,736 - src.base.trainer - INFO - evaluating now!
2026-05-20 15:16:50,777 - src.base.trainer - INFO - Epoch [183/250] (29256) train_mae: 2.3358, val_mae: 2.8469, lr: 0.000017, 6.9s
2026-05-20 15:16:56,847 - src.base.trainer - INFO - epoch complete
2026-05-20 15:16:56,847 - src.base.trainer - INFO - evaluating now!
2026-05-20 15:16:57,895 - src.base.trainer - INFO - Epoch [184/250] (29415) train_mae: 2.3341, val_mae: 2.8537, lr: 0.000017, 6.1s
2026-05-20 15:17:04,210 - src.base.trainer - INFO - epoch complete
2026-05-20 15:17:04,212 - src.base.trainer - INFO - evaluating now!
2026-05-20 15:17:05,265 - src.base.trainer - INFO - Epoch [185/250] (29574) train_mae: 2.3364, val_mae: 2.8590, lr: 0.000017, 6.3s
2026-05-20 15:17:07,243 - src.base.trainer - INFO - Epoch [186/250] (29600) train_mae: 2.3473, val_mae: 2.8539 
2026-05-20 15:17:12,509 - src.base.trainer - INFO - epoch complete
2026-05-20 15:17:12,509 - src.base.trainer - INFO - evaluating now!
2026-05-20 15:17:13,556 - src.base.trainer - INFO - Epoch [186/250] (29733) train_mae: 2.3295, val_mae: 2.8452, lr: 0.000017, 7.2s
2026-05-20 15:17:19,426 - src.base.trainer - INFO - epoch complete
2026-05-20 15:17:19,426 - src.base.trainer - INFO - evaluating now!
2026-05-20 15:17:20,475 - src.base.trainer - INFO - Epoch [187/250] (29892) train_mae: 2.3296, val_mae: 2.8348, lr: 0.000017, 5.9s
2026-05-20 15:17:20,477 - src.base.trainer - INFO - Val loss decrease from 2.8447 to 2.8348, saving to True
2026-05-20 15:17:25,664 - src.base.trainer - INFO - Epoch [188/250] (30000) train_mae: 2.3516, val_mae: 2.8466 
2026-05-20 15:17:27,620 - src.base.trainer - INFO - epoch complete
2026-05-20 15:17:27,621 - src.base.trainer - INFO - evaluating now!
2026-05-20 15:17:28,713 - src.base.trainer - INFO - Epoch [188/250] (30051) train_mae: 2.3339, val_mae: 2.8471, lr: 0.000017, 7.1s
2026-05-20 15:17:34,859 - src.base.trainer - INFO - epoch complete
2026-05-20 15:17:34,860 - src.base.trainer - INFO - evaluating now!
2026-05-20 15:17:35,958 - src.base.trainer - INFO - Epoch [189/250] (30210) train_mae: 2.3331, val_mae: 2.8445, lr: 0.000017, 6.1s
2026-05-20 15:17:42,033 - src.base.trainer - INFO - epoch complete
2026-05-20 15:17:42,036 - src.base.trainer - INFO - evaluating now!
2026-05-20 15:17:43,151 - src.base.trainer - INFO - Epoch [190/250] (30369) train_mae: 2.3239, val_mae: 2.8619, lr: 0.000017, 6.1s
2026-05-20 15:17:45,357 - src.base.trainer - INFO - Epoch [191/250] (30400) train_mae: 2.2156, val_mae: 2.8449 
2026-05-20 15:17:50,044 - src.base.trainer - INFO - epoch complete
2026-05-20 15:17:50,045 - src.base.trainer - INFO - evaluating now!
2026-05-20 15:17:51,102 - src.base.trainer - INFO - Epoch [191/250] (30528) train_mae: 2.3267, val_mae: 2.8498, lr: 0.000017, 6.9s
2026-05-20 15:17:56,920 - src.base.trainer - INFO - epoch complete
2026-05-20 15:17:56,920 - src.base.trainer - INFO - evaluating now!
2026-05-20 15:17:57,956 - src.base.trainer - INFO - Epoch [192/250] (30687) train_mae: 2.3242, val_mae: 2.8381, lr: 0.000017, 5.8s
2026-05-20 15:18:03,141 - src.base.trainer - INFO - Epoch [193/250] (30800) train_mae: 2.3288, val_mae: 2.8430 
2026-05-20 15:18:04,808 - src.base.trainer - INFO - epoch complete
2026-05-20 15:18:04,808 - src.base.trainer - INFO - evaluating now!
2026-05-20 15:18:05,845 - src.base.trainer - INFO - Epoch [193/250] (30846) train_mae: 2.3269, val_mae: 2.8493, lr: 0.000017, 6.9s
2026-05-20 15:18:11,881 - src.base.trainer - INFO - epoch complete
2026-05-20 15:18:11,881 - src.base.trainer - INFO - evaluating now!
2026-05-20 15:18:12,922 - src.base.trainer - INFO - Epoch [194/250] (31005) train_mae: 2.3211, val_mae: 2.8411, lr: 0.000017, 6.0s
2026-05-20 15:18:18,711 - src.base.trainer - INFO - epoch complete
2026-05-20 15:18:18,711 - src.base.trainer - INFO - evaluating now!
2026-05-20 15:18:19,765 - src.base.trainer - INFO - Epoch [195/250] (31164) train_mae: 2.3261, val_mae: 2.8642, lr: 0.000017, 5.8s
2026-05-20 15:18:22,136 - src.base.trainer - INFO - Epoch [196/250] (31200) train_mae: 2.2525, val_mae: 2.8632 
2026-05-20 15:18:26,557 - src.base.trainer - INFO - epoch complete
2026-05-20 15:18:26,557 - src.base.trainer - INFO - evaluating now!
2026-05-20 15:18:27,582 - src.base.trainer - INFO - Epoch [196/250] (31323) train_mae: 2.3284, val_mae: 2.8401, lr: 0.000017, 6.8s
2026-05-20 15:18:33,544 - src.base.trainer - INFO - epoch complete
2026-05-20 15:18:33,546 - src.base.trainer - INFO - evaluating now!
2026-05-20 15:18:34,680 - src.base.trainer - INFO - Epoch [197/250] (31482) train_mae: 2.3250, val_mae: 2.8370, lr: 0.000017, 6.0s
2026-05-20 15:18:40,114 - src.base.trainer - INFO - Epoch [198/250] (31600) train_mae: 2.3424, val_mae: 2.8469 
2026-05-20 15:18:41,614 - src.base.trainer - INFO - epoch complete
2026-05-20 15:18:41,614 - src.base.trainer - INFO - evaluating now!
2026-05-20 15:18:42,652 - src.base.trainer - INFO - Epoch [198/250] (31641) train_mae: 2.3238, val_mae: 2.8778, lr: 0.000017, 6.9s
2026-05-20 15:18:48,620 - src.base.trainer - INFO - epoch complete
2026-05-20 15:18:48,620 - src.base.trainer - INFO - evaluating now!
2026-05-20 15:18:49,654 - src.base.trainer - INFO - Epoch [199/250] (31800) train_mae: 2.3214, val_mae: 2.8482, lr: 0.000017, 6.0s
2026-05-20 15:18:55,736 - src.base.trainer - INFO - epoch complete
2026-05-20 15:18:55,738 - src.base.trainer - INFO - evaluating now!
2026-05-20 15:18:56,782 - src.base.trainer - INFO - Epoch [200/250] (31959) train_mae: 2.3189, val_mae: 2.8407, lr: 0.000017, 6.1s
2026-05-20 15:18:59,333 - src.base.trainer - INFO - Epoch [201/250] (32000) train_mae: 2.2383, val_mae: 2.8456 
2026-05-20 15:19:03,818 - src.base.trainer - INFO - epoch complete
2026-05-20 15:19:03,819 - src.base.trainer - INFO - evaluating now!
2026-05-20 15:19:04,876 - src.base.trainer - INFO - Epoch [201/250] (32118) train_mae: 2.3184, val_mae: 2.8318, lr: 0.000017, 7.0s
2026-05-20 15:19:04,878 - src.base.trainer - INFO - Val loss decrease from 2.8348 to 2.8318, saving to True
2026-05-20 15:19:10,725 - src.base.trainer - INFO - epoch complete
2026-05-20 15:19:10,725 - src.base.trainer - INFO - evaluating now!
2026-05-20 15:19:11,764 - src.base.trainer - INFO - Epoch [202/250] (32277) train_mae: 2.3224, val_mae: 2.8340, lr: 0.000017, 5.8s
2026-05-20 15:19:17,374 - src.base.trainer - INFO - Epoch [203/250] (32400) train_mae: 2.3017, val_mae: 2.8404 
2026-05-20 15:19:18,855 - src.base.trainer - INFO - epoch complete
2026-05-20 15:19:18,855 - src.base.trainer - INFO - evaluating now!
2026-05-20 15:19:20,231 - src.base.trainer - INFO - Epoch [203/250] (32436) train_mae: 2.3182, val_mae: 2.8333, lr: 0.000017, 7.1s
2026-05-20 15:19:26,418 - src.base.trainer - INFO - epoch complete
2026-05-20 15:19:26,418 - src.base.trainer - INFO - evaluating now!
2026-05-20 15:19:27,459 - src.base.trainer - INFO - Epoch [204/250] (32595) train_mae: 2.3205, val_mae: 2.8344, lr: 0.000017, 6.2s
2026-05-20 15:19:33,375 - src.base.trainer - INFO - epoch complete
2026-05-20 15:19:33,378 - src.base.trainer - INFO - evaluating now!
2026-05-20 15:19:34,456 - src.base.trainer - INFO - Epoch [205/250] (32754) train_mae: 2.3170, val_mae: 2.8388, lr: 0.000017, 5.9s
2026-05-20 15:19:37,408 - src.base.trainer - INFO - Epoch [206/250] (32800) train_mae: 2.3188, val_mae: 2.8468 
2026-05-20 15:19:41,605 - src.base.trainer - INFO - epoch complete
2026-05-20 15:19:41,605 - src.base.trainer - INFO - evaluating now!
2026-05-20 15:19:42,652 - src.base.trainer - INFO - Epoch [206/250] (32913) train_mae: 2.3179, val_mae: 2.8377, lr: 0.000017, 7.1s
2026-05-20 15:19:48,556 - src.base.trainer - INFO - epoch complete
2026-05-20 15:19:48,556 - src.base.trainer - INFO - evaluating now!
2026-05-20 15:19:49,598 - src.base.trainer - INFO - Epoch [207/250] (33072) train_mae: 2.3171, val_mae: 2.8583, lr: 0.000017, 5.9s
2026-05-20 15:19:55,430 - src.base.trainer - INFO - Epoch [208/250] (33200) train_mae: 2.3230, val_mae: 2.8267 
2026-05-20 15:19:55,434 - src.base.trainer - INFO - Val loss decrease from 2.8318 to 2.8267, saving to True
2026-05-20 15:19:56,575 - src.base.trainer - INFO - epoch complete
2026-05-20 15:19:56,575 - src.base.trainer - INFO - evaluating now!
2026-05-20 15:19:57,632 - src.base.trainer - INFO - Epoch [208/250] (33231) train_mae: 2.3198, val_mae: 2.8347, lr: 0.000017, 7.0s
2026-05-20 15:20:03,517 - src.base.trainer - INFO - epoch complete
2026-05-20 15:20:03,517 - src.base.trainer - INFO - evaluating now!
2026-05-20 15:20:04,562 - src.base.trainer - INFO - Epoch [209/250] (33390) train_mae: 2.3228, val_mae: 2.8253, lr: 0.000017, 5.9s
2026-05-20 15:20:04,564 - src.base.trainer - INFO - Val loss decrease from 2.8267 to 2.8253, saving to True
2026-05-20 15:20:10,725 - src.base.trainer - INFO - epoch complete
2026-05-20 15:20:10,725 - src.base.trainer - INFO - evaluating now!
2026-05-20 15:20:11,834 - src.base.trainer - INFO - Epoch [210/250] (33549) train_mae: 2.3172, val_mae: 2.8303, lr: 0.000017, 6.2s
2026-05-20 15:20:14,956 - src.base.trainer - INFO - Epoch [211/250] (33600) train_mae: 2.2893, val_mae: 2.8327 
2026-05-20 15:20:19,073 - src.base.trainer - INFO - epoch complete
2026-05-20 15:20:19,074 - src.base.trainer - INFO - evaluating now!
2026-05-20 15:20:20,139 - src.base.trainer - INFO - Epoch [211/250] (33708) train_mae: 2.3134, val_mae: 2.8366, lr: 0.000017, 7.2s
2026-05-20 15:20:26,093 - src.base.trainer - INFO - epoch complete
2026-05-20 15:20:26,093 - src.base.trainer - INFO - evaluating now!
2026-05-20 15:20:27,162 - src.base.trainer - INFO - Epoch [212/250] (33867) train_mae: 2.3145, val_mae: 2.8315, lr: 0.000017, 6.0s
2026-05-20 15:20:33,387 - src.base.trainer - INFO - Epoch [213/250] (34000) train_mae: 2.3175, val_mae: 2.8456 
2026-05-20 15:20:34,356 - src.base.trainer - INFO - epoch complete
2026-05-20 15:20:34,357 - src.base.trainer - INFO - evaluating now!
2026-05-20 15:20:35,401 - src.base.trainer - INFO - Epoch [213/250] (34026) train_mae: 2.3159, val_mae: 2.8255, lr: 0.000017, 7.2s
2026-05-20 15:20:41,317 - src.base.trainer - INFO - epoch complete
2026-05-20 15:20:41,317 - src.base.trainer - INFO - evaluating now!
2026-05-20 15:20:42,359 - src.base.trainer - INFO - Epoch [214/250] (34185) train_mae: 2.3132, val_mae: 2.8453, lr: 0.000017, 5.9s
2026-05-20 15:20:48,254 - src.base.trainer - INFO - epoch complete
2026-05-20 15:20:48,254 - src.base.trainer - INFO - evaluating now!
2026-05-20 15:20:49,297 - src.base.trainer - INFO - Epoch [215/250] (34344) train_mae: 2.3128, val_mae: 2.8408, lr: 0.000017, 5.9s
2026-05-20 15:20:52,422 - src.base.trainer - INFO - Epoch [216/250] (34400) train_mae: 2.2366, val_mae: 2.8361 
2026-05-20 15:20:56,250 - src.base.trainer - INFO - epoch complete
2026-05-20 15:20:56,250 - src.base.trainer - INFO - evaluating now!
2026-05-20 15:20:57,293 - src.base.trainer - INFO - Epoch [216/250] (34503) train_mae: 2.3131, val_mae: 2.8297, lr: 0.000017, 7.0s
2026-05-20 15:21:03,225 - src.base.trainer - INFO - epoch complete
2026-05-20 15:21:03,225 - src.base.trainer - INFO - evaluating now!
2026-05-20 15:21:04,278 - src.base.trainer - INFO - Epoch [217/250] (34662) train_mae: 2.3146, val_mae: 2.8261, lr: 0.000017, 5.9s
2026-05-20 15:21:10,457 - src.base.trainer - INFO - Epoch [218/250] (34800) train_mae: 2.3159, val_mae: 2.8533 
2026-05-20 15:21:11,226 - src.base.trainer - INFO - epoch complete
2026-05-20 15:21:11,226 - src.base.trainer - INFO - evaluating now!
2026-05-20 15:21:12,365 - src.base.trainer - INFO - Epoch [218/250] (34821) train_mae: 2.3185, val_mae: 2.8333, lr: 0.000017, 6.9s
2026-05-20 15:21:18,821 - src.base.trainer - INFO - epoch complete
2026-05-20 15:21:18,821 - src.base.trainer - INFO - evaluating now!
2026-05-20 15:21:20,012 - src.base.trainer - INFO - Epoch [219/250] (34980) train_mae: 2.3118, val_mae: 2.8218, lr: 0.000017, 6.5s
2026-05-20 15:21:20,014 - src.base.trainer - INFO - Val loss decrease from 2.8253 to 2.8218, saving to True
2026-05-20 15:21:26,544 - src.base.trainer - INFO - epoch complete
2026-05-20 15:21:26,544 - src.base.trainer - INFO - evaluating now!
2026-05-20 15:21:27,612 - src.base.trainer - INFO - Epoch [220/250] (35139) train_mae: 2.3108, val_mae: 2.8274, lr: 0.000017, 6.5s
2026-05-20 15:21:30,943 - src.base.trainer - INFO - Epoch [221/250] (35200) train_mae: 2.2191, val_mae: 2.8233 
2026-05-20 15:21:34,620 - src.base.trainer - INFO - epoch complete
2026-05-20 15:21:34,621 - src.base.trainer - INFO - evaluating now!
2026-05-20 15:21:35,676 - src.base.trainer - INFO - Epoch [221/250] (35298) train_mae: 2.3126, val_mae: 2.8349, lr: 0.000017, 7.0s
2026-05-20 15:21:41,640 - src.base.trainer - INFO - epoch complete
2026-05-20 15:21:41,640 - src.base.trainer - INFO - evaluating now!
2026-05-20 15:21:42,763 - src.base.trainer - INFO - Epoch [222/250] (35457) train_mae: 2.3105, val_mae: 2.8225, lr: 0.000017, 6.0s
2026-05-20 15:21:49,576 - src.base.trainer - INFO - Epoch [223/250] (35600) train_mae: 2.3111, val_mae: 2.8353 
2026-05-20 15:21:50,161 - src.base.trainer - INFO - epoch complete
2026-05-20 15:21:50,161 - src.base.trainer - INFO - evaluating now!
2026-05-20 15:21:51,206 - src.base.trainer - INFO - Epoch [223/250] (35616) train_mae: 2.3073, val_mae: 2.8251, lr: 0.000017, 7.4s
2026-05-20 15:21:57,228 - src.base.trainer - INFO - epoch complete
2026-05-20 15:21:57,230 - src.base.trainer - INFO - evaluating now!
2026-05-20 15:21:58,291 - src.base.trainer - INFO - Epoch [224/250] (35775) train_mae: 2.3090, val_mae: 2.8239, lr: 0.000017, 6.0s
2026-05-20 15:22:04,423 - src.base.trainer - INFO - epoch complete
2026-05-20 15:22:04,425 - src.base.trainer - INFO - evaluating now!
2026-05-20 15:22:05,546 - src.base.trainer - INFO - Epoch [225/250] (35934) train_mae: 2.3158, val_mae: 2.8522, lr: 0.000017, 6.1s
2026-05-20 15:22:09,225 - src.base.trainer - INFO - Epoch [226/250] (36000) train_mae: 2.2689, val_mae: 2.8545 
2026-05-20 15:22:12,790 - src.base.trainer - INFO - epoch complete
2026-05-20 15:22:12,790 - src.base.trainer - INFO - evaluating now!
2026-05-20 15:22:13,869 - src.base.trainer - INFO - Epoch [226/250] (36093) train_mae: 2.3190, val_mae: 2.8204, lr: 0.000017, 7.2s
2026-05-20 15:22:13,872 - src.base.trainer - INFO - Val loss decrease from 2.8218 to 2.8204, saving to True
2026-05-20 15:22:19,777 - src.base.trainer - INFO - epoch complete
2026-05-20 15:22:19,777 - src.base.trainer - INFO - evaluating now!
2026-05-20 15:22:20,817 - src.base.trainer - INFO - Epoch [227/250] (36252) train_mae: 2.3065, val_mae: 2.8536, lr: 0.000017, 5.9s
2026-05-20 15:22:27,462 - src.base.trainer - INFO - Epoch [228/250] (36400) train_mae: 2.3217, val_mae: 2.8155 
2026-05-20 15:22:27,463 - src.base.trainer - INFO - Val loss decrease from 2.8204 to 2.8155, saving to True
2026-05-20 15:22:27,861 - src.base.trainer - INFO - epoch complete
2026-05-20 15:22:27,861 - src.base.trainer - INFO - evaluating now!
2026-05-20 15:22:28,941 - src.base.trainer - INFO - Epoch [228/250] (36411) train_mae: 2.3059, val_mae: 2.8258, lr: 0.000017, 7.0s
2026-05-20 15:22:34,887 - src.base.trainer - INFO - epoch complete
2026-05-20 15:22:34,888 - src.base.trainer - INFO - evaluating now!
2026-05-20 15:22:35,941 - src.base.trainer - INFO - Epoch [229/250] (36570) train_mae: 2.3093, val_mae: 2.8217, lr: 0.000017, 5.9s
2026-05-20 15:22:41,893 - src.base.trainer - INFO - epoch complete
2026-05-20 15:22:41,893 - src.base.trainer - INFO - evaluating now!
2026-05-20 15:22:42,950 - src.base.trainer - INFO - Epoch [230/250] (36729) train_mae: 2.3076, val_mae: 2.8297, lr: 0.000017, 6.0s
2026-05-20 15:22:46,754 - src.base.trainer - INFO - Epoch [231/250] (36800) train_mae: 2.3570, val_mae: 2.8199 
2026-05-20 15:22:50,164 - src.base.trainer - INFO - epoch complete
2026-05-20 15:22:50,166 - src.base.trainer - INFO - evaluating now!
2026-05-20 15:22:51,216 - src.base.trainer - INFO - Epoch [231/250] (36888) train_mae: 2.3089, val_mae: 2.8271, lr: 0.000017, 7.2s
2026-05-20 15:22:57,114 - src.base.trainer - INFO - epoch complete
2026-05-20 15:22:57,114 - src.base.trainer - INFO - evaluating now!
2026-05-20 15:22:58,162 - src.base.trainer - INFO - Epoch [232/250] (37047) train_mae: 2.3070, val_mae: 2.8274, lr: 0.000017, 5.9s
2026-05-20 15:23:05,005 - src.base.trainer - INFO - Epoch [233/250] (37200) train_mae: 2.2998, val_mae: 2.8289 
2026-05-20 15:23:05,221 - src.base.trainer - INFO - epoch complete
2026-05-20 15:23:05,221 - src.base.trainer - INFO - evaluating now!
2026-05-20 15:23:06,416 - src.base.trainer - INFO - Epoch [233/250] (37206) train_mae: 2.3064, val_mae: 2.8395, lr: 0.000017, 7.1s
2026-05-20 15:23:12,893 - src.base.trainer - INFO - epoch complete
2026-05-20 15:23:12,893 - src.base.trainer - INFO - evaluating now!
2026-05-20 15:23:13,964 - src.base.trainer - INFO - Epoch [234/250] (37365) train_mae: 2.3118, val_mae: 2.8175, lr: 0.000017, 6.5s
2026-05-20 15:23:19,986 - src.base.trainer - INFO - epoch complete
2026-05-20 15:23:19,987 - src.base.trainer - INFO - evaluating now!
2026-05-20 15:23:21,055 - src.base.trainer - INFO - Epoch [235/250] (37524) train_mae: 2.3056, val_mae: 2.8313, lr: 0.000017, 6.0s
2026-05-20 15:23:24,980 - src.base.trainer - INFO - Epoch [236/250] (37600) train_mae: 2.3190, val_mae: 2.8279 
2026-05-20 15:23:28,055 - src.base.trainer - INFO - epoch complete
2026-05-20 15:23:28,055 - src.base.trainer - INFO - evaluating now!
2026-05-20 15:23:29,105 - src.base.trainer - INFO - Epoch [236/250] (37683) train_mae: 2.3058, val_mae: 2.8234, lr: 0.000017, 7.0s
2026-05-20 15:23:35,076 - src.base.trainer - INFO - epoch complete
2026-05-20 15:23:35,078 - src.base.trainer - INFO - evaluating now!
2026-05-20 15:23:36,133 - src.base.trainer - INFO - Epoch [237/250] (37842) train_mae: 2.3032, val_mae: 2.8209, lr: 0.000017, 6.0s
2026-05-20 15:23:43,174 - src.base.trainer - INFO - Epoch [238/250] (38000) train_mae: 2.3025, val_mae: 2.8210 
2026-05-20 15:23:43,191 - src.base.trainer - INFO - epoch complete
2026-05-20 15:23:43,191 - src.base.trainer - INFO - evaluating now!
2026-05-20 15:23:44,248 - src.base.trainer - INFO - Epoch [238/250] (38001) train_mae: 2.3006, val_mae: 2.8223, lr: 0.000017, 7.1s
2026-05-20 15:23:50,181 - src.base.trainer - INFO - epoch complete
2026-05-20 15:23:50,181 - src.base.trainer - INFO - evaluating now!
2026-05-20 15:23:51,243 - src.base.trainer - INFO - Epoch [239/250] (38160) train_mae: 2.3003, val_mae: 2.8267, lr: 0.000017, 5.9s
2026-05-20 15:23:57,202 - src.base.trainer - INFO - epoch complete
2026-05-20 15:23:57,202 - src.base.trainer - INFO - evaluating now!
2026-05-20 15:23:58,313 - src.base.trainer - INFO - Epoch [240/250] (38319) train_mae: 2.3003, val_mae: 2.8330, lr: 0.000017, 6.0s
2026-05-20 15:24:02,680 - src.base.trainer - INFO - Epoch [241/250] (38400) train_mae: 2.3513, val_mae: 2.8130 
2026-05-20 15:24:02,682 - src.base.trainer - INFO - Val loss decrease from 2.8155 to 2.8130, saving to True
2026-05-20 15:24:05,652 - src.base.trainer - INFO - epoch complete
2026-05-20 15:24:05,652 - src.base.trainer - INFO - evaluating now!
2026-05-20 15:24:06,736 - src.base.trainer - INFO - Epoch [241/250] (38478) train_mae: 2.3043, val_mae: 2.8211, lr: 0.000017, 7.3s
2026-05-20 15:24:12,820 - src.base.trainer - INFO - epoch complete
2026-05-20 15:24:12,820 - src.base.trainer - INFO - evaluating now!
2026-05-20 15:24:13,928 - src.base.trainer - INFO - Epoch [242/250] (38637) train_mae: 2.2986, val_mae: 2.8588, lr: 0.000017, 6.1s
2026-05-20 15:24:19,919 - src.base.trainer - INFO - epoch complete
2026-05-20 15:24:19,919 - src.base.trainer - INFO - evaluating now!
2026-05-20 15:24:20,961 - src.base.trainer - INFO - Epoch [243/250] (38796) train_mae: 2.3108, val_mae: 2.8065, lr: 0.000017, 6.0s
2026-05-20 15:24:20,962 - src.base.trainer - INFO - Val loss decrease from 2.8130 to 2.8065, saving to True
2026-05-20 15:24:22,225 - src.base.trainer - INFO - Epoch [244/250] (38800) train_mae: 2.1941, val_mae: 2.8355 
2026-05-20 15:24:28,206 - src.base.trainer - INFO - epoch complete
2026-05-20 15:24:28,207 - src.base.trainer - INFO - evaluating now!
2026-05-20 15:24:29,296 - src.base.trainer - INFO - Epoch [244/250] (38955) train_mae: 2.2990, val_mae: 2.8248, lr: 0.000017, 7.2s
2026-05-20 15:24:35,455 - src.base.trainer - INFO - epoch complete
2026-05-20 15:24:35,455 - src.base.trainer - INFO - evaluating now!
2026-05-20 15:24:36,532 - src.base.trainer - INFO - Epoch [245/250] (39114) train_mae: 2.2997, val_mae: 2.8170, lr: 0.000017, 6.2s
2026-05-20 15:24:41,252 - src.base.trainer - INFO - Epoch [246/250] (39200) train_mae: 2.3041, val_mae: 2.8346 
2026-05-20 15:24:44,189 - src.base.trainer - INFO - epoch complete
2026-05-20 15:24:44,189 - src.base.trainer - INFO - evaluating now!
2026-05-20 15:24:45,305 - src.base.trainer - INFO - Epoch [246/250] (39273) train_mae: 2.2972, val_mae: 2.8198, lr: 0.000017, 7.7s
2026-05-20 15:24:51,365 - src.base.trainer - INFO - epoch complete
2026-05-20 15:24:51,365 - src.base.trainer - INFO - evaluating now!
2026-05-20 15:24:52,514 - src.base.trainer - INFO - Epoch [247/250] (39432) train_mae: 2.2980, val_mae: 2.8433, lr: 0.000017, 6.1s
2026-05-20 15:24:58,548 - src.base.trainer - INFO - epoch complete
2026-05-20 15:24:58,548 - src.base.trainer - INFO - evaluating now!
2026-05-20 15:24:59,619 - src.base.trainer - INFO - Epoch [248/250] (39591) train_mae: 2.2982, val_mae: 2.8082, lr: 0.000017, 6.0s
2026-05-20 15:25:01,109 - src.base.trainer - INFO - Epoch [249/250] (39600) train_mae: 2.1942, val_mae: 2.8124 
2026-05-20 15:25:06,920 - src.base.trainer - INFO - epoch complete
2026-05-20 15:25:06,920 - src.base.trainer - INFO - evaluating now!
2026-05-20 15:25:07,969 - src.base.trainer - INFO - Epoch [249/250] (39750) train_mae: 2.2993, val_mae: 2.8120, lr: 0.000017, 7.3s
2026-05-20 15:38:02,488 - src.base.trainer - INFO - the number of parameters: 56460
2026-05-20 15:38:02,491 - src.base.trainer - INFO - start training !!!!!
2026-05-20 15:38:08,295 - src.base.trainer - INFO - epoch complete
2026-05-20 15:38:08,295 - src.base.trainer - INFO - evaluating now!
2026-05-20 15:38:09,242 - src.base.trainer - INFO - Epoch [0/250] (159) train_mae: 11.0452, val_mae: 11.3568, lr: 0.000100, 5.8s
2026-05-20 15:38:09,245 - src.base.trainer - INFO - Val loss decrease from inf to 11.3568, saving to True
2026-05-20 15:38:14,990 - src.base.trainer - INFO - epoch complete
2026-05-20 15:38:14,990 - src.base.trainer - INFO - evaluating now!
2026-05-20 15:38:15,931 - src.base.trainer - INFO - Epoch [1/250] (318) train_mae: 7.1412, val_mae: 7.3668, lr: 0.000100, 5.7s
2026-05-20 15:38:15,932 - src.base.trainer - INFO - Val loss decrease from 11.3568 to 7.3668, saving to True
2026-05-20 15:38:19,842 - src.base.trainer - INFO - Epoch [2/250] (400) train_mae: 5.4000, val_mae: 6.5946 
2026-05-20 15:38:19,843 - src.base.trainer - INFO - Val loss decrease from 7.3668 to 6.5946, saving to True
2026-05-20 15:38:22,607 - src.base.trainer - INFO - epoch complete
2026-05-20 15:38:22,607 - src.base.trainer - INFO - evaluating now!
2026-05-20 15:38:23,596 - src.base.trainer - INFO - Epoch [2/250] (477) train_mae: 5.2457, val_mae: 6.1051, lr: 0.000100, 6.7s
2026-05-20 15:38:23,600 - src.base.trainer - INFO - Val loss decrease from 6.5946 to 6.1051, saving to True
2026-05-20 15:38:29,379 - src.base.trainer - INFO - epoch complete
2026-05-20 15:38:29,379 - src.base.trainer - INFO - evaluating now!
2026-05-20 15:38:30,323 - src.base.trainer - INFO - Epoch [3/250] (636) train_mae: 4.5530, val_mae: 5.4100, lr: 0.000100, 5.8s
2026-05-20 15:38:30,325 - src.base.trainer - INFO - Val loss decrease from 6.1051 to 5.4100, saving to True
2026-05-20 15:38:36,116 - src.base.trainer - INFO - epoch complete
2026-05-20 15:38:36,116 - src.base.trainer - INFO - evaluating now!
2026-05-20 15:38:37,061 - src.base.trainer - INFO - Epoch [4/250] (795) train_mae: 4.1588, val_mae: 5.0062, lr: 0.000100, 5.8s
2026-05-20 15:38:37,063 - src.base.trainer - INFO - Val loss decrease from 5.4100 to 5.0062, saving to True
2026-05-20 15:38:38,197 - src.base.trainer - INFO - Epoch [5/250] (800) train_mae: 4.2719, val_mae: 5.0046 
2026-05-20 15:38:38,201 - src.base.trainer - INFO - Val loss decrease from 5.0062 to 5.0046, saving to True
2026-05-20 15:38:43,772 - src.base.trainer - INFO - epoch complete
2026-05-20 15:38:43,774 - src.base.trainer - INFO - evaluating now!
2026-05-20 15:38:44,722 - src.base.trainer - INFO - Epoch [5/250] (954) train_mae: 3.9126, val_mae: 4.7502, lr: 0.000100, 6.7s
2026-05-20 15:38:44,723 - src.base.trainer - INFO - Val loss decrease from 5.0046 to 4.7502, saving to True
2026-05-20 15:38:50,487 - src.base.trainer - INFO - epoch complete
2026-05-20 15:38:50,487 - src.base.trainer - INFO - evaluating now!
2026-05-20 15:38:51,445 - src.base.trainer - INFO - Epoch [6/250] (1113) train_mae: 3.7284, val_mae: 4.5274, lr: 0.000100, 5.8s
2026-05-20 15:38:51,447 - src.base.trainer - INFO - Val loss decrease from 4.7502 to 4.5274, saving to True
2026-05-20 15:38:55,556 - src.base.trainer - INFO - Epoch [7/250] (1200) train_mae: 3.5540, val_mae: 4.4165 
2026-05-20 15:38:55,557 - src.base.trainer - INFO - Val loss decrease from 4.5274 to 4.4165, saving to True
2026-05-20 15:38:58,204 - src.base.trainer - INFO - epoch complete
2026-05-20 15:38:58,204 - src.base.trainer - INFO - evaluating now!
2026-05-20 15:38:59,159 - src.base.trainer - INFO - Epoch [7/250] (1272) train_mae: 3.5696, val_mae: 4.3160, lr: 0.000100, 6.8s
2026-05-20 15:38:59,161 - src.base.trainer - INFO - Val loss decrease from 4.4165 to 4.3160, saving to True
2026-05-20 15:39:04,920 - src.base.trainer - INFO - epoch complete
2026-05-20 15:39:04,920 - src.base.trainer - INFO - evaluating now!
2026-05-20 15:39:05,872 - src.base.trainer - INFO - Epoch [8/250] (1431) train_mae: 3.4345, val_mae: 4.1609, lr: 0.000100, 5.8s
2026-05-20 15:39:05,873 - src.base.trainer - INFO - Val loss decrease from 4.3160 to 4.1609, saving to True
2026-05-20 15:39:11,693 - src.base.trainer - INFO - epoch complete
2026-05-20 15:39:11,693 - src.base.trainer - INFO - evaluating now!
2026-05-20 15:39:12,647 - src.base.trainer - INFO - Epoch [9/250] (1590) train_mae: 3.3287, val_mae: 4.0298, lr: 0.000070, 5.8s
2026-05-20 15:39:12,648 - src.base.trainer - INFO - Val loss decrease from 4.1609 to 4.0298, saving to True
2026-05-20 15:39:13,967 - src.base.trainer - INFO - Epoch [10/250] (1600) train_mae: 3.4780, val_mae: 4.0264 
2026-05-20 15:39:13,968 - src.base.trainer - INFO - Val loss decrease from 4.0298 to 4.0264, saving to True
2026-05-20 15:39:19,426 - src.base.trainer - INFO - epoch complete
2026-05-20 15:39:19,427 - src.base.trainer - INFO - evaluating now!
2026-05-20 15:39:20,382 - src.base.trainer - INFO - Epoch [10/250] (1749) train_mae: 3.2471, val_mae: 3.9336, lr: 0.000070, 6.8s
2026-05-20 15:39:20,384 - src.base.trainer - INFO - Val loss decrease from 4.0264 to 3.9336, saving to True
2026-05-20 15:39:26,174 - src.base.trainer - INFO - epoch complete
2026-05-20 15:39:26,174 - src.base.trainer - INFO - evaluating now!
2026-05-20 15:39:27,128 - src.base.trainer - INFO - Epoch [11/250] (1908) train_mae: 3.1628, val_mae: 3.8484, lr: 0.000070, 5.8s
2026-05-20 15:39:27,130 - src.base.trainer - INFO - Val loss decrease from 3.9336 to 3.8484, saving to True
2026-05-20 15:39:31,445 - src.base.trainer - INFO - Epoch [12/250] (2000) train_mae: 3.1810, val_mae: 3.7910 
2026-05-20 15:39:31,450 - src.base.trainer - INFO - Val loss decrease from 3.8484 to 3.7910, saving to True
2026-05-20 15:39:33,877 - src.base.trainer - INFO - epoch complete
2026-05-20 15:39:33,877 - src.base.trainer - INFO - evaluating now!
2026-05-20 15:39:34,837 - src.base.trainer - INFO - Epoch [12/250] (2067) train_mae: 3.1024, val_mae: 3.7690, lr: 0.000070, 6.7s
2026-05-20 15:39:34,838 - src.base.trainer - INFO - Val loss decrease from 3.7910 to 3.7690, saving to True
2026-05-20 15:39:40,616 - src.base.trainer - INFO - epoch complete
2026-05-20 15:39:40,616 - src.base.trainer - INFO - evaluating now!
2026-05-20 15:39:41,572 - src.base.trainer - INFO - Epoch [13/250] (2226) train_mae: 3.0517, val_mae: 3.7051, lr: 0.000070, 5.8s
2026-05-20 15:39:41,574 - src.base.trainer - INFO - Val loss decrease from 3.7690 to 3.7051, saving to True
2026-05-20 15:39:47,345 - src.base.trainer - INFO - epoch complete
2026-05-20 15:39:47,346 - src.base.trainer - INFO - evaluating now!
2026-05-20 15:39:48,298 - src.base.trainer - INFO - Epoch [14/250] (2385) train_mae: 3.0093, val_mae: 3.6522, lr: 0.000070, 5.8s
2026-05-20 15:39:48,299 - src.base.trainer - INFO - Val loss decrease from 3.7051 to 3.6522, saving to True
2026-05-20 15:39:49,811 - src.base.trainer - INFO - Epoch [15/250] (2400) train_mae: 3.1206, val_mae: 3.6420 
2026-05-20 15:39:49,812 - src.base.trainer - INFO - Val loss decrease from 3.6522 to 3.6420, saving to True
2026-05-20 15:39:55,484 - src.base.trainer - INFO - epoch complete
2026-05-20 15:39:55,486 - src.base.trainer - INFO - evaluating now!
2026-05-20 15:39:56,563 - src.base.trainer - INFO - Epoch [15/250] (2544) train_mae: 2.9717, val_mae: 3.6180, lr: 0.000070, 7.2s
2026-05-20 15:39:56,565 - src.base.trainer - INFO - Val loss decrease from 3.6420 to 3.6180, saving to True
2026-05-20 15:40:03,254 - src.base.trainer - INFO - epoch complete
2026-05-20 15:40:03,255 - src.base.trainer - INFO - evaluating now!
2026-05-20 15:40:04,348 - src.base.trainer - INFO - Epoch [16/250] (2703) train_mae: 2.9278, val_mae: 3.5566, lr: 0.000070, 6.7s
2026-05-20 15:40:04,349 - src.base.trainer - INFO - Val loss decrease from 3.6180 to 3.5566, saving to True
2026-05-20 15:40:09,440 - src.base.trainer - INFO - Epoch [17/250] (2800) train_mae: 2.8831, val_mae: 3.5378 
2026-05-20 15:40:09,442 - src.base.trainer - INFO - Val loss decrease from 3.5566 to 3.5378, saving to True
2026-05-20 15:40:12,407 - src.base.trainer - INFO - epoch complete
2026-05-20 15:40:12,407 - src.base.trainer - INFO - evaluating now!
2026-05-20 15:40:13,567 - src.base.trainer - INFO - Epoch [17/250] (2862) train_mae: 2.8995, val_mae: 3.5210, lr: 0.000070, 8.1s
2026-05-20 15:40:13,569 - src.base.trainer - INFO - Val loss decrease from 3.5378 to 3.5210, saving to True
2026-05-20 15:40:19,616 - src.base.trainer - INFO - epoch complete
2026-05-20 15:40:19,616 - src.base.trainer - INFO - evaluating now!
2026-05-20 15:40:20,583 - src.base.trainer - INFO - Epoch [18/250] (3021) train_mae: 2.8681, val_mae: 3.4834, lr: 0.000070, 6.0s
2026-05-20 15:40:20,585 - src.base.trainer - INFO - Val loss decrease from 3.5210 to 3.4834, saving to True
2026-05-20 15:40:26,541 - src.base.trainer - INFO - epoch complete
2026-05-20 15:40:26,541 - src.base.trainer - INFO - evaluating now!
2026-05-20 15:40:27,506 - src.base.trainer - INFO - Epoch [19/250] (3180) train_mae: 2.8429, val_mae: 3.4445, lr: 0.000049, 6.0s
2026-05-20 15:40:27,507 - src.base.trainer - INFO - Val loss decrease from 3.4834 to 3.4445, saving to True
2026-05-20 15:40:29,199 - src.base.trainer - INFO - Epoch [20/250] (3200) train_mae: 2.8630, val_mae: 3.4371 
2026-05-20 15:40:29,200 - src.base.trainer - INFO - Val loss decrease from 3.4445 to 3.4371, saving to True
2026-05-20 15:40:34,283 - src.base.trainer - INFO - epoch complete
2026-05-20 15:40:34,283 - src.base.trainer - INFO - evaluating now!
2026-05-20 15:40:35,244 - src.base.trainer - INFO - Epoch [20/250] (3339) train_mae: 2.8160, val_mae: 3.4117, lr: 0.000049, 6.8s
2026-05-20 15:40:35,246 - src.base.trainer - INFO - Val loss decrease from 3.4371 to 3.4117, saving to True
2026-05-20 15:40:41,033 - src.base.trainer - INFO - epoch complete
2026-05-20 15:40:41,033 - src.base.trainer - INFO - evaluating now!
2026-05-20 15:40:41,994 - src.base.trainer - INFO - Epoch [21/250] (3498) train_mae: 2.7933, val_mae: 3.3922, lr: 0.000049, 5.8s
2026-05-20 15:40:41,995 - src.base.trainer - INFO - Val loss decrease from 3.4117 to 3.3922, saving to True
2026-05-20 15:40:46,701 - src.base.trainer - INFO - Epoch [22/250] (3600) train_mae: 2.7807, val_mae: 3.3646 
2026-05-20 15:40:46,702 - src.base.trainer - INFO - Val loss decrease from 3.3922 to 3.3646, saving to True
2026-05-20 15:40:48,775 - src.base.trainer - INFO - epoch complete
2026-05-20 15:40:48,775 - src.base.trainer - INFO - evaluating now!
2026-05-20 15:40:49,740 - src.base.trainer - INFO - Epoch [22/250] (3657) train_mae: 2.7707, val_mae: 3.3674, lr: 0.000049, 6.8s
2026-05-20 15:40:55,563 - src.base.trainer - INFO - epoch complete
2026-05-20 15:40:55,565 - src.base.trainer - INFO - evaluating now!
2026-05-20 15:40:56,525 - src.base.trainer - INFO - Epoch [23/250] (3816) train_mae: 2.7562, val_mae: 3.3470, lr: 0.000049, 5.8s
2026-05-20 15:40:56,527 - src.base.trainer - INFO - Val loss decrease from 3.3646 to 3.3470, saving to True
2026-05-20 15:41:02,385 - src.base.trainer - INFO - epoch complete
2026-05-20 15:41:02,386 - src.base.trainer - INFO - evaluating now!
2026-05-20 15:41:03,346 - src.base.trainer - INFO - Epoch [24/250] (3975) train_mae: 2.7399, val_mae: 3.3264, lr: 0.000049, 5.9s
2026-05-20 15:41:03,347 - src.base.trainer - INFO - Val loss decrease from 3.3470 to 3.3264, saving to True
2026-05-20 15:41:05,229 - src.base.trainer - INFO - Epoch [25/250] (4000) train_mae: 2.6343, val_mae: 3.3098 
2026-05-20 15:41:05,230 - src.base.trainer - INFO - Val loss decrease from 3.3264 to 3.3098, saving to True
2026-05-20 15:41:10,131 - src.base.trainer - INFO - epoch complete
2026-05-20 15:41:10,131 - src.base.trainer - INFO - evaluating now!
2026-05-20 15:41:11,094 - src.base.trainer - INFO - Epoch [25/250] (4134) train_mae: 2.7198, val_mae: 3.3195, lr: 0.000049, 6.8s
2026-05-20 15:41:16,889 - src.base.trainer - INFO - epoch complete
2026-05-20 15:41:16,889 - src.base.trainer - INFO - evaluating now!
2026-05-20 15:41:17,844 - src.base.trainer - INFO - Epoch [26/250] (4293) train_mae: 2.7086, val_mae: 3.2874, lr: 0.000049, 5.8s
2026-05-20 15:41:17,845 - src.base.trainer - INFO - Val loss decrease from 3.3098 to 3.2874, saving to True
2026-05-20 15:41:22,727 - src.base.trainer - INFO - Epoch [27/250] (4400) train_mae: 2.7032, val_mae: 3.2769 
2026-05-20 15:41:22,729 - src.base.trainer - INFO - Val loss decrease from 3.2874 to 3.2769, saving to True
2026-05-20 15:41:24,631 - src.base.trainer - INFO - epoch complete
2026-05-20 15:41:24,631 - src.base.trainer - INFO - evaluating now!
2026-05-20 15:41:25,657 - src.base.trainer - INFO - Epoch [27/250] (4452) train_mae: 2.6970, val_mae: 3.2688, lr: 0.000049, 6.8s
2026-05-20 15:41:25,659 - src.base.trainer - INFO - Val loss decrease from 3.2769 to 3.2688, saving to True
2026-05-20 15:41:31,633 - src.base.trainer - INFO - epoch complete
2026-05-20 15:41:31,633 - src.base.trainer - INFO - evaluating now!
2026-05-20 15:41:32,605 - src.base.trainer - INFO - Epoch [28/250] (4611) train_mae: 2.6851, val_mae: 3.2750, lr: 0.000049, 6.0s
2026-05-20 15:41:38,512 - src.base.trainer - INFO - epoch complete
2026-05-20 15:41:38,512 - src.base.trainer - INFO - evaluating now!
2026-05-20 15:41:39,507 - src.base.trainer - INFO - Epoch [29/250] (4770) train_mae: 2.6709, val_mae: 3.2392, lr: 0.000034, 5.9s
2026-05-20 15:41:39,508 - src.base.trainer - INFO - Val loss decrease from 3.2688 to 3.2392, saving to True
2026-05-20 15:41:41,645 - src.base.trainer - INFO - Epoch [30/250] (4800) train_mae: 2.6119, val_mae: 3.2299 
2026-05-20 15:41:41,646 - src.base.trainer - INFO - Val loss decrease from 3.2392 to 3.2299, saving to True
2026-05-20 15:41:46,468 - src.base.trainer - INFO - epoch complete
2026-05-20 15:41:46,468 - src.base.trainer - INFO - evaluating now!
2026-05-20 15:41:47,524 - src.base.trainer - INFO - Epoch [30/250] (4929) train_mae: 2.6559, val_mae: 3.2314, lr: 0.000034, 7.0s
2026-05-20 15:41:53,441 - src.base.trainer - INFO - epoch complete
2026-05-20 15:41:53,441 - src.base.trainer - INFO - evaluating now!
2026-05-20 15:41:54,419 - src.base.trainer - INFO - Epoch [31/250] (5088) train_mae: 2.6438, val_mae: 3.2141, lr: 0.000034, 5.9s
2026-05-20 15:41:54,420 - src.base.trainer - INFO - Val loss decrease from 3.2299 to 3.2141, saving to True
2026-05-20 15:41:59,955 - src.base.trainer - INFO - Epoch [32/250] (5200) train_mae: 2.6796, val_mae: 3.2079 
2026-05-20 15:41:59,957 - src.base.trainer - INFO - Val loss decrease from 3.2141 to 3.2079, saving to True
2026-05-20 15:42:01,695 - src.base.trainer - INFO - epoch complete
2026-05-20 15:42:01,696 - src.base.trainer - INFO - evaluating now!
2026-05-20 15:42:02,665 - src.base.trainer - INFO - Epoch [32/250] (5247) train_mae: 2.6362, val_mae: 3.1950, lr: 0.000034, 7.3s
2026-05-20 15:42:02,666 - src.base.trainer - INFO - Val loss decrease from 3.2079 to 3.1950, saving to True
2026-05-20 15:42:08,566 - src.base.trainer - INFO - epoch complete
2026-05-20 15:42:08,566 - src.base.trainer - INFO - evaluating now!
2026-05-20 15:42:09,563 - src.base.trainer - INFO - Epoch [33/250] (5406) train_mae: 2.6273, val_mae: 3.1840, lr: 0.000034, 5.9s
2026-05-20 15:42:09,564 - src.base.trainer - INFO - Val loss decrease from 3.1950 to 3.1840, saving to True
2026-05-20 15:42:15,476 - src.base.trainer - INFO - epoch complete
2026-05-20 15:42:15,479 - src.base.trainer - INFO - evaluating now!
2026-05-20 15:42:16,445 - src.base.trainer - INFO - Epoch [34/250] (5565) train_mae: 2.6237, val_mae: 3.2099, lr: 0.000034, 5.9s
2026-05-20 15:42:18,720 - src.base.trainer - INFO - Epoch [35/250] (5600) train_mae: 2.6885, val_mae: 3.1725 
2026-05-20 15:42:18,723 - src.base.trainer - INFO - Val loss decrease from 3.1840 to 3.1725, saving to True
2026-05-20 15:42:23,338 - src.base.trainer - INFO - epoch complete
2026-05-20 15:42:23,338 - src.base.trainer - INFO - evaluating now!
2026-05-20 15:42:24,304 - src.base.trainer - INFO - Epoch [35/250] (5724) train_mae: 2.6206, val_mae: 3.1690, lr: 0.000034, 6.9s
2026-05-20 15:42:24,305 - src.base.trainer - INFO - Val loss decrease from 3.1725 to 3.1690, saving to True
2026-05-20 15:42:30,207 - src.base.trainer - INFO - epoch complete
2026-05-20 15:42:30,208 - src.base.trainer - INFO - evaluating now!
2026-05-20 15:42:31,167 - src.base.trainer - INFO - Epoch [36/250] (5883) train_mae: 2.6037, val_mae: 3.1604, lr: 0.000034, 5.9s
2026-05-20 15:42:31,168 - src.base.trainer - INFO - Val loss decrease from 3.1690 to 3.1604, saving to True
2026-05-20 15:42:36,439 - src.base.trainer - INFO - Epoch [37/250] (6000) train_mae: 2.6140, val_mae: 3.1420 
2026-05-20 15:42:36,441 - src.base.trainer - INFO - Val loss decrease from 3.1604 to 3.1420, saving to True
2026-05-20 15:42:37,966 - src.base.trainer - INFO - epoch complete
2026-05-20 15:42:37,966 - src.base.trainer - INFO - evaluating now!
2026-05-20 15:42:38,926 - src.base.trainer - INFO - Epoch [37/250] (6042) train_mae: 2.5953, val_mae: 3.1510, lr: 0.000034, 6.8s
2026-05-20 15:42:44,869 - src.base.trainer - INFO - epoch complete
2026-05-20 15:42:44,870 - src.base.trainer - INFO - evaluating now!
2026-05-20 15:42:45,850 - src.base.trainer - INFO - Epoch [38/250] (6201) train_mae: 2.5841, val_mae: 3.1363, lr: 0.000034, 5.9s
2026-05-20 15:42:45,851 - src.base.trainer - INFO - Val loss decrease from 3.1420 to 3.1363, saving to True
2026-05-20 15:42:51,720 - src.base.trainer - INFO - epoch complete
2026-05-20 15:42:51,721 - src.base.trainer - INFO - evaluating now!
2026-05-20 15:42:52,682 - src.base.trainer - INFO - Epoch [39/250] (6360) train_mae: 2.5863, val_mae: 3.1262, lr: 0.000024, 5.9s
2026-05-20 15:42:52,684 - src.base.trainer - INFO - Val loss decrease from 3.1363 to 3.1262, saving to True
2026-05-20 15:42:55,140 - src.base.trainer - INFO - Epoch [40/250] (6400) train_mae: 2.5538, val_mae: 3.1557 
2026-05-20 15:42:59,612 - src.base.trainer - INFO - epoch complete
2026-05-20 15:42:59,612 - src.base.trainer - INFO - evaluating now!
2026-05-20 15:43:00,615 - src.base.trainer - INFO - Epoch [40/250] (6519) train_mae: 2.5728, val_mae: 3.1164, lr: 0.000024, 6.9s
2026-05-20 15:43:00,617 - src.base.trainer - INFO - Val loss decrease from 3.1262 to 3.1164, saving to True
2026-05-20 15:43:06,772 - src.base.trainer - INFO - epoch complete
2026-05-20 15:43:06,773 - src.base.trainer - INFO - evaluating now!
2026-05-20 15:43:07,759 - src.base.trainer - INFO - Epoch [41/250] (6678) train_mae: 2.5653, val_mae: 3.1090, lr: 0.000024, 6.2s
2026-05-20 15:43:07,760 - src.base.trainer - INFO - Val loss decrease from 3.1164 to 3.1090, saving to True
2026-05-20 15:43:13,404 - src.base.trainer - INFO - Epoch [42/250] (6800) train_mae: 2.5621, val_mae: 3.1095 
2026-05-20 15:43:14,779 - src.base.trainer - INFO - epoch complete
2026-05-20 15:43:14,779 - src.base.trainer - INFO - evaluating now!
2026-05-20 15:43:15,764 - src.base.trainer - INFO - Epoch [42/250] (6837) train_mae: 2.5633, val_mae: 3.1086, lr: 0.000024, 7.0s
2026-05-20 15:43:15,765 - src.base.trainer - INFO - Val loss decrease from 3.1090 to 3.1086, saving to True
2026-05-20 15:43:21,820 - src.base.trainer - INFO - epoch complete
2026-05-20 15:43:21,820 - src.base.trainer - INFO - evaluating now!
2026-05-20 15:43:22,812 - src.base.trainer - INFO - Epoch [43/250] (6996) train_mae: 2.5537, val_mae: 3.1029, lr: 0.000024, 6.1s
2026-05-20 15:43:22,814 - src.base.trainer - INFO - Val loss decrease from 3.1086 to 3.1029, saving to True
2026-05-20 15:43:28,887 - src.base.trainer - INFO - epoch complete
2026-05-20 15:43:28,887 - src.base.trainer - INFO - evaluating now!
2026-05-20 15:43:29,867 - src.base.trainer - INFO - Epoch [44/250] (7155) train_mae: 2.5455, val_mae: 3.0872, lr: 0.000024, 6.1s
2026-05-20 15:43:29,868 - src.base.trainer - INFO - Val loss decrease from 3.1029 to 3.0872, saving to True
2026-05-20 15:43:32,550 - src.base.trainer - INFO - Epoch [45/250] (7200) train_mae: 2.4810, val_mae: 3.0792 
2026-05-20 15:43:32,551 - src.base.trainer - INFO - Val loss decrease from 3.0872 to 3.0792, saving to True
2026-05-20 15:43:36,804 - src.base.trainer - INFO - epoch complete
2026-05-20 15:43:36,804 - src.base.trainer - INFO - evaluating now!
2026-05-20 15:43:37,868 - src.base.trainer - INFO - Epoch [45/250] (7314) train_mae: 2.5384, val_mae: 3.0931, lr: 0.000024, 6.9s
2026-05-20 15:43:43,895 - src.base.trainer - INFO - epoch complete
2026-05-20 15:43:43,895 - src.base.trainer - INFO - evaluating now!
2026-05-20 15:43:44,909 - src.base.trainer - INFO - Epoch [46/250] (7473) train_mae: 2.5366, val_mae: 3.0736, lr: 0.000024, 6.0s
2026-05-20 15:43:44,911 - src.base.trainer - INFO - Val loss decrease from 3.0792 to 3.0736, saving to True
2026-05-20 15:43:50,750 - src.base.trainer - INFO - Epoch [47/250] (7600) train_mae: 2.5421, val_mae: 3.0681 
2026-05-20 15:43:50,753 - src.base.trainer - INFO - Val loss decrease from 3.0736 to 3.0681, saving to True
2026-05-20 15:43:51,977 - src.base.trainer - INFO - epoch complete
2026-05-20 15:43:51,977 - src.base.trainer - INFO - evaluating now!
2026-05-20 15:43:52,981 - src.base.trainer - INFO - Epoch [47/250] (7632) train_mae: 2.5335, val_mae: 3.0709, lr: 0.000024, 7.1s
2026-05-20 15:43:59,135 - src.base.trainer - INFO - epoch complete
2026-05-20 15:43:59,137 - src.base.trainer - INFO - evaluating now!
2026-05-20 15:44:00,168 - src.base.trainer - INFO - Epoch [48/250] (7791) train_mae: 2.5254, val_mae: 3.0554, lr: 0.000024, 6.2s
2026-05-20 15:44:00,170 - src.base.trainer - INFO - Val loss decrease from 3.0681 to 3.0554, saving to True
2026-05-20 15:44:06,180 - src.base.trainer - INFO - epoch complete
2026-05-20 15:44:06,180 - src.base.trainer - INFO - evaluating now!
2026-05-20 15:44:07,574 - src.base.trainer - INFO - Epoch [49/250] (7950) train_mae: 2.5188, val_mae: 3.0497, lr: 0.000017, 6.0s
2026-05-20 15:44:07,575 - src.base.trainer - INFO - Val loss decrease from 3.0554 to 3.0497, saving to True
2026-05-20 15:44:10,557 - src.base.trainer - INFO - Epoch [50/250] (8000) train_mae: 2.5227, val_mae: 3.0475 
2026-05-20 15:44:10,558 - src.base.trainer - INFO - Val loss decrease from 3.0497 to 3.0475, saving to True
2026-05-20 15:44:16,205 - src.base.trainer - INFO - epoch complete
2026-05-20 15:44:16,208 - src.base.trainer - INFO - evaluating now!
2026-05-20 15:44:17,222 - src.base.trainer - INFO - Epoch [50/250] (8109) train_mae: 2.5174, val_mae: 3.0491, lr: 0.000017, 8.6s
2026-05-20 15:44:24,407 - src.base.trainer - INFO - epoch complete
2026-05-20 15:44:24,407 - src.base.trainer - INFO - evaluating now!
2026-05-20 15:44:25,708 - src.base.trainer - INFO - Epoch [51/250] (8268) train_mae: 2.5080, val_mae: 3.0429, lr: 0.000017, 7.2s
2026-05-20 15:44:25,709 - src.base.trainer - INFO - Val loss decrease from 3.0475 to 3.0429, saving to True
2026-05-20 15:44:33,764 - src.base.trainer - INFO - Epoch [52/250] (8400) train_mae: 2.5121, val_mae: 3.0481 
2026-05-20 15:44:35,268 - src.base.trainer - INFO - epoch complete
2026-05-20 15:44:35,268 - src.base.trainer - INFO - evaluating now!
2026-05-20 15:44:36,367 - src.base.trainer - INFO - Epoch [52/250] (8427) train_mae: 2.5031, val_mae: 3.0421, lr: 0.000017, 9.6s
2026-05-20 15:44:36,369 - src.base.trainer - INFO - Val loss decrease from 3.0429 to 3.0421, saving to True
2026-05-20 15:44:42,617 - src.base.trainer - INFO - epoch complete
2026-05-20 15:44:42,617 - src.base.trainer - INFO - evaluating now!
2026-05-20 15:44:43,801 - src.base.trainer - INFO - Epoch [53/250] (8586) train_mae: 2.4961, val_mae: 3.0218, lr: 0.000017, 6.2s
2026-05-20 15:44:43,802 - src.base.trainer - INFO - Val loss decrease from 3.0421 to 3.0218, saving to True
2026-05-20 15:44:50,042 - src.base.trainer - INFO - epoch complete
2026-05-20 15:44:50,042 - src.base.trainer - INFO - evaluating now!
2026-05-20 15:44:51,153 - src.base.trainer - INFO - Epoch [54/250] (8745) train_mae: 2.4904, val_mae: 3.0339, lr: 0.000017, 6.2s
2026-05-20 15:44:54,399 - src.base.trainer - INFO - Epoch [55/250] (8800) train_mae: 2.5446, val_mae: 3.0240 
2026-05-20 15:44:58,455 - src.base.trainer - INFO - epoch complete
2026-05-20 15:44:58,455 - src.base.trainer - INFO - evaluating now!
2026-05-20 15:44:59,549 - src.base.trainer - INFO - Epoch [55/250] (8904) train_mae: 2.4881, val_mae: 3.0249, lr: 0.000017, 7.3s
2026-05-20 15:45:05,827 - src.base.trainer - INFO - epoch complete
2026-05-20 15:45:05,827 - src.base.trainer - INFO - evaluating now!
2026-05-20 15:45:07,027 - src.base.trainer - INFO - Epoch [56/250] (9063) train_mae: 2.4868, val_mae: 3.0208, lr: 0.000017, 6.3s
2026-05-20 15:45:07,028 - src.base.trainer - INFO - Val loss decrease from 3.0218 to 3.0208, saving to True
2026-05-20 15:45:13,899 - src.base.trainer - INFO - Epoch [57/250] (9200) train_mae: 2.4962, val_mae: 3.0062 
2026-05-20 15:45:13,902 - src.base.trainer - INFO - Val loss decrease from 3.0208 to 3.0062, saving to True
2026-05-20 15:45:14,746 - src.base.trainer - INFO - epoch complete
2026-05-20 15:45:14,746 - src.base.trainer - INFO - evaluating now!
2026-05-20 15:45:15,834 - src.base.trainer - INFO - Epoch [57/250] (9222) train_mae: 2.4818, val_mae: 3.0106, lr: 0.000017, 7.7s
2026-05-20 15:45:22,011 - src.base.trainer - INFO - epoch complete
2026-05-20 15:45:22,011 - src.base.trainer - INFO - evaluating now!
2026-05-20 15:45:23,092 - src.base.trainer - INFO - Epoch [58/250] (9381) train_mae: 2.4737, val_mae: 3.0125, lr: 0.000017, 6.2s
2026-05-20 15:45:29,245 - src.base.trainer - INFO - epoch complete
2026-05-20 15:45:29,247 - src.base.trainer - INFO - evaluating now!
2026-05-20 15:45:30,329 - src.base.trainer - INFO - Epoch [59/250] (9540) train_mae: 2.4729, val_mae: 3.0128, lr: 0.000017, 6.2s
2026-05-20 15:45:33,779 - src.base.trainer - INFO - Epoch [60/250] (9600) train_mae: 2.5286, val_mae: 3.0036 
2026-05-20 15:45:33,780 - src.base.trainer - INFO - Val loss decrease from 3.0062 to 3.0036, saving to True
2026-05-20 15:45:37,632 - src.base.trainer - INFO - epoch complete
2026-05-20 15:45:37,632 - src.base.trainer - INFO - evaluating now!
2026-05-20 15:45:38,720 - src.base.trainer - INFO - Epoch [60/250] (9699) train_mae: 2.4683, val_mae: 3.0202, lr: 0.000017, 7.3s
2026-05-20 15:45:44,855 - src.base.trainer - INFO - epoch complete
2026-05-20 15:45:44,855 - src.base.trainer - INFO - evaluating now!
2026-05-20 15:45:45,929 - src.base.trainer - INFO - Epoch [61/250] (9858) train_mae: 2.4773, val_mae: 2.9963, lr: 0.000017, 6.1s
2026-05-20 15:45:45,931 - src.base.trainer - INFO - Val loss decrease from 3.0036 to 2.9963, saving to True
2026-05-20 15:45:52,521 - src.base.trainer - INFO - Epoch [62/250] (10000) train_mae: 2.4616, val_mae: 3.0012 
2026-05-20 15:45:53,167 - src.base.trainer - INFO - epoch complete
2026-05-20 15:45:53,167 - src.base.trainer - INFO - evaluating now!
2026-05-20 15:45:54,270 - src.base.trainer - INFO - Epoch [62/250] (10017) train_mae: 2.4634, val_mae: 2.9916, lr: 0.000017, 7.2s
2026-05-20 15:45:54,272 - src.base.trainer - INFO - Val loss decrease from 2.9963 to 2.9916, saving to True
2026-05-20 15:46:00,769 - src.base.trainer - INFO - epoch complete
2026-05-20 15:46:00,769 - src.base.trainer - INFO - evaluating now!
2026-05-20 15:46:01,909 - src.base.trainer - INFO - Epoch [63/250] (10176) train_mae: 2.4588, val_mae: 3.0012, lr: 0.000017, 6.5s
2026-05-20 15:46:07,939 - src.base.trainer - INFO - epoch complete
2026-05-20 15:46:07,939 - src.base.trainer - INFO - evaluating now!
2026-05-20 15:46:08,999 - src.base.trainer - INFO - Epoch [64/250] (10335) train_mae: 2.4549, val_mae: 2.9886, lr: 0.000017, 6.0s
2026-05-20 15:46:09,000 - src.base.trainer - INFO - Val loss decrease from 2.9916 to 2.9886, saving to True
2026-05-20 15:46:12,505 - src.base.trainer - INFO - Epoch [65/250] (10400) train_mae: 2.4861, val_mae: 2.9879 
2026-05-20 15:46:12,506 - src.base.trainer - INFO - Val loss decrease from 2.9886 to 2.9879, saving to True
2026-05-20 15:46:16,016 - src.base.trainer - INFO - epoch complete
2026-05-20 15:46:16,016 - src.base.trainer - INFO - evaluating now!
2026-05-20 15:46:17,071 - src.base.trainer - INFO - Epoch [65/250] (10494) train_mae: 2.4470, val_mae: 2.9925, lr: 0.000017, 7.0s
2026-05-20 15:46:23,050 - src.base.trainer - INFO - epoch complete
2026-05-20 15:46:23,050 - src.base.trainer - INFO - evaluating now!
2026-05-20 15:46:24,105 - src.base.trainer - INFO - Epoch [66/250] (10653) train_mae: 2.4463, val_mae: 2.9653, lr: 0.000017, 6.0s
2026-05-20 15:46:24,106 - src.base.trainer - INFO - Val loss decrease from 2.9879 to 2.9653, saving to True
2026-05-20 15:46:30,760 - src.base.trainer - INFO - Epoch [67/250] (10800) train_mae: 2.4367, val_mae: 2.9863 
2026-05-20 15:46:31,195 - src.base.trainer - INFO - epoch complete
2026-05-20 15:46:31,196 - src.base.trainer - INFO - evaluating now!
2026-05-20 15:46:32,260 - src.base.trainer - INFO - Epoch [67/250] (10812) train_mae: 2.4397, val_mae: 2.9652, lr: 0.000017, 7.1s
2026-05-20 15:46:32,261 - src.base.trainer - INFO - Val loss decrease from 2.9653 to 2.9652, saving to True
2026-05-20 15:46:38,238 - src.base.trainer - INFO - epoch complete
2026-05-20 15:46:38,238 - src.base.trainer - INFO - evaluating now!
2026-05-20 15:46:39,293 - src.base.trainer - INFO - Epoch [68/250] (10971) train_mae: 2.4420, val_mae: 2.9754, lr: 0.000017, 6.0s
2026-05-20 15:46:45,235 - src.base.trainer - INFO - epoch complete
2026-05-20 15:46:45,235 - src.base.trainer - INFO - evaluating now!
2026-05-20 15:46:46,287 - src.base.trainer - INFO - Epoch [69/250] (11130) train_mae: 2.4339, val_mae: 2.9539, lr: 0.000017, 5.9s
2026-05-20 15:46:46,288 - src.base.trainer - INFO - Val loss decrease from 2.9652 to 2.9539, saving to True
2026-05-20 15:46:49,983 - src.base.trainer - INFO - Epoch [70/250] (11200) train_mae: 2.4553, val_mae: 2.9517 
2026-05-20 15:46:49,984 - src.base.trainer - INFO - Val loss decrease from 2.9539 to 2.9517, saving to True
2026-05-20 15:46:53,398 - src.base.trainer - INFO - epoch complete
2026-05-20 15:46:53,401 - src.base.trainer - INFO - evaluating now!
2026-05-20 15:46:54,490 - src.base.trainer - INFO - Epoch [70/250] (11289) train_mae: 2.4350, val_mae: 3.0154, lr: 0.000017, 7.1s
2026-05-20 15:47:00,635 - src.base.trainer - INFO - epoch complete
2026-05-20 15:47:00,637 - src.base.trainer - INFO - evaluating now!
2026-05-20 15:47:01,692 - src.base.trainer - INFO - Epoch [71/250] (11448) train_mae: 2.4360, val_mae: 2.9602, lr: 0.000017, 6.1s
2026-05-20 15:47:08,470 - src.base.trainer - INFO - Epoch [72/250] (11600) train_mae: 2.4449, val_mae: 2.9531 
2026-05-20 15:47:08,717 - src.base.trainer - INFO - epoch complete
2026-05-20 15:47:08,717 - src.base.trainer - INFO - evaluating now!
2026-05-20 15:47:09,763 - src.base.trainer - INFO - Epoch [72/250] (11607) train_mae: 2.4314, val_mae: 2.9503, lr: 0.000017, 7.0s
2026-05-20 15:47:09,764 - src.base.trainer - INFO - Val loss decrease from 2.9517 to 2.9503, saving to True
2026-05-20 15:47:15,737 - src.base.trainer - INFO - epoch complete
2026-05-20 15:47:15,737 - src.base.trainer - INFO - evaluating now!
2026-05-20 15:47:16,783 - src.base.trainer - INFO - Epoch [73/250] (11766) train_mae: 2.4291, val_mae: 2.9531, lr: 0.000017, 6.0s
2026-05-20 15:47:22,753 - src.base.trainer - INFO - epoch complete
2026-05-20 15:47:22,753 - src.base.trainer - INFO - evaluating now!
2026-05-20 15:47:23,802 - src.base.trainer - INFO - Epoch [74/250] (11925) train_mae: 2.4327, val_mae: 2.9487, lr: 0.000017, 6.0s
2026-05-20 15:47:23,803 - src.base.trainer - INFO - Val loss decrease from 2.9503 to 2.9487, saving to True
2026-05-20 15:47:27,663 - src.base.trainer - INFO - Epoch [75/250] (12000) train_mae: 2.4760, val_mae: 2.9368 
2026-05-20 15:47:27,665 - src.base.trainer - INFO - Val loss decrease from 2.9487 to 2.9368, saving to True
2026-05-20 15:47:30,859 - src.base.trainer - INFO - epoch complete
2026-05-20 15:47:30,861 - src.base.trainer - INFO - evaluating now!
2026-05-20 15:47:31,916 - src.base.trainer - INFO - Epoch [75/250] (12084) train_mae: 2.4205, val_mae: 2.9444, lr: 0.000017, 7.1s
2026-05-20 15:47:37,888 - src.base.trainer - INFO - epoch complete
2026-05-20 15:47:37,888 - src.base.trainer - INFO - evaluating now!
2026-05-20 15:47:38,948 - src.base.trainer - INFO - Epoch [76/250] (12243) train_mae: 2.4277, val_mae: 2.9348, lr: 0.000017, 6.0s
2026-05-20 15:47:38,949 - src.base.trainer - INFO - Val loss decrease from 2.9368 to 2.9348, saving to True
2026-05-20 15:47:45,923 - src.base.trainer - INFO - Epoch [77/250] (12400) train_mae: 2.4234, val_mae: 2.9353 
2026-05-20 15:47:45,980 - src.base.trainer - INFO - epoch complete
2026-05-20 15:47:45,980 - src.base.trainer - INFO - evaluating now!
2026-05-20 15:47:47,043 - src.base.trainer - INFO - Epoch [77/250] (12402) train_mae: 2.4252, val_mae: 2.9382, lr: 0.000017, 7.0s
2026-05-20 15:47:52,997 - src.base.trainer - INFO - epoch complete
2026-05-20 15:47:52,997 - src.base.trainer - INFO - evaluating now!
2026-05-20 15:47:54,050 - src.base.trainer - INFO - Epoch [78/250] (12561) train_mae: 2.4179, val_mae: 2.9398, lr: 0.000017, 6.0s
2026-05-20 15:48:00,049 - src.base.trainer - INFO - epoch complete
2026-05-20 15:48:00,051 - src.base.trainer - INFO - evaluating now!
2026-05-20 15:48:01,114 - src.base.trainer - INFO - Epoch [79/250] (12720) train_mae: 2.4160, val_mae: 2.9235, lr: 0.000017, 6.0s
2026-05-20 15:48:01,115 - src.base.trainer - INFO - Val loss decrease from 2.9348 to 2.9235, saving to True
2026-05-20 15:48:05,197 - src.base.trainer - INFO - Epoch [80/250] (12800) train_mae: 2.4291, val_mae: 2.9325 
2026-05-20 15:48:08,162 - src.base.trainer - INFO - epoch complete
2026-05-20 15:48:08,162 - src.base.trainer - INFO - evaluating now!
2026-05-20 15:48:09,263 - src.base.trainer - INFO - Epoch [80/250] (12879) train_mae: 2.4251, val_mae: 2.9418, lr: 0.000017, 7.0s
2026-05-20 15:48:15,238 - src.base.trainer - INFO - epoch complete
2026-05-20 15:48:15,238 - src.base.trainer - INFO - evaluating now!
2026-05-20 15:48:16,294 - src.base.trainer - INFO - Epoch [81/250] (13038) train_mae: 2.4087, val_mae: 2.9240, lr: 0.000017, 6.0s
2026-05-20 15:48:22,438 - src.base.trainer - INFO - epoch complete
2026-05-20 15:48:22,438 - src.base.trainer - INFO - evaluating now!
2026-05-20 15:48:23,539 - src.base.trainer - INFO - Epoch [82/250] (13197) train_mae: 2.4029, val_mae: 2.9227, lr: 0.000017, 6.1s
2026-05-20 15:48:23,541 - src.base.trainer - INFO - Val loss decrease from 2.9235 to 2.9227, saving to True
2026-05-20 15:48:24,733 - src.base.trainer - INFO - Epoch [83/250] (13200) train_mae: 2.2182, val_mae: 2.9329 
2026-05-20 15:48:30,644 - src.base.trainer - INFO - epoch complete
2026-05-20 15:48:30,644 - src.base.trainer - INFO - evaluating now!
2026-05-20 15:48:31,709 - src.base.trainer - INFO - Epoch [83/250] (13356) train_mae: 2.4031, val_mae: 2.9265, lr: 0.000017, 7.1s
2026-05-20 15:48:37,707 - src.base.trainer - INFO - epoch complete
2026-05-20 15:48:37,707 - src.base.trainer - INFO - evaluating now!
2026-05-20 15:48:38,767 - src.base.trainer - INFO - Epoch [84/250] (13515) train_mae: 2.4014, val_mae: 2.9264, lr: 0.000017, 6.0s
2026-05-20 15:48:43,032 - src.base.trainer - INFO - Epoch [85/250] (13600) train_mae: 2.4314, val_mae: 2.9143 
2026-05-20 15:48:43,034 - src.base.trainer - INFO - Val loss decrease from 2.9227 to 2.9143, saving to True
2026-05-20 15:48:45,836 - src.base.trainer - INFO - epoch complete
2026-05-20 15:48:45,836 - src.base.trainer - INFO - evaluating now!
2026-05-20 15:48:47,371 - src.base.trainer - INFO - Epoch [85/250] (13674) train_mae: 2.4041, val_mae: 2.9103, lr: 0.000017, 7.1s
2026-05-20 15:48:47,374 - src.base.trainer - INFO - Val loss decrease from 2.9143 to 2.9103, saving to True
2026-05-20 15:48:54,110 - src.base.trainer - INFO - epoch complete
2026-05-20 15:48:54,110 - src.base.trainer - INFO - evaluating now!
2026-05-20 15:48:55,205 - src.base.trainer - INFO - Epoch [86/250] (13833) train_mae: 2.3989, val_mae: 2.9173, lr: 0.000017, 6.7s
2026-05-20 15:49:01,445 - src.base.trainer - INFO - epoch complete
2026-05-20 15:49:01,445 - src.base.trainer - INFO - evaluating now!
2026-05-20 15:49:02,632 - src.base.trainer - INFO - Epoch [87/250] (13992) train_mae: 2.3943, val_mae: 2.9397, lr: 0.000017, 6.2s
2026-05-20 15:49:04,263 - src.base.trainer - INFO - Epoch [88/250] (14000) train_mae: 2.4737, val_mae: 2.9372 
2026-05-20 15:49:10,592 - src.base.trainer - INFO - epoch complete
2026-05-20 15:49:10,593 - src.base.trainer - INFO - evaluating now!
2026-05-20 15:49:11,713 - src.base.trainer - INFO - Epoch [88/250] (14151) train_mae: 2.4147, val_mae: 2.9023, lr: 0.000017, 8.0s
2026-05-20 15:49:11,715 - src.base.trainer - INFO - Val loss decrease from 2.9103 to 2.9023, saving to True
2026-05-20 15:49:18,033 - src.base.trainer - INFO - epoch complete
2026-05-20 15:49:18,036 - src.base.trainer - INFO - evaluating now!
2026-05-20 15:49:19,143 - src.base.trainer - INFO - Epoch [89/250] (14310) train_mae: 2.3952, val_mae: 2.9042, lr: 0.000017, 6.3s
2026-05-20 15:49:23,791 - src.base.trainer - INFO - Epoch [90/250] (14400) train_mae: 2.4140, val_mae: 2.9342 
2026-05-20 15:49:26,486 - src.base.trainer - INFO - epoch complete
2026-05-20 15:49:26,486 - src.base.trainer - INFO - evaluating now!
2026-05-20 15:49:27,590 - src.base.trainer - INFO - Epoch [90/250] (14469) train_mae: 2.3994, val_mae: 2.9202, lr: 0.000017, 7.3s
2026-05-20 15:49:33,831 - src.base.trainer - INFO - epoch complete
2026-05-20 15:49:33,831 - src.base.trainer - INFO - evaluating now!
2026-05-20 15:49:34,924 - src.base.trainer - INFO - Epoch [91/250] (14628) train_mae: 2.3948, val_mae: 2.9059, lr: 0.000017, 6.2s
2026-05-20 15:49:41,145 - src.base.trainer - INFO - epoch complete
2026-05-20 15:49:41,146 - src.base.trainer - INFO - evaluating now!
2026-05-20 15:49:42,235 - src.base.trainer - INFO - Epoch [92/250] (14787) train_mae: 2.3882, val_mae: 2.8977, lr: 0.000017, 6.2s
2026-05-20 15:49:42,236 - src.base.trainer - INFO - Val loss decrease from 2.9023 to 2.8977, saving to True
2026-05-20 15:49:43,856 - src.base.trainer - INFO - Epoch [93/250] (14800) train_mae: 2.4183, val_mae: 2.9027 
2026-05-20 15:49:49,729 - src.base.trainer - INFO - epoch complete
2026-05-20 15:49:49,729 - src.base.trainer - INFO - evaluating now!
2026-05-20 15:49:50,826 - src.base.trainer - INFO - Epoch [93/250] (14946) train_mae: 2.3893, val_mae: 2.8900, lr: 0.000017, 7.5s
2026-05-20 15:49:50,827 - src.base.trainer - INFO - Val loss decrease from 2.8977 to 2.8900, saving to True
2026-05-20 15:49:57,042 - src.base.trainer - INFO - epoch complete
2026-05-20 15:49:57,042 - src.base.trainer - INFO - evaluating now!
2026-05-20 15:49:58,139 - src.base.trainer - INFO - Epoch [94/250] (15105) train_mae: 2.3844, val_mae: 2.9020, lr: 0.000017, 6.2s
2026-05-20 15:50:03,023 - src.base.trainer - INFO - Epoch [95/250] (15200) train_mae: 2.3757, val_mae: 2.9175 
2026-05-20 15:50:05,717 - src.base.trainer - INFO - epoch complete
2026-05-20 15:50:05,718 - src.base.trainer - INFO - evaluating now!
2026-05-20 15:50:06,819 - src.base.trainer - INFO - Epoch [95/250] (15264) train_mae: 2.3852, val_mae: 2.9004, lr: 0.000017, 7.6s
2026-05-20 15:50:13,045 - src.base.trainer - INFO - epoch complete
2026-05-20 15:50:13,045 - src.base.trainer - INFO - evaluating now!
2026-05-20 15:50:14,140 - src.base.trainer - INFO - Epoch [96/250] (15423) train_mae: 2.3821, val_mae: 2.8932, lr: 0.000017, 6.2s
2026-05-20 15:50:20,456 - src.base.trainer - INFO - epoch complete
2026-05-20 15:50:20,459 - src.base.trainer - INFO - evaluating now!
2026-05-20 15:50:21,545 - src.base.trainer - INFO - Epoch [97/250] (15582) train_mae: 2.3839, val_mae: 2.9005, lr: 0.000017, 6.3s
2026-05-20 15:50:23,346 - src.base.trainer - INFO - Epoch [98/250] (15600) train_mae: 2.4108, val_mae: 2.8881 
2026-05-20 15:50:23,348 - src.base.trainer - INFO - Val loss decrease from 2.8900 to 2.8881, saving to True
2026-05-20 15:50:28,882 - src.base.trainer - INFO - epoch complete
2026-05-20 15:50:28,882 - src.base.trainer - INFO - evaluating now!
2026-05-20 15:50:30,004 - src.base.trainer - INFO - Epoch [98/250] (15741) train_mae: 2.3768, val_mae: 2.8894, lr: 0.000017, 7.3s
2026-05-20 15:50:36,567 - src.base.trainer - INFO - epoch complete
2026-05-20 15:50:36,567 - src.base.trainer - INFO - evaluating now!
2026-05-20 15:50:37,736 - src.base.trainer - INFO - Epoch [99/250] (15900) train_mae: 2.3785, val_mae: 2.8996, lr: 0.000017, 6.6s
2026-05-20 15:50:43,069 - src.base.trainer - INFO - Epoch [100/250] (16000) train_mae: 2.4029, val_mae: 2.8928 
2026-05-20 15:50:45,476 - src.base.trainer - INFO - epoch complete
2026-05-20 15:50:45,476 - src.base.trainer - INFO - evaluating now!
2026-05-20 15:50:46,659 - src.base.trainer - INFO - Epoch [100/250] (16059) train_mae: 2.3806, val_mae: 2.8900, lr: 0.000017, 7.7s
2026-05-20 15:50:53,353 - src.base.trainer - INFO - epoch complete
2026-05-20 15:50:53,353 - src.base.trainer - INFO - evaluating now!
2026-05-20 15:50:54,483 - src.base.trainer - INFO - Epoch [101/250] (16218) train_mae: 2.3825, val_mae: 2.9030, lr: 0.000017, 6.7s
2026-05-20 15:51:00,807 - src.base.trainer - INFO - epoch complete
2026-05-20 15:51:00,807 - src.base.trainer - INFO - evaluating now!
2026-05-20 15:51:01,925 - src.base.trainer - INFO - Epoch [102/250] (16377) train_mae: 2.3750, val_mae: 2.8916, lr: 0.000017, 6.3s
2026-05-20 15:51:03,942 - src.base.trainer - INFO - Epoch [103/250] (16400) train_mae: 2.3970, val_mae: 2.8829 
2026-05-20 15:51:03,946 - src.base.trainer - INFO - Val loss decrease from 2.8881 to 2.8829, saving to True
2026-05-20 15:51:09,308 - src.base.trainer - INFO - epoch complete
2026-05-20 15:51:09,308 - src.base.trainer - INFO - evaluating now!
2026-05-20 15:51:10,412 - src.base.trainer - INFO - Epoch [103/250] (16536) train_mae: 2.3752, val_mae: 2.8765, lr: 0.000017, 7.4s
2026-05-20 15:51:10,413 - src.base.trainer - INFO - Val loss decrease from 2.8829 to 2.8765, saving to True
2026-05-20 15:51:16,669 - src.base.trainer - INFO - epoch complete
2026-05-20 15:51:16,669 - src.base.trainer - INFO - evaluating now!
2026-05-20 15:51:17,766 - src.base.trainer - INFO - Epoch [104/250] (16695) train_mae: 2.3770, val_mae: 2.8977, lr: 0.000017, 6.3s
2026-05-20 15:51:23,458 - src.base.trainer - INFO - Epoch [105/250] (16800) train_mae: 2.3620, val_mae: 2.8812 
2026-05-20 15:51:25,658 - src.base.trainer - INFO - epoch complete
2026-05-20 15:51:25,660 - src.base.trainer - INFO - evaluating now!
2026-05-20 15:51:26,851 - src.base.trainer - INFO - Epoch [105/250] (16854) train_mae: 2.3679, val_mae: 2.8960, lr: 0.000017, 7.9s
2026-05-20 15:51:33,351 - src.base.trainer - INFO - epoch complete
2026-05-20 15:51:33,351 - src.base.trainer - INFO - evaluating now!
2026-05-20 15:51:34,468 - src.base.trainer - INFO - Epoch [106/250] (17013) train_mae: 2.3712, val_mae: 2.8851, lr: 0.000017, 6.5s
2026-05-20 15:51:40,784 - src.base.trainer - INFO - epoch complete
2026-05-20 15:51:40,784 - src.base.trainer - INFO - evaluating now!
2026-05-20 15:51:41,913 - src.base.trainer - INFO - Epoch [107/250] (17172) train_mae: 2.3715, val_mae: 2.8867, lr: 0.000017, 6.3s
2026-05-20 15:51:44,105 - src.base.trainer - INFO - Epoch [108/250] (17200) train_mae: 2.3634, val_mae: 2.8855 
2026-05-20 15:51:49,229 - src.base.trainer - INFO - epoch complete
2026-05-20 15:51:49,229 - src.base.trainer - INFO - evaluating now!
2026-05-20 15:51:50,328 - src.base.trainer - INFO - Epoch [108/250] (17331) train_mae: 2.3686, val_mae: 2.8864, lr: 0.000017, 7.3s
2026-05-20 15:51:56,561 - src.base.trainer - INFO - epoch complete
2026-05-20 15:51:56,562 - src.base.trainer - INFO - evaluating now!
2026-05-20 15:51:57,663 - src.base.trainer - INFO - Epoch [109/250] (17490) train_mae: 2.3807, val_mae: 2.8748, lr: 0.000017, 6.2s
2026-05-20 15:51:57,665 - src.base.trainer - INFO - Val loss decrease from 2.8765 to 2.8748, saving to True
2026-05-20 15:52:03,103 - src.base.trainer - INFO - Epoch [110/250] (17600) train_mae: 2.3497, val_mae: 2.8755 
2026-05-20 15:52:05,184 - src.base.trainer - INFO - epoch complete
2026-05-20 15:52:05,184 - src.base.trainer - INFO - evaluating now!
2026-05-20 15:52:06,288 - src.base.trainer - INFO - Epoch [110/250] (17649) train_mae: 2.3827, val_mae: 2.8809, lr: 0.000017, 7.5s
2026-05-20 15:52:12,608 - src.base.trainer - INFO - epoch complete
2026-05-20 15:52:12,608 - src.base.trainer - INFO - evaluating now!
2026-05-20 15:52:13,724 - src.base.trainer - INFO - Epoch [111/250] (17808) train_mae: 2.3668, val_mae: 2.8830, lr: 0.000017, 6.3s
2026-05-20 15:52:20,114 - src.base.trainer - INFO - epoch complete
2026-05-20 15:52:20,117 - src.base.trainer - INFO - evaluating now!
2026-05-20 15:52:21,214 - src.base.trainer - INFO - Epoch [112/250] (17967) train_mae: 2.3619, val_mae: 2.9031, lr: 0.000017, 6.4s
2026-05-20 15:52:23,599 - src.base.trainer - INFO - Epoch [113/250] (18000) train_mae: 2.3244, val_mae: 2.9016 
2026-05-20 15:52:28,545 - src.base.trainer - INFO - epoch complete
2026-05-20 15:52:28,545 - src.base.trainer - INFO - evaluating now!
2026-05-20 15:52:29,661 - src.base.trainer - INFO - Epoch [113/250] (18126) train_mae: 2.3705, val_mae: 2.8782, lr: 0.000017, 7.3s
2026-05-20 15:52:36,246 - src.base.trainer - INFO - epoch complete
2026-05-20 15:52:36,248 - src.base.trainer - INFO - evaluating now!
2026-05-20 15:52:37,703 - src.base.trainer - INFO - Epoch [114/250] (18285) train_mae: 2.3603, val_mae: 2.8742, lr: 0.000017, 6.6s
2026-05-20 15:52:37,705 - src.base.trainer - INFO - Val loss decrease from 2.8748 to 2.8742, saving to True
2026-05-20 15:52:43,720 - src.base.trainer - INFO - Epoch [115/250] (18400) train_mae: 2.3806, val_mae: 2.8740 
2026-05-20 15:52:43,722 - src.base.trainer - INFO - Val loss decrease from 2.8742 to 2.8740, saving to True
2026-05-20 15:52:45,494 - src.base.trainer - INFO - epoch complete
2026-05-20 15:52:45,496 - src.base.trainer - INFO - evaluating now!
2026-05-20 15:52:46,682 - src.base.trainer - INFO - Epoch [115/250] (18444) train_mae: 2.3586, val_mae: 2.8731, lr: 0.000017, 7.8s
2026-05-20 15:52:46,683 - src.base.trainer - INFO - Val loss decrease from 2.8740 to 2.8731, saving to True
2026-05-20 15:52:53,794 - src.base.trainer - INFO - epoch complete
2026-05-20 15:52:53,794 - src.base.trainer - INFO - evaluating now!
2026-05-20 15:52:55,449 - src.base.trainer - INFO - Epoch [116/250] (18603) train_mae: 2.3596, val_mae: 2.8707, lr: 0.000017, 7.1s
2026-05-20 15:52:55,453 - src.base.trainer - INFO - Val loss decrease from 2.8731 to 2.8707, saving to True
2026-05-20 15:53:03,808 - src.base.trainer - INFO - epoch complete
2026-05-20 15:53:03,808 - src.base.trainer - INFO - evaluating now!
2026-05-20 15:53:05,273 - src.base.trainer - INFO - Epoch [117/250] (18762) train_mae: 2.3565, val_mae: 2.8605, lr: 0.000017, 8.4s
2026-05-20 15:53:05,276 - src.base.trainer - INFO - Val loss decrease from 2.8707 to 2.8605, saving to True
2026-05-20 15:53:08,684 - src.base.trainer - INFO - Epoch [118/250] (18800) train_mae: 2.4538, val_mae: 2.8912 
2026-05-20 15:53:14,729 - src.base.trainer - INFO - epoch complete
2026-05-20 15:53:14,729 - src.base.trainer - INFO - evaluating now!
2026-05-20 15:53:16,216 - src.base.trainer - INFO - Epoch [118/250] (18921) train_mae: 2.3575, val_mae: 2.8575, lr: 0.000017, 9.5s
2026-05-20 15:53:16,218 - src.base.trainer - INFO - Val loss decrease from 2.8605 to 2.8575, saving to True
2026-05-20 15:53:25,608 - src.base.trainer - INFO - epoch complete
2026-05-20 15:53:25,612 - src.base.trainer - INFO - evaluating now!
2026-05-20 15:53:27,067 - src.base.trainer - INFO - Epoch [119/250] (19080) train_mae: 2.3583, val_mae: 2.8837, lr: 0.000017, 9.4s
2026-05-20 15:53:33,163 - src.base.trainer - INFO - Epoch [120/250] (19200) train_mae: 2.3619, val_mae: 2.8591 
2026-05-20 15:53:34,814 - src.base.trainer - INFO - epoch complete
2026-05-20 15:53:34,815 - src.base.trainer - INFO - evaluating now!
2026-05-20 15:53:36,014 - src.base.trainer - INFO - Epoch [120/250] (19239) train_mae: 2.3565, val_mae: 2.8693, lr: 0.000017, 7.7s
2026-05-20 15:53:42,378 - src.base.trainer - INFO - epoch complete
2026-05-20 15:53:42,378 - src.base.trainer - INFO - evaluating now!
2026-05-20 15:53:43,504 - src.base.trainer - INFO - Epoch [121/250] (19398) train_mae: 2.3565, val_mae: 2.8645, lr: 0.000017, 6.4s
2026-05-20 15:53:49,888 - src.base.trainer - INFO - epoch complete
2026-05-20 15:53:49,888 - src.base.trainer - INFO - evaluating now!
2026-05-20 15:53:51,012 - src.base.trainer - INFO - Epoch [122/250] (19557) train_mae: 2.3526, val_mae: 2.8537, lr: 0.000017, 6.4s
2026-05-20 15:53:51,014 - src.base.trainer - INFO - Val loss decrease from 2.8575 to 2.8537, saving to True
2026-05-20 15:53:53,931 - src.base.trainer - INFO - Epoch [123/250] (19600) train_mae: 2.3841, val_mae: 2.8498 
2026-05-20 15:53:53,933 - src.base.trainer - INFO - Val loss decrease from 2.8537 to 2.8498, saving to True
2026-05-20 15:53:58,905 - src.base.trainer - INFO - epoch complete
2026-05-20 15:53:58,905 - src.base.trainer - INFO - evaluating now!
2026-05-20 15:54:00,159 - src.base.trainer - INFO - Epoch [123/250] (19716) train_mae: 2.3515, val_mae: 2.8664, lr: 0.000017, 7.9s
2026-05-20 15:54:06,739 - src.base.trainer - INFO - epoch complete
2026-05-20 15:54:06,739 - src.base.trainer - INFO - evaluating now!
2026-05-20 15:54:07,872 - src.base.trainer - INFO - Epoch [124/250] (19875) train_mae: 2.3525, val_mae: 2.8657, lr: 0.000017, 6.6s
2026-05-20 15:54:14,203 - src.base.trainer - INFO - Epoch [125/250] (20000) train_mae: 2.3464, val_mae: 2.8529 
2026-05-20 15:54:15,807 - src.base.trainer - INFO - epoch complete
2026-05-20 15:54:15,807 - src.base.trainer - INFO - evaluating now!
2026-05-20 15:54:17,033 - src.base.trainer - INFO - Epoch [125/250] (20034) train_mae: 2.3674, val_mae: 2.8645, lr: 0.000017, 7.9s
2026-05-20 15:54:23,839 - src.base.trainer - INFO - epoch complete
2026-05-20 15:54:23,839 - src.base.trainer - INFO - evaluating now!
2026-05-20 15:54:25,007 - src.base.trainer - INFO - Epoch [126/250] (20193) train_mae: 2.3562, val_mae: 2.8551, lr: 0.000017, 6.8s
2026-05-20 15:54:31,420 - src.base.trainer - INFO - epoch complete
2026-05-20 15:54:31,420 - src.base.trainer - INFO - evaluating now!
2026-05-20 15:54:32,576 - src.base.trainer - INFO - Epoch [127/250] (20352) train_mae: 2.3635, val_mae: 2.8624, lr: 0.000017, 6.4s
2026-05-20 15:54:35,769 - src.base.trainer - INFO - Epoch [128/250] (20400) train_mae: 2.3431, val_mae: 2.8603 
2026-05-20 15:54:40,325 - src.base.trainer - INFO - epoch complete
2026-05-20 15:54:40,325 - src.base.trainer - INFO - evaluating now!
2026-05-20 15:54:41,442 - src.base.trainer - INFO - Epoch [128/250] (20511) train_mae: 2.3496, val_mae: 2.8580, lr: 0.000017, 7.7s
2026-05-20 15:54:47,804 - src.base.trainer - INFO - epoch complete
2026-05-20 15:54:47,804 - src.base.trainer - INFO - evaluating now!
2026-05-20 15:54:48,926 - src.base.trainer - INFO - Epoch [129/250] (20670) train_mae: 2.3523, val_mae: 2.8563, lr: 0.000017, 6.4s
2026-05-20 15:54:55,233 - src.base.trainer - INFO - Epoch [130/250] (20800) train_mae: 2.3447, val_mae: 2.8602 
2026-05-20 15:54:56,404 - src.base.trainer - INFO - epoch complete
2026-05-20 15:54:56,404 - src.base.trainer - INFO - evaluating now!
2026-05-20 15:54:57,577 - src.base.trainer - INFO - Epoch [130/250] (20829) train_mae: 2.3600, val_mae: 2.8460, lr: 0.000017, 7.5s
2026-05-20 15:54:57,578 - src.base.trainer - INFO - Val loss decrease from 2.8498 to 2.8460, saving to True
2026-05-20 15:55:04,080 - src.base.trainer - INFO - epoch complete
2026-05-20 15:55:04,080 - src.base.trainer - INFO - evaluating now!
2026-05-20 15:55:05,224 - src.base.trainer - INFO - Epoch [131/250] (20988) train_mae: 2.3563, val_mae: 2.8432, lr: 0.000017, 6.5s
2026-05-20 15:55:05,225 - src.base.trainer - INFO - Val loss decrease from 2.8460 to 2.8432, saving to True
2026-05-20 15:55:11,663 - src.base.trainer - INFO - epoch complete
2026-05-20 15:55:11,664 - src.base.trainer - INFO - evaluating now!
2026-05-20 15:55:12,813 - src.base.trainer - INFO - Epoch [132/250] (21147) train_mae: 2.3509, val_mae: 2.8508, lr: 0.000017, 6.4s
2026-05-20 15:55:16,089 - src.base.trainer - INFO - Epoch [133/250] (21200) train_mae: 2.4060, val_mae: 2.8491 
2026-05-20 15:55:20,304 - src.base.trainer - INFO - epoch complete
2026-05-20 15:55:20,305 - src.base.trainer - INFO - evaluating now!
2026-05-20 15:55:21,433 - src.base.trainer - INFO - Epoch [133/250] (21306) train_mae: 2.3438, val_mae: 2.8570, lr: 0.000017, 7.5s
2026-05-20 15:55:27,767 - src.base.trainer - INFO - epoch complete
2026-05-20 15:55:27,767 - src.base.trainer - INFO - evaluating now!
2026-05-20 15:55:28,892 - src.base.trainer - INFO - Epoch [134/250] (21465) train_mae: 2.3481, val_mae: 2.8628, lr: 0.000017, 6.3s
2026-05-20 15:55:35,739 - src.base.trainer - INFO - Epoch [135/250] (21600) train_mae: 2.3576, val_mae: 2.8440 
2026-05-20 15:55:36,675 - src.base.trainer - INFO - epoch complete
2026-05-20 15:55:36,675 - src.base.trainer - INFO - evaluating now!
2026-05-20 15:55:37,803 - src.base.trainer - INFO - Epoch [135/250] (21624) train_mae: 2.3513, val_mae: 2.8583, lr: 0.000017, 7.8s
2026-05-20 15:55:44,786 - src.base.trainer - INFO - epoch complete
2026-05-20 15:55:44,789 - src.base.trainer - INFO - evaluating now!
2026-05-20 15:55:45,916 - src.base.trainer - INFO - Epoch [136/250] (21783) train_mae: 2.3560, val_mae: 2.8594, lr: 0.000017, 7.0s
2026-05-20 15:55:52,270 - src.base.trainer - INFO - epoch complete
2026-05-20 15:55:52,270 - src.base.trainer - INFO - evaluating now!
2026-05-20 15:55:53,382 - src.base.trainer - INFO - Epoch [137/250] (21942) train_mae: 2.3393, val_mae: 2.8595, lr: 0.000017, 6.4s
2026-05-20 15:55:57,014 - src.base.trainer - INFO - Epoch [138/250] (22000) train_mae: 2.3263, val_mae: 2.8524 
2026-05-20 15:56:01,042 - src.base.trainer - INFO - epoch complete
2026-05-20 15:56:01,042 - src.base.trainer - INFO - evaluating now!
2026-05-20 15:56:02,176 - src.base.trainer - INFO - Epoch [138/250] (22101) train_mae: 2.3513, val_mae: 2.8725, lr: 0.000017, 7.7s
2026-05-20 15:56:09,072 - src.base.trainer - INFO - epoch complete
2026-05-20 15:56:09,073 - src.base.trainer - INFO - evaluating now!
2026-05-20 15:56:10,202 - src.base.trainer - INFO - Epoch [139/250] (22260) train_mae: 2.3474, val_mae: 2.8474, lr: 0.000017, 6.9s
2026-05-20 15:56:16,968 - src.base.trainer - INFO - Epoch [140/250] (22400) train_mae: 2.3411, val_mae: 2.8404 
2026-05-20 15:56:16,971 - src.base.trainer - INFO - Val loss decrease from 2.8432 to 2.8404, saving to True
2026-05-20 15:56:17,711 - src.base.trainer - INFO - epoch complete
2026-05-20 15:56:17,712 - src.base.trainer - INFO - evaluating now!
2026-05-20 15:56:18,852 - src.base.trainer - INFO - Epoch [140/250] (22419) train_mae: 2.3364, val_mae: 2.8545, lr: 0.000017, 7.5s
2026-05-20 15:56:25,838 - src.base.trainer - INFO - epoch complete
2026-05-20 15:56:25,838 - src.base.trainer - INFO - evaluating now!
2026-05-20 15:56:26,961 - src.base.trainer - INFO - Epoch [141/250] (22578) train_mae: 2.3391, val_mae: 2.8555, lr: 0.000017, 7.0s
2026-05-20 15:56:33,405 - src.base.trainer - INFO - epoch complete
2026-05-20 15:56:33,405 - src.base.trainer - INFO - evaluating now!
2026-05-20 15:56:34,547 - src.base.trainer - INFO - Epoch [142/250] (22737) train_mae: 2.3387, val_mae: 2.8404, lr: 0.000017, 6.4s
2026-05-20 15:56:38,231 - src.base.trainer - INFO - Epoch [143/250] (22800) train_mae: 2.3315, val_mae: 2.8774 
2026-05-20 15:56:42,059 - src.base.trainer - INFO - epoch complete
2026-05-20 15:56:42,059 - src.base.trainer - INFO - evaluating now!
2026-05-20 15:56:43,193 - src.base.trainer - INFO - Epoch [143/250] (22896) train_mae: 2.3436, val_mae: 2.8471, lr: 0.000017, 7.5s
2026-05-20 15:56:51,171 - src.base.trainer - INFO - epoch complete
2026-05-20 15:56:51,173 - src.base.trainer - INFO - evaluating now!
2026-05-20 15:56:52,275 - src.base.trainer - INFO - Epoch [144/250] (23055) train_mae: 2.3358, val_mae: 2.8511, lr: 0.000017, 8.0s
2026-05-20 15:57:00,039 - src.base.trainer - INFO - Epoch [145/250] (23200) train_mae: 2.3210, val_mae: 2.8446 
2026-05-20 15:57:00,659 - src.base.trainer - INFO - epoch complete
2026-05-20 15:57:00,659 - src.base.trainer - INFO - evaluating now!
2026-05-20 15:57:01,943 - src.base.trainer - INFO - Epoch [145/250] (23214) train_mae: 2.3323, val_mae: 2.8702, lr: 0.000017, 8.4s
2026-05-20 15:57:10,614 - src.base.trainer - INFO - epoch complete
2026-05-20 15:57:10,616 - src.base.trainer - INFO - evaluating now!
2026-05-20 15:57:11,720 - src.base.trainer - INFO - Epoch [146/250] (23373) train_mae: 2.3376, val_mae: 2.8463, lr: 0.000017, 8.7s
2026-05-20 15:57:18,338 - src.base.trainer - INFO - epoch complete
2026-05-20 15:57:18,338 - src.base.trainer - INFO - evaluating now!
2026-05-20 15:57:19,594 - src.base.trainer - INFO - Epoch [147/250] (23532) train_mae: 2.3380, val_mae: 2.8453, lr: 0.000017, 6.6s
2026-05-20 15:57:23,504 - src.base.trainer - INFO - Epoch [148/250] (23600) train_mae: 2.2717, val_mae: 2.8372 
2026-05-20 15:57:23,506 - src.base.trainer - INFO - Val loss decrease from 2.8404 to 2.8372, saving to True
2026-05-20 15:57:27,343 - src.base.trainer - INFO - epoch complete
2026-05-20 15:57:27,343 - src.base.trainer - INFO - evaluating now!
2026-05-20 15:57:28,650 - src.base.trainer - INFO - Epoch [148/250] (23691) train_mae: 2.3310, val_mae: 2.8603, lr: 0.000017, 7.7s
2026-05-20 15:57:35,781 - src.base.trainer - INFO - epoch complete
2026-05-20 15:57:35,781 - src.base.trainer - INFO - evaluating now!
2026-05-20 15:57:37,439 - src.base.trainer - INFO - Epoch [149/250] (23850) train_mae: 2.3442, val_mae: 2.8451, lr: 0.000017, 7.1s
2026-05-20 15:57:45,371 - src.base.trainer - INFO - Epoch [150/250] (24000) train_mae: 2.3280, val_mae: 2.8508 
2026-05-20 15:57:45,714 - src.base.trainer - INFO - epoch complete
2026-05-20 15:57:45,714 - src.base.trainer - INFO - evaluating now!
2026-05-20 15:57:46,821 - src.base.trainer - INFO - Epoch [150/250] (24009) train_mae: 2.3391, val_mae: 2.8435, lr: 0.000017, 8.3s
2026-05-20 15:57:53,113 - src.base.trainer - INFO - epoch complete
2026-05-20 15:57:53,113 - src.base.trainer - INFO - evaluating now!
2026-05-20 15:57:54,221 - src.base.trainer - INFO - Epoch [151/250] (24168) train_mae: 2.3355, val_mae: 2.8499, lr: 0.000017, 6.3s
2026-05-20 15:58:01,413 - src.base.trainer - INFO - epoch complete
2026-05-20 15:58:01,415 - src.base.trainer - INFO - evaluating now!
2026-05-20 15:58:02,608 - src.base.trainer - INFO - Epoch [152/250] (24327) train_mae: 2.3325, val_mae: 2.8390, lr: 0.000017, 7.2s
2026-05-20 15:58:06,786 - src.base.trainer - INFO - Epoch [153/250] (24400) train_mae: 2.3124, val_mae: 2.8474 
2026-05-20 15:58:10,169 - src.base.trainer - INFO - epoch complete
2026-05-20 15:58:10,170 - src.base.trainer - INFO - evaluating now!
2026-05-20 15:58:11,272 - src.base.trainer - INFO - Epoch [153/250] (24486) train_mae: 2.3394, val_mae: 2.8701, lr: 0.000017, 7.6s
2026-05-20 15:58:17,684 - src.base.trainer - INFO - epoch complete
2026-05-20 15:58:17,686 - src.base.trainer - INFO - evaluating now!
2026-05-20 15:58:18,821 - src.base.trainer - INFO - Epoch [154/250] (24645) train_mae: 2.3285, val_mae: 2.8318, lr: 0.000017, 6.4s
2026-05-20 15:58:18,823 - src.base.trainer - INFO - Val loss decrease from 2.8372 to 2.8318, saving to True
2026-05-20 15:58:26,357 - src.base.trainer - INFO - Epoch [155/250] (24800) train_mae: 2.3274, val_mae: 2.8400 
2026-05-20 15:58:26,505 - src.base.trainer - INFO - epoch complete
2026-05-20 15:58:26,505 - src.base.trainer - INFO - evaluating now!
2026-05-20 15:58:27,625 - src.base.trainer - INFO - Epoch [155/250] (24804) train_mae: 2.3262, val_mae: 2.8405, lr: 0.000017, 7.7s
2026-05-20 15:58:34,161 - src.base.trainer - INFO - epoch complete
2026-05-20 15:58:34,161 - src.base.trainer - INFO - evaluating now!
2026-05-20 15:58:35,306 - src.base.trainer - INFO - Epoch [156/250] (24963) train_mae: 2.3294, val_mae: 2.8434, lr: 0.000017, 6.5s
2026-05-20 15:58:42,127 - src.base.trainer - INFO - epoch complete
2026-05-20 15:58:42,127 - src.base.trainer - INFO - evaluating now!
2026-05-20 15:58:43,254 - src.base.trainer - INFO - Epoch [157/250] (25122) train_mae: 2.3263, val_mae: 2.8358, lr: 0.000017, 6.8s
2026-05-20 15:58:47,567 - src.base.trainer - INFO - Epoch [158/250] (25200) train_mae: 2.2928, val_mae: 2.8355 
2026-05-20 15:58:50,825 - src.base.trainer - INFO - epoch complete
2026-05-20 15:58:50,825 - src.base.trainer - INFO - evaluating now!
2026-05-20 15:58:51,935 - src.base.trainer - INFO - Epoch [158/250] (25281) train_mae: 2.3251, val_mae: 2.8245, lr: 0.000017, 7.6s
2026-05-20 15:58:51,937 - src.base.trainer - INFO - Val loss decrease from 2.8318 to 2.8245, saving to True
2026-05-20 15:58:58,301 - src.base.trainer - INFO - epoch complete
2026-05-20 15:58:58,303 - src.base.trainer - INFO - evaluating now!
2026-05-20 15:58:59,466 - src.base.trainer - INFO - Epoch [159/250] (25440) train_mae: 2.3256, val_mae: 2.8464, lr: 0.000017, 6.4s
2026-05-20 15:59:05,972 - src.base.trainer - INFO - epoch complete
2026-05-20 15:59:05,972 - src.base.trainer - INFO - evaluating now!
2026-05-20 15:59:07,100 - src.base.trainer - INFO - Epoch [160/250] (25599) train_mae: 2.3321, val_mae: 2.8288, lr: 0.000017, 6.5s
2026-05-20 15:59:08,295 - src.base.trainer - INFO - Epoch [161/250] (25600) train_mae: 1.8413, val_mae: 2.8280 
2026-05-20 15:59:14,575 - src.base.trainer - INFO - epoch complete
2026-05-20 15:59:14,575 - src.base.trainer - INFO - evaluating now!
2026-05-20 15:59:15,696 - src.base.trainer - INFO - Epoch [161/250] (25758) train_mae: 2.3281, val_mae: 2.8367, lr: 0.000017, 7.5s
2026-05-20 15:59:22,128 - src.base.trainer - INFO - epoch complete
2026-05-20 15:59:22,130 - src.base.trainer - INFO - evaluating now!
2026-05-20 15:59:23,270 - src.base.trainer - INFO - Epoch [162/250] (25917) train_mae: 2.3309, val_mae: 2.8424, lr: 0.000017, 6.4s
2026-05-20 15:59:27,773 - src.base.trainer - INFO - Epoch [163/250] (26000) train_mae: 2.3195, val_mae: 2.8370 
2026-05-20 15:59:30,823 - src.base.trainer - INFO - epoch complete
2026-05-20 15:59:30,824 - src.base.trainer - INFO - evaluating now!
2026-05-20 15:59:31,941 - src.base.trainer - INFO - Epoch [163/250] (26076) train_mae: 2.3245, val_mae: 2.8251, lr: 0.000017, 7.6s
2026-05-20 15:59:39,114 - src.base.trainer - INFO - epoch complete
2026-05-20 15:59:39,114 - src.base.trainer - INFO - evaluating now!
2026-05-20 15:59:41,091 - src.base.trainer - INFO - Epoch [164/250] (26235) train_mae: 2.3227, val_mae: 2.8319, lr: 0.000017, 7.2s
2026-05-20 15:59:47,566 - src.base.trainer - INFO - epoch complete
2026-05-20 15:59:47,567 - src.base.trainer - INFO - evaluating now!
2026-05-20 15:59:48,691 - src.base.trainer - INFO - Epoch [165/250] (26394) train_mae: 2.3184, val_mae: 2.8380, lr: 0.000017, 6.5s
2026-05-20 15:59:50,379 - src.base.trainer - INFO - Epoch [166/250] (26400) train_mae: 2.3594, val_mae: 2.8281 
2026-05-20 15:59:56,765 - src.base.trainer - INFO - epoch complete
2026-05-20 15:59:56,765 - src.base.trainer - INFO - evaluating now!
2026-05-20 15:59:57,938 - src.base.trainer - INFO - Epoch [166/250] (26553) train_mae: 2.3249, val_mae: 2.8314, lr: 0.000017, 8.1s
2026-05-20 16:00:04,980 - src.base.trainer - INFO - epoch complete
2026-05-20 16:00:04,980 - src.base.trainer - INFO - evaluating now!
2026-05-20 16:00:06,436 - src.base.trainer - INFO - Epoch [167/250] (26712) train_mae: 2.3217, val_mae: 2.8262, lr: 0.000017, 7.0s
2026-05-20 16:00:12,726 - src.base.trainer - INFO - Epoch [168/250] (26800) train_mae: 2.3376, val_mae: 2.8301 
2026-05-20 16:00:15,625 - src.base.trainer - INFO - epoch complete
2026-05-20 16:00:15,626 - src.base.trainer - INFO - evaluating now!
2026-05-20 16:00:16,782 - src.base.trainer - INFO - Epoch [168/250] (26871) train_mae: 2.3219, val_mae: 2.8822, lr: 0.000017, 9.2s
2026-05-20 16:00:23,535 - src.base.trainer - INFO - epoch complete
2026-05-20 16:00:23,536 - src.base.trainer - INFO - evaluating now!
2026-05-20 16:00:24,697 - src.base.trainer - INFO - Epoch [169/250] (27030) train_mae: 2.3246, val_mae: 2.8317, lr: 0.000017, 6.8s
2026-05-20 16:00:32,359 - src.base.trainer - INFO - epoch complete
2026-05-20 16:00:32,359 - src.base.trainer - INFO - evaluating now!
2026-05-20 16:00:33,715 - src.base.trainer - INFO - Epoch [170/250] (27189) train_mae: 2.3242, val_mae: 2.8365, lr: 0.000017, 7.7s
2026-05-20 16:00:35,631 - src.base.trainer - INFO - Epoch [171/250] (27200) train_mae: 2.4430, val_mae: 2.8181 
2026-05-20 16:00:35,634 - src.base.trainer - INFO - Val loss decrease from 2.8245 to 2.8181, saving to True
2026-05-20 16:00:42,183 - src.base.trainer - INFO - epoch complete
2026-05-20 16:00:42,183 - src.base.trainer - INFO - evaluating now!
2026-05-20 16:00:43,299 - src.base.trainer - INFO - Epoch [171/250] (27348) train_mae: 2.3244, val_mae: 2.8285, lr: 0.000017, 8.5s
2026-05-20 16:00:50,732 - src.base.trainer - INFO - epoch complete
2026-05-20 16:00:50,732 - src.base.trainer - INFO - evaluating now!
2026-05-20 16:00:51,855 - src.base.trainer - INFO - Epoch [172/250] (27507) train_mae: 2.3164, val_mae: 2.8230, lr: 0.000017, 7.4s
2026-05-20 16:00:56,737 - src.base.trainer - INFO - Epoch [173/250] (27600) train_mae: 2.3003, val_mae: 2.8617 
2026-05-20 16:00:59,420 - src.base.trainer - INFO - epoch complete
2026-05-20 16:00:59,420 - src.base.trainer - INFO - evaluating now!
2026-05-20 16:01:00,605 - src.base.trainer - INFO - Epoch [173/250] (27666) train_mae: 2.3204, val_mae: 2.8433, lr: 0.000017, 7.6s
2026-05-20 16:01:07,308 - src.base.trainer - INFO - epoch complete
2026-05-20 16:01:07,308 - src.base.trainer - INFO - evaluating now!
2026-05-20 16:01:08,592 - src.base.trainer - INFO - Epoch [174/250] (27825) train_mae: 2.3212, val_mae: 2.8203, lr: 0.000017, 6.7s
2026-05-20 16:01:15,484 - src.base.trainer - INFO - epoch complete
2026-05-20 16:01:15,484 - src.base.trainer - INFO - evaluating now!
2026-05-20 16:01:16,923 - src.base.trainer - INFO - Epoch [175/250] (27984) train_mae: 2.3181, val_mae: 2.8152, lr: 0.000017, 6.9s
2026-05-20 16:01:16,925 - src.base.trainer - INFO - Val loss decrease from 2.8181 to 2.8152, saving to True
2026-05-20 16:01:18,768 - src.base.trainer - INFO - Epoch [176/250] (28000) train_mae: 2.4385, val_mae: 2.8117 
2026-05-20 16:01:18,770 - src.base.trainer - INFO - Val loss decrease from 2.8152 to 2.8117, saving to True
2026-05-20 16:01:25,512 - src.base.trainer - INFO - epoch complete
2026-05-20 16:01:25,512 - src.base.trainer - INFO - evaluating now!
2026-05-20 16:01:26,723 - src.base.trainer - INFO - Epoch [176/250] (28143) train_mae: 2.3167, val_mae: 2.8321, lr: 0.000017, 8.6s
2026-05-20 16:01:33,337 - src.base.trainer - INFO - epoch complete
2026-05-20 16:01:33,337 - src.base.trainer - INFO - evaluating now!
2026-05-20 16:01:34,504 - src.base.trainer - INFO - Epoch [177/250] (28302) train_mae: 2.3133, val_mae: 2.8171, lr: 0.000017, 6.6s
2026-05-20 16:01:39,762 - src.base.trainer - INFO - Epoch [178/250] (28400) train_mae: 2.2944, val_mae: 2.8378 
2026-05-20 16:01:42,211 - src.base.trainer - INFO - epoch complete
2026-05-20 16:01:42,211 - src.base.trainer - INFO - evaluating now!
2026-05-20 16:01:43,329 - src.base.trainer - INFO - Epoch [178/250] (28461) train_mae: 2.3205, val_mae: 2.8262, lr: 0.000017, 7.7s
2026-05-20 16:01:49,684 - src.base.trainer - INFO - epoch complete
2026-05-20 16:01:49,684 - src.base.trainer - INFO - evaluating now!
2026-05-20 16:01:50,808 - src.base.trainer - INFO - Epoch [179/250] (28620) train_mae: 2.3160, val_mae: 2.8143, lr: 0.000017, 6.4s
2026-05-20 16:01:57,372 - src.base.trainer - INFO - epoch complete
2026-05-20 16:01:57,372 - src.base.trainer - INFO - evaluating now!
2026-05-20 16:01:58,570 - src.base.trainer - INFO - Epoch [180/250] (28779) train_mae: 2.3210, val_mae: 2.8148, lr: 0.000017, 6.6s
2026-05-20 16:02:00,574 - src.base.trainer - INFO - Epoch [181/250] (28800) train_mae: 2.4163, val_mae: 2.8187 
2026-05-20 16:02:06,403 - src.base.trainer - INFO - epoch complete
2026-05-20 16:02:06,403 - src.base.trainer - INFO - evaluating now!
2026-05-20 16:02:07,992 - src.base.trainer - INFO - Epoch [181/250] (28938) train_mae: 2.3135, val_mae: 2.8158, lr: 0.000017, 7.8s
2026-05-20 16:02:14,832 - src.base.trainer - INFO - epoch complete
2026-05-20 16:02:14,835 - src.base.trainer - INFO - evaluating now!
2026-05-20 16:02:15,996 - src.base.trainer - INFO - Epoch [182/250] (29097) train_mae: 2.3168, val_mae: 2.8168, lr: 0.000017, 6.8s
2026-05-20 16:02:21,667 - src.base.trainer - INFO - Epoch [183/250] (29200) train_mae: 2.3050, val_mae: 2.8274 
2026-05-20 16:02:24,031 - src.base.trainer - INFO - epoch complete
2026-05-20 16:02:24,031 - src.base.trainer - INFO - evaluating now!
2026-05-20 16:02:25,241 - src.base.trainer - INFO - Epoch [183/250] (29256) train_mae: 2.3204, val_mae: 2.8327, lr: 0.000017, 8.0s
2026-05-20 16:02:32,248 - src.base.trainer - INFO - epoch complete
2026-05-20 16:02:32,250 - src.base.trainer - INFO - evaluating now!
2026-05-20 16:02:33,517 - src.base.trainer - INFO - Epoch [184/250] (29415) train_mae: 2.3120, val_mae: 2.8179, lr: 0.000017, 7.0s
2026-05-20 16:02:40,770 - src.base.trainer - INFO - epoch complete
2026-05-20 16:02:40,770 - src.base.trainer - INFO - evaluating now!
2026-05-20 16:02:42,032 - src.base.trainer - INFO - Epoch [185/250] (29574) train_mae: 2.3099, val_mae: 2.8128, lr: 0.000017, 7.3s
2026-05-20 16:02:44,500 - src.base.trainer - INFO - Epoch [186/250] (29600) train_mae: 2.3859, val_mae: 2.8121 
