2026-05-14 21:28:44,315 - src.base.trainer - INFO - the number of parameters: 36940
2026-05-14 21:28:44,315 - src.base.trainer - INFO - start training !!!!!
2026-05-14 21:28:49,459 - src.base.trainer - INFO - epoch complete
2026-05-14 21:28:49,459 - src.base.trainer - INFO - evaluating now!
2026-05-14 21:28:50,002 - src.base.trainer - INFO - Epoch [0/250] (159) train_mae: 5.5513, val_mae: 3.8327, lr: 0.001000, 5.1s
2026-05-14 21:28:50,008 - src.base.trainer - INFO - Val loss decrease from inf to 3.8327, saving to True
2026-05-14 21:28:54,911 - src.base.trainer - INFO - epoch complete
2026-05-14 21:28:54,911 - src.base.trainer - INFO - evaluating now!
2026-05-14 21:28:55,450 - src.base.trainer - INFO - Epoch [1/250] (318) train_mae: 2.9827, val_mae: 3.3374, lr: 0.001000, 4.9s
2026-05-14 21:28:55,451 - src.base.trainer - INFO - Val loss decrease from 3.8327 to 3.3374, saving to True
2026-05-14 21:28:58,708 - src.base.trainer - INFO - Epoch [2/250] (400) train_mae: 2.7431, val_mae: 3.2262 
2026-05-14 21:28:58,709 - src.base.trainer - INFO - Val loss decrease from 3.3374 to 3.2262, saving to True
2026-05-14 21:29:01,176 - src.base.trainer - INFO - epoch complete
2026-05-14 21:29:01,176 - src.base.trainer - INFO - evaluating now!
2026-05-14 21:29:01,727 - src.base.trainer - INFO - Epoch [2/250] (477) train_mae: 2.7337, val_mae: 3.2010, lr: 0.001000, 5.7s
2026-05-14 21:29:01,728 - src.base.trainer - INFO - Val loss decrease from 3.2262 to 3.2010, saving to True
2026-05-14 21:29:06,713 - src.base.trainer - INFO - epoch complete
2026-05-14 21:29:06,713 - src.base.trainer - INFO - evaluating now!
2026-05-14 21:29:07,258 - src.base.trainer - INFO - Epoch [3/250] (636) train_mae: 2.6565, val_mae: 3.1145, lr: 0.001000, 5.0s
2026-05-14 21:29:07,259 - src.base.trainer - INFO - Val loss decrease from 3.2010 to 3.1145, saving to True
2026-05-14 21:29:12,194 - src.base.trainer - INFO - epoch complete
2026-05-14 21:29:12,194 - src.base.trainer - INFO - evaluating now!
2026-05-14 21:29:12,738 - src.base.trainer - INFO - Epoch [4/250] (795) train_mae: 2.6042, val_mae: 3.0751, lr: 0.001000, 4.9s
2026-05-14 21:29:12,739 - src.base.trainer - INFO - Val loss decrease from 3.1145 to 3.0751, saving to True
2026-05-14 21:29:13,522 - src.base.trainer - INFO - Epoch [5/250] (800) train_mae: 2.3402, val_mae: 3.0390 
2026-05-14 21:29:13,523 - src.base.trainer - INFO - Val loss decrease from 3.0751 to 3.0390, saving to True
2026-05-14 21:29:18,427 - src.base.trainer - INFO - epoch complete
2026-05-14 21:29:18,427 - src.base.trainer - INFO - evaluating now!
2026-05-14 21:29:18,971 - src.base.trainer - INFO - Epoch [5/250] (954) train_mae: 2.5805, val_mae: 3.0071, lr: 0.001000, 5.7s
2026-05-14 21:29:18,972 - src.base.trainer - INFO - Val loss decrease from 3.0390 to 3.0071, saving to True
2026-05-14 21:29:23,903 - src.base.trainer - INFO - epoch complete
2026-05-14 21:29:23,903 - src.base.trainer - INFO - evaluating now!
2026-05-14 21:29:24,444 - src.base.trainer - INFO - Epoch [6/250] (1113) train_mae: 2.5617, val_mae: 3.0421, lr: 0.001000, 4.9s
2026-05-14 21:29:27,597 - src.base.trainer - INFO - Epoch [7/250] (1200) train_mae: 2.6106, val_mae: 3.1169 
2026-05-14 21:29:29,769 - src.base.trainer - INFO - epoch complete
2026-05-14 21:29:29,769 - src.base.trainer - INFO - evaluating now!
2026-05-14 21:29:30,310 - src.base.trainer - INFO - Epoch [7/250] (1272) train_mae: 2.5578, val_mae: 3.0228, lr: 0.001000, 5.3s
2026-05-14 21:29:35,096 - src.base.trainer - INFO - epoch complete
2026-05-14 21:29:35,096 - src.base.trainer - INFO - evaluating now!
2026-05-14 21:29:35,639 - src.base.trainer - INFO - Epoch [8/250] (1431) train_mae: 2.5460, val_mae: 3.0009, lr: 0.001000, 4.8s
2026-05-14 21:29:35,640 - src.base.trainer - INFO - Val loss decrease from 3.0071 to 3.0009, saving to True
2026-05-14 21:29:40,580 - src.base.trainer - INFO - epoch complete
2026-05-14 21:29:40,580 - src.base.trainer - INFO - evaluating now!
2026-05-14 21:29:41,123 - src.base.trainer - INFO - Epoch [9/250] (1590) train_mae: 2.5173, val_mae: 2.9749, lr: 0.001000, 4.9s
2026-05-14 21:29:41,124 - src.base.trainer - INFO - Val loss decrease from 3.0009 to 2.9749, saving to True
2026-05-14 21:29:42,080 - src.base.trainer - INFO - Epoch [10/250] (1600) train_mae: 2.3823, val_mae: 2.9827 
2026-05-14 21:29:46,627 - src.base.trainer - INFO - epoch complete
2026-05-14 21:29:46,627 - src.base.trainer - INFO - evaluating now!
2026-05-14 21:29:47,168 - src.base.trainer - INFO - Epoch [10/250] (1749) train_mae: 2.4965, val_mae: 2.9153, lr: 0.001000, 5.5s
2026-05-14 21:29:47,169 - src.base.trainer - INFO - Val loss decrease from 2.9749 to 2.9153, saving to True
2026-05-14 21:29:52,097 - src.base.trainer - INFO - epoch complete
2026-05-14 21:29:52,097 - src.base.trainer - INFO - evaluating now!
2026-05-14 21:29:52,642 - src.base.trainer - INFO - Epoch [11/250] (1908) train_mae: 2.4755, val_mae: 2.9631, lr: 0.001000, 4.9s
2026-05-14 21:29:55,969 - src.base.trainer - INFO - Epoch [12/250] (2000) train_mae: 2.4835, val_mae: 2.9937 
2026-05-14 21:29:57,993 - src.base.trainer - INFO - epoch complete
2026-05-14 21:29:57,994 - src.base.trainer - INFO - evaluating now!
2026-05-14 21:29:58,537 - src.base.trainer - INFO - Epoch [12/250] (2067) train_mae: 2.4865, val_mae: 2.9513, lr: 0.001000, 5.4s
2026-05-14 21:30:03,341 - src.base.trainer - INFO - epoch complete
2026-05-14 21:30:03,342 - src.base.trainer - INFO - evaluating now!
2026-05-14 21:30:03,884 - src.base.trainer - INFO - Epoch [13/250] (2226) train_mae: 2.4633, val_mae: 2.9872, lr: 0.001000, 4.8s
2026-05-14 21:30:08,666 - src.base.trainer - INFO - epoch complete
2026-05-14 21:30:08,666 - src.base.trainer - INFO - evaluating now!
2026-05-14 21:30:09,210 - src.base.trainer - INFO - Epoch [14/250] (2385) train_mae: 2.4796, val_mae: 2.9374, lr: 0.001000, 4.8s
2026-05-14 21:30:10,196 - src.base.trainer - INFO - Epoch [15/250] (2400) train_mae: 2.4821, val_mae: 2.9270 
2026-05-14 21:30:14,532 - src.base.trainer - INFO - epoch complete
2026-05-14 21:30:14,532 - src.base.trainer - INFO - evaluating now!
2026-05-14 21:30:15,077 - src.base.trainer - INFO - Epoch [15/250] (2544) train_mae: 2.4532, val_mae: 2.9258, lr: 0.001000, 5.3s
2026-05-14 21:30:19,881 - src.base.trainer - INFO - epoch complete
2026-05-14 21:30:19,881 - src.base.trainer - INFO - evaluating now!
2026-05-14 21:30:20,428 - src.base.trainer - INFO - Epoch [16/250] (2703) train_mae: 2.4564, val_mae: 2.8967, lr: 0.001000, 4.8s
2026-05-14 21:30:20,429 - src.base.trainer - INFO - Val loss decrease from 2.9153 to 2.8967, saving to True
2026-05-14 21:30:24,074 - src.base.trainer - INFO - Epoch [17/250] (2800) train_mae: 2.4461, val_mae: 2.9402 
2026-05-14 21:30:25,930 - src.base.trainer - INFO - epoch complete
2026-05-14 21:30:25,930 - src.base.trainer - INFO - evaluating now!
2026-05-14 21:30:26,471 - src.base.trainer - INFO - Epoch [17/250] (2862) train_mae: 2.4393, val_mae: 2.9521, lr: 0.001000, 5.5s
2026-05-14 21:30:31,255 - src.base.trainer - INFO - epoch complete
2026-05-14 21:30:31,255 - src.base.trainer - INFO - evaluating now!
2026-05-14 21:30:31,804 - src.base.trainer - INFO - Epoch [18/250] (3021) train_mae: 2.4175, val_mae: 2.8944, lr: 0.001000, 4.8s
2026-05-14 21:30:31,805 - src.base.trainer - INFO - Val loss decrease from 2.8967 to 2.8944, saving to True
2026-05-14 21:30:36,749 - src.base.trainer - INFO - epoch complete
2026-05-14 21:30:36,750 - src.base.trainer - INFO - evaluating now!
2026-05-14 21:30:37,296 - src.base.trainer - INFO - Epoch [19/250] (3180) train_mae: 2.4304, val_mae: 2.9893, lr: 0.001000, 4.9s
2026-05-14 21:30:38,432 - src.base.trainer - INFO - Epoch [20/250] (3200) train_mae: 2.4445, val_mae: 2.9309 
2026-05-14 21:30:42,613 - src.base.trainer - INFO - epoch complete
2026-05-14 21:30:42,613 - src.base.trainer - INFO - evaluating now!
2026-05-14 21:30:43,157 - src.base.trainer - INFO - Epoch [20/250] (3339) train_mae: 2.3927, val_mae: 2.8565, lr: 0.001000, 5.3s
2026-05-14 21:30:43,158 - src.base.trainer - INFO - Val loss decrease from 2.8944 to 2.8565, saving to True
2026-05-14 21:30:48,109 - src.base.trainer - INFO - epoch complete
2026-05-14 21:30:48,109 - src.base.trainer - INFO - evaluating now!
2026-05-14 21:30:48,653 - src.base.trainer - INFO - Epoch [21/250] (3498) train_mae: 2.3981, val_mae: 2.9073, lr: 0.001000, 5.0s
2026-05-14 21:30:52,277 - src.base.trainer - INFO - Epoch [22/250] (3600) train_mae: 2.4045, val_mae: 2.8935 
2026-05-14 21:30:53,989 - src.base.trainer - INFO - epoch complete
2026-05-14 21:30:53,989 - src.base.trainer - INFO - evaluating now!
2026-05-14 21:30:54,529 - src.base.trainer - INFO - Epoch [22/250] (3657) train_mae: 2.3951, val_mae: 2.9228, lr: 0.001000, 5.3s
2026-05-14 21:30:59,317 - src.base.trainer - INFO - epoch complete
2026-05-14 21:30:59,317 - src.base.trainer - INFO - evaluating now!
2026-05-14 21:30:59,860 - src.base.trainer - INFO - Epoch [23/250] (3816) train_mae: 2.3813, val_mae: 2.9207, lr: 0.001000, 4.8s
2026-05-14 21:31:04,682 - src.base.trainer - INFO - epoch complete
2026-05-14 21:31:04,682 - src.base.trainer - INFO - evaluating now!
2026-05-14 21:31:05,225 - src.base.trainer - INFO - Epoch [24/250] (3975) train_mae: 2.3727, val_mae: 2.9108, lr: 0.001000, 4.8s
2026-05-14 21:31:06,524 - src.base.trainer - INFO - Epoch [25/250] (4000) train_mae: 2.2921, val_mae: 2.8553 
2026-05-14 21:31:06,525 - src.base.trainer - INFO - Val loss decrease from 2.8565 to 2.8553, saving to True
2026-05-14 21:31:10,750 - src.base.trainer - INFO - epoch complete
2026-05-14 21:31:10,750 - src.base.trainer - INFO - evaluating now!
2026-05-14 21:31:11,292 - src.base.trainer - INFO - Epoch [25/250] (4134) train_mae: 2.3874, val_mae: 2.8662, lr: 0.001000, 5.5s
2026-05-14 21:31:16,197 - src.base.trainer - INFO - epoch complete
2026-05-14 21:31:16,197 - src.base.trainer - INFO - evaluating now!
2026-05-14 21:31:16,746 - src.base.trainer - INFO - Epoch [26/250] (4293) train_mae: 2.3952, val_mae: 2.8851, lr: 0.001000, 4.9s
2026-05-14 21:31:20,513 - src.base.trainer - INFO - Epoch [27/250] (4400) train_mae: 2.3008, val_mae: 2.8943 
2026-05-14 21:31:22,081 - src.base.trainer - INFO - epoch complete
2026-05-14 21:31:22,081 - src.base.trainer - INFO - evaluating now!
2026-05-14 21:31:22,625 - src.base.trainer - INFO - Epoch [27/250] (4452) train_mae: 2.3509, val_mae: 2.9484, lr: 0.001000, 5.3s
2026-05-14 21:31:27,422 - src.base.trainer - INFO - epoch complete
2026-05-14 21:31:27,422 - src.base.trainer - INFO - evaluating now!
2026-05-14 21:31:27,967 - src.base.trainer - INFO - Epoch [28/250] (4611) train_mae: 2.3644, val_mae: 2.8827, lr: 0.001000, 4.8s
2026-05-14 21:31:32,765 - src.base.trainer - INFO - epoch complete
2026-05-14 21:31:32,765 - src.base.trainer - INFO - evaluating now!
2026-05-14 21:31:33,311 - src.base.trainer - INFO - Epoch [29/250] (4770) train_mae: 2.3549, val_mae: 2.9206, lr: 0.001000, 4.8s
2026-05-14 21:31:34,760 - src.base.trainer - INFO - Epoch [30/250] (4800) train_mae: 2.2618, val_mae: 2.9389 
2026-05-14 21:31:38,662 - src.base.trainer - INFO - epoch complete
2026-05-14 21:31:38,662 - src.base.trainer - INFO - evaluating now!
2026-05-14 21:31:39,206 - src.base.trainer - INFO - Epoch [30/250] (4929) train_mae: 2.3481, val_mae: 2.9217, lr: 0.001000, 5.4s
2026-05-14 21:31:44,018 - src.base.trainer - INFO - epoch complete
2026-05-14 21:31:44,018 - src.base.trainer - INFO - evaluating now!
2026-05-14 21:31:44,563 - src.base.trainer - INFO - Epoch [31/250] (5088) train_mae: 2.3369, val_mae: 2.9000, lr: 0.001000, 4.8s
2026-05-14 21:31:48,517 - src.base.trainer - INFO - Epoch [32/250] (5200) train_mae: 2.3004, val_mae: 2.8851 
2026-05-14 21:31:49,934 - src.base.trainer - INFO - epoch complete
2026-05-14 21:31:49,934 - src.base.trainer - INFO - evaluating now!
2026-05-14 21:31:50,479 - src.base.trainer - INFO - Epoch [32/250] (5247) train_mae: 2.3328, val_mae: 2.9561, lr: 0.001000, 5.4s
2026-05-14 21:31:55,289 - src.base.trainer - INFO - epoch complete
2026-05-14 21:31:55,289 - src.base.trainer - INFO - evaluating now!
2026-05-14 21:31:55,835 - src.base.trainer - INFO - Epoch [33/250] (5406) train_mae: 2.3439, val_mae: 2.8999, lr: 0.001000, 4.8s
2026-05-14 21:32:00,629 - src.base.trainer - INFO - epoch complete
2026-05-14 21:32:00,629 - src.base.trainer - INFO - evaluating now!
2026-05-14 21:32:01,173 - src.base.trainer - INFO - Epoch [34/250] (5565) train_mae: 2.3265, val_mae: 2.9695, lr: 0.001000, 4.8s
2026-05-14 21:32:02,781 - src.base.trainer - INFO - Epoch [35/250] (5600) train_mae: 2.2822, val_mae: 2.8890 
2026-05-14 21:32:06,523 - src.base.trainer - INFO - epoch complete
2026-05-14 21:32:06,523 - src.base.trainer - INFO - evaluating now!
2026-05-14 21:32:07,071 - src.base.trainer - INFO - Epoch [35/250] (5724) train_mae: 2.3338, val_mae: 2.9018, lr: 0.001000, 5.3s
2026-05-14 21:32:07,071 - src.base.trainer - INFO - Early stop at epoch 36, loss = 2.855258
2026-05-14 21:51:12,742 - src.base.trainer - INFO - the number of parameters: 50359
2026-05-14 21:51:12,742 - src.base.trainer - INFO - start training !!!!!
2026-05-14 21:51:18,126 - src.base.trainer - INFO - epoch complete
2026-05-14 21:51:18,126 - src.base.trainer - INFO - evaluating now!
2026-05-14 21:51:18,706 - src.base.trainer - INFO - Epoch [0/250] (159) train_mae: 5.5811, val_mae: 4.0433, lr: 0.001000, 5.4s
2026-05-14 21:51:18,713 - src.base.trainer - INFO - Val loss decrease from inf to 4.0433, saving to True
2026-05-14 21:51:24,061 - src.base.trainer - INFO - epoch complete
2026-05-14 21:51:24,061 - src.base.trainer - INFO - evaluating now!
2026-05-14 21:51:24,636 - src.base.trainer - INFO - Epoch [1/250] (318) train_mae: 3.1358, val_mae: 3.5435, lr: 0.001000, 5.3s
2026-05-14 21:51:24,637 - src.base.trainer - INFO - Val loss decrease from 4.0433 to 3.5435, saving to True
2026-05-14 21:51:28,043 - src.base.trainer - INFO - Epoch [2/250] (400) train_mae: 2.8326, val_mae: 3.2825 
2026-05-14 21:51:28,044 - src.base.trainer - INFO - Val loss decrease from 3.5435 to 3.2825, saving to True
2026-05-14 21:51:30,709 - src.base.trainer - INFO - epoch complete
2026-05-14 21:51:30,709 - src.base.trainer - INFO - evaluating now!
2026-05-14 21:51:31,290 - src.base.trainer - INFO - Epoch [2/250] (477) train_mae: 2.8063, val_mae: 3.2875, lr: 0.001000, 6.1s
2026-05-14 21:51:36,496 - src.base.trainer - INFO - epoch complete
2026-05-14 21:51:36,496 - src.base.trainer - INFO - evaluating now!
2026-05-14 21:51:37,088 - src.base.trainer - INFO - Epoch [3/250] (636) train_mae: 2.7033, val_mae: 3.1544, lr: 0.001000, 5.2s
2026-05-14 21:51:37,089 - src.base.trainer - INFO - Val loss decrease from 3.2825 to 3.1544, saving to True
2026-05-14 21:51:42,451 - src.base.trainer - INFO - epoch complete
2026-05-14 21:51:42,451 - src.base.trainer - INFO - evaluating now!
2026-05-14 21:51:43,030 - src.base.trainer - INFO - Epoch [4/250] (795) train_mae: 2.6317, val_mae: 3.0690, lr: 0.001000, 5.4s
2026-05-14 21:51:43,031 - src.base.trainer - INFO - Val loss decrease from 3.1544 to 3.0690, saving to True
2026-05-14 21:51:43,837 - src.base.trainer - INFO - Epoch [5/250] (800) train_mae: 2.4833, val_mae: 3.0557 
2026-05-14 21:51:43,839 - src.base.trainer - INFO - Val loss decrease from 3.0690 to 3.0557, saving to True
2026-05-14 21:51:49,151 - src.base.trainer - INFO - epoch complete
2026-05-14 21:51:49,152 - src.base.trainer - INFO - evaluating now!
2026-05-14 21:51:49,738 - src.base.trainer - INFO - Epoch [5/250] (954) train_mae: 2.5826, val_mae: 3.0425, lr: 0.001000, 6.1s
2026-05-14 21:51:49,739 - src.base.trainer - INFO - Val loss decrease from 3.0557 to 3.0425, saving to True
2026-05-14 21:51:55,137 - src.base.trainer - INFO - epoch complete
2026-05-14 21:51:55,137 - src.base.trainer - INFO - evaluating now!
2026-05-14 21:51:55,715 - src.base.trainer - INFO - Epoch [6/250] (1113) train_mae: 2.5488, val_mae: 2.9811, lr: 0.001000, 5.4s
2026-05-14 21:51:55,717 - src.base.trainer - INFO - Val loss decrease from 3.0425 to 2.9811, saving to True
2026-05-14 21:51:59,293 - src.base.trainer - INFO - Epoch [7/250] (1200) train_mae: 2.5193, val_mae: 3.0215 
2026-05-14 21:52:01,632 - src.base.trainer - INFO - epoch complete
2026-05-14 21:52:01,632 - src.base.trainer - INFO - evaluating now!
2026-05-14 21:52:02,231 - src.base.trainer - INFO - Epoch [7/250] (1272) train_mae: 2.5266, val_mae: 3.0543, lr: 0.001000, 5.9s
2026-05-14 21:52:07,426 - src.base.trainer - INFO - epoch complete
2026-05-14 21:52:07,426 - src.base.trainer - INFO - evaluating now!
2026-05-14 21:52:08,005 - src.base.trainer - INFO - Epoch [8/250] (1431) train_mae: 2.4866, val_mae: 3.0353, lr: 0.001000, 5.2s
2026-05-14 21:52:13,240 - src.base.trainer - INFO - epoch complete
2026-05-14 21:52:13,240 - src.base.trainer - INFO - evaluating now!
2026-05-14 21:52:13,820 - src.base.trainer - INFO - Epoch [9/250] (1590) train_mae: 2.4656, val_mae: 3.0039, lr: 0.001000, 5.2s
2026-05-14 21:52:14,719 - src.base.trainer - INFO - Epoch [10/250] (1600) train_mae: 2.3397, val_mae: 2.9410 
2026-05-14 21:52:14,720 - src.base.trainer - INFO - Val loss decrease from 2.9811 to 2.9410, saving to True
2026-05-14 21:52:19,843 - src.base.trainer - INFO - epoch complete
2026-05-14 21:52:19,843 - src.base.trainer - INFO - evaluating now!
2026-05-14 21:52:20,421 - src.base.trainer - INFO - Epoch [10/250] (1749) train_mae: 2.4444, val_mae: 3.0321, lr: 0.001000, 6.0s
2026-05-14 21:52:25,658 - src.base.trainer - INFO - epoch complete
2026-05-14 21:52:25,658 - src.base.trainer - INFO - evaluating now!
2026-05-14 21:52:26,235 - src.base.trainer - INFO - Epoch [11/250] (1908) train_mae: 2.4306, val_mae: 2.9656, lr: 0.001000, 5.2s
2026-05-14 21:52:29,841 - src.base.trainer - INFO - Epoch [12/250] (2000) train_mae: 2.4153, val_mae: 2.9816 
2026-05-14 21:52:32,029 - src.base.trainer - INFO - epoch complete
2026-05-14 21:52:32,029 - src.base.trainer - INFO - evaluating now!
2026-05-14 21:52:32,607 - src.base.trainer - INFO - Epoch [12/250] (2067) train_mae: 2.3972, val_mae: 2.9909, lr: 0.001000, 5.8s
2026-05-14 21:52:37,849 - src.base.trainer - INFO - epoch complete
2026-05-14 21:52:37,849 - src.base.trainer - INFO - evaluating now!
2026-05-14 21:52:38,427 - src.base.trainer - INFO - Epoch [13/250] (2226) train_mae: 2.3828, val_mae: 2.9474, lr: 0.001000, 5.2s
2026-05-14 21:52:43,643 - src.base.trainer - INFO - epoch complete
2026-05-14 21:52:43,643 - src.base.trainer - INFO - evaluating now!
2026-05-14 21:52:44,222 - src.base.trainer - INFO - Epoch [14/250] (2385) train_mae: 2.3653, val_mae: 2.9723, lr: 0.001000, 5.2s
2026-05-14 21:52:45,283 - src.base.trainer - INFO - Epoch [15/250] (2400) train_mae: 2.3908, val_mae: 2.9660 
2026-05-14 21:52:50,036 - src.base.trainer - INFO - epoch complete
2026-05-14 21:52:50,036 - src.base.trainer - INFO - evaluating now!
2026-05-14 21:52:50,612 - src.base.trainer - INFO - Epoch [15/250] (2544) train_mae: 2.3605, val_mae: 2.9779, lr: 0.001000, 5.8s
2026-05-14 21:52:55,829 - src.base.trainer - INFO - epoch complete
2026-05-14 21:52:55,829 - src.base.trainer - INFO - evaluating now!
2026-05-14 21:52:56,407 - src.base.trainer - INFO - Epoch [16/250] (2703) train_mae: 2.3552, val_mae: 2.9502, lr: 0.001000, 5.2s
2026-05-14 21:53:00,187 - src.base.trainer - INFO - Epoch [17/250] (2800) train_mae: 2.3579, val_mae: 2.9613 
2026-05-14 21:53:02,220 - src.base.trainer - INFO - epoch complete
2026-05-14 21:53:02,221 - src.base.trainer - INFO - evaluating now!
2026-05-14 21:53:02,801 - src.base.trainer - INFO - Epoch [17/250] (2862) train_mae: 2.3357, val_mae: 2.9285, lr: 0.001000, 5.8s
2026-05-14 21:53:02,803 - src.base.trainer - INFO - Val loss decrease from 2.9410 to 2.9285, saving to True
2026-05-14 21:53:08,184 - src.base.trainer - INFO - epoch complete
2026-05-14 21:53:08,184 - src.base.trainer - INFO - evaluating now!
2026-05-14 21:53:08,762 - src.base.trainer - INFO - Epoch [18/250] (3021) train_mae: 2.3295, val_mae: 2.9885, lr: 0.001000, 5.4s
2026-05-14 21:53:14,001 - src.base.trainer - INFO - epoch complete
2026-05-14 21:53:14,001 - src.base.trainer - INFO - evaluating now!
2026-05-14 21:53:14,580 - src.base.trainer - INFO - Epoch [19/250] (3180) train_mae: 2.3218, val_mae: 2.9330, lr: 0.001000, 5.2s
2026-05-14 21:53:15,828 - src.base.trainer - INFO - Epoch [20/250] (3200) train_mae: 2.3156, val_mae: 2.9924 
2026-05-14 21:53:20,391 - src.base.trainer - INFO - epoch complete
2026-05-14 21:53:20,391 - src.base.trainer - INFO - evaluating now!
2026-05-14 21:53:20,972 - src.base.trainer - INFO - Epoch [20/250] (3339) train_mae: 2.3083, val_mae: 2.9845, lr: 0.001000, 5.8s
2026-05-14 21:53:26,206 - src.base.trainer - INFO - epoch complete
2026-05-14 21:53:26,207 - src.base.trainer - INFO - evaluating now!
2026-05-14 21:53:26,784 - src.base.trainer - INFO - Epoch [21/250] (3498) train_mae: 2.3076, val_mae: 2.9547, lr: 0.001000, 5.2s
2026-05-14 21:53:30,744 - src.base.trainer - INFO - Epoch [22/250] (3600) train_mae: 2.2546, val_mae: 2.8983 
2026-05-14 21:53:30,745 - src.base.trainer - INFO - Val loss decrease from 2.9285 to 2.8983, saving to True
2026-05-14 21:53:32,773 - src.base.trainer - INFO - epoch complete
2026-05-14 21:53:32,773 - src.base.trainer - INFO - evaluating now!
2026-05-14 21:53:33,361 - src.base.trainer - INFO - Epoch [22/250] (3657) train_mae: 2.2918, val_mae: 2.9522, lr: 0.001000, 6.0s
2026-05-14 21:53:38,597 - src.base.trainer - INFO - epoch complete
2026-05-14 21:53:38,598 - src.base.trainer - INFO - evaluating now!
2026-05-14 21:53:39,177 - src.base.trainer - INFO - Epoch [23/250] (3816) train_mae: 2.2840, val_mae: 2.9645, lr: 0.001000, 5.2s
2026-05-14 21:53:44,432 - src.base.trainer - INFO - epoch complete
2026-05-14 21:53:44,432 - src.base.trainer - INFO - evaluating now!
2026-05-14 21:53:45,009 - src.base.trainer - INFO - Epoch [24/250] (3975) train_mae: 2.2977, val_mae: 2.9444, lr: 0.001000, 5.3s
2026-05-14 21:53:46,400 - src.base.trainer - INFO - Epoch [25/250] (4000) train_mae: 2.3382, val_mae: 2.9527 
2026-05-14 21:53:50,804 - src.base.trainer - INFO - epoch complete
2026-05-14 21:53:50,804 - src.base.trainer - INFO - evaluating now!
2026-05-14 21:53:51,382 - src.base.trainer - INFO - Epoch [25/250] (4134) train_mae: 2.2849, val_mae: 3.0146, lr: 0.001000, 5.8s
2026-05-14 21:53:56,604 - src.base.trainer - INFO - epoch complete
2026-05-14 21:53:56,604 - src.base.trainer - INFO - evaluating now!
2026-05-14 21:53:57,190 - src.base.trainer - INFO - Epoch [26/250] (4293) train_mae: 2.2659, val_mae: 2.9371, lr: 0.001000, 5.2s
2026-05-14 21:54:01,292 - src.base.trainer - INFO - Epoch [27/250] (4400) train_mae: 2.2969, val_mae: 3.0356 
2026-05-14 21:54:03,011 - src.base.trainer - INFO - epoch complete
2026-05-14 21:54:03,011 - src.base.trainer - INFO - evaluating now!
2026-05-14 21:54:03,590 - src.base.trainer - INFO - Epoch [27/250] (4452) train_mae: 2.2643, val_mae: 2.9708, lr: 0.001000, 5.8s
2026-05-14 21:54:08,822 - src.base.trainer - INFO - epoch complete
2026-05-14 21:54:08,823 - src.base.trainer - INFO - evaluating now!
2026-05-14 21:54:09,398 - src.base.trainer - INFO - Epoch [28/250] (4611) train_mae: 2.2576, val_mae: 3.1562, lr: 0.001000, 5.2s
2026-05-14 21:54:14,598 - src.base.trainer - INFO - epoch complete
2026-05-14 21:54:14,598 - src.base.trainer - INFO - evaluating now!
2026-05-14 21:54:15,176 - src.base.trainer - INFO - Epoch [29/250] (4770) train_mae: 2.2422, val_mae: 3.0134, lr: 0.001000, 5.2s
2026-05-14 21:54:16,731 - src.base.trainer - INFO - Epoch [30/250] (4800) train_mae: 2.1417, val_mae: 2.9820 
2026-05-14 21:54:20,971 - src.base.trainer - INFO - epoch complete
2026-05-14 21:54:20,971 - src.base.trainer - INFO - evaluating now!
2026-05-14 21:54:21,549 - src.base.trainer - INFO - Epoch [30/250] (4929) train_mae: 2.2339, val_mae: 2.9700, lr: 0.001000, 5.8s
2026-05-14 21:54:26,801 - src.base.trainer - INFO - epoch complete
2026-05-14 21:54:26,801 - src.base.trainer - INFO - evaluating now!
2026-05-14 21:54:27,388 - src.base.trainer - INFO - Epoch [31/250] (5088) train_mae: 2.2358, val_mae: 3.0262, lr: 0.001000, 5.3s
2026-05-14 21:54:31,653 - src.base.trainer - INFO - Epoch [32/250] (5200) train_mae: 2.2528, val_mae: 3.0332 
2026-05-14 21:54:33,196 - src.base.trainer - INFO - epoch complete
2026-05-14 21:54:33,196 - src.base.trainer - INFO - evaluating now!
2026-05-14 21:54:33,805 - src.base.trainer - INFO - Epoch [32/250] (5247) train_mae: 2.2344, val_mae: 3.0404, lr: 0.001000, 5.8s
2026-05-14 21:54:33,805 - src.base.trainer - INFO - Early stop at epoch 33, loss = 2.898276
2026-05-14 21:55:45,066 - src.base.trainer - INFO - the number of parameters: 50359
2026-05-14 21:55:45,066 - src.base.trainer - INFO - start training !!!!!
2026-05-14 21:55:50,357 - src.base.trainer - INFO - epoch complete
2026-05-14 21:55:50,357 - src.base.trainer - INFO - evaluating now!
2026-05-14 21:55:50,943 - src.base.trainer - INFO - Epoch [0/250] (159) train_mae: 5.8473, val_mae: 3.9637, lr: 0.001000, 5.3s
2026-05-14 21:55:50,949 - src.base.trainer - INFO - Val loss decrease from inf to 3.9637, saving to True
2026-05-14 21:55:56,373 - src.base.trainer - INFO - epoch complete
2026-05-14 21:55:56,373 - src.base.trainer - INFO - evaluating now!
2026-05-14 21:55:56,957 - src.base.trainer - INFO - Epoch [1/250] (318) train_mae: 3.0804, val_mae: 3.3624, lr: 0.001000, 5.4s
2026-05-14 21:55:56,958 - src.base.trainer - INFO - Val loss decrease from 3.9637 to 3.3624, saving to True
2026-05-14 21:56:00,438 - src.base.trainer - INFO - Epoch [2/250] (400) train_mae: 2.7873, val_mae: 3.2328 
2026-05-14 21:56:00,439 - src.base.trainer - INFO - Val loss decrease from 3.3624 to 3.2328, saving to True
2026-05-14 21:56:03,104 - src.base.trainer - INFO - epoch complete
2026-05-14 21:56:03,104 - src.base.trainer - INFO - evaluating now!
2026-05-14 21:56:03,693 - src.base.trainer - INFO - Epoch [2/250] (477) train_mae: 2.7507, val_mae: 3.2154, lr: 0.001000, 6.1s
2026-05-14 21:56:03,694 - src.base.trainer - INFO - Val loss decrease from 3.2328 to 3.2154, saving to True
2026-05-14 21:56:09,119 - src.base.trainer - INFO - epoch complete
2026-05-14 21:56:09,119 - src.base.trainer - INFO - evaluating now!
2026-05-14 21:56:09,702 - src.base.trainer - INFO - Epoch [3/250] (636) train_mae: 2.6346, val_mae: 3.0678, lr: 0.001000, 5.4s
2026-05-14 21:56:09,704 - src.base.trainer - INFO - Val loss decrease from 3.2154 to 3.0678, saving to True
2026-05-14 21:56:15,105 - src.base.trainer - INFO - epoch complete
2026-05-14 21:56:15,106 - src.base.trainer - INFO - evaluating now!
2026-05-14 21:56:15,708 - src.base.trainer - INFO - Epoch [4/250] (795) train_mae: 2.5817, val_mae: 3.0575, lr: 0.001000, 5.4s
2026-05-14 21:56:15,710 - src.base.trainer - INFO - Val loss decrease from 3.0678 to 3.0575, saving to True
2026-05-14 21:56:16,526 - src.base.trainer - INFO - Epoch [5/250] (800) train_mae: 2.3824, val_mae: 3.0034 
2026-05-14 21:56:16,527 - src.base.trainer - INFO - Val loss decrease from 3.0575 to 3.0034, saving to True
2026-05-14 21:56:21,876 - src.base.trainer - INFO - epoch complete
2026-05-14 21:56:21,877 - src.base.trainer - INFO - evaluating now!
2026-05-14 21:56:22,454 - src.base.trainer - INFO - Epoch [5/250] (954) train_mae: 2.5159, val_mae: 2.9896, lr: 0.001000, 6.2s
2026-05-14 21:56:22,456 - src.base.trainer - INFO - Val loss decrease from 3.0034 to 2.9896, saving to True
2026-05-14 21:56:27,920 - src.base.trainer - INFO - epoch complete
2026-05-14 21:56:27,920 - src.base.trainer - INFO - evaluating now!
2026-05-14 21:56:28,516 - src.base.trainer - INFO - Epoch [6/250] (1113) train_mae: 2.4840, val_mae: 2.9813, lr: 0.001000, 5.5s
2026-05-14 21:56:28,517 - src.base.trainer - INFO - Val loss decrease from 2.9896 to 2.9813, saving to True
2026-05-14 21:56:32,444 - src.base.trainer - INFO - Epoch [7/250] (1200) train_mae: 2.5358, val_mae: 2.9811 
2026-05-14 21:56:32,445 - src.base.trainer - INFO - Val loss decrease from 2.9813 to 2.9811, saving to True
2026-05-14 21:56:35,110 - src.base.trainer - INFO - epoch complete
2026-05-14 21:56:35,110 - src.base.trainer - INFO - evaluating now!
2026-05-14 21:56:35,699 - src.base.trainer - INFO - Epoch [7/250] (1272) train_mae: 2.4665, val_mae: 2.9996, lr: 0.001000, 6.6s
2026-05-14 21:56:40,978 - src.base.trainer - INFO - epoch complete
2026-05-14 21:56:40,979 - src.base.trainer - INFO - evaluating now!
2026-05-14 21:56:41,559 - src.base.trainer - INFO - Epoch [8/250] (1431) train_mae: 2.4223, val_mae: 2.9608, lr: 0.001000, 5.3s
2026-05-14 21:56:41,560 - src.base.trainer - INFO - Val loss decrease from 2.9811 to 2.9608, saving to True
2026-05-14 21:56:47,006 - src.base.trainer - INFO - epoch complete
2026-05-14 21:56:47,006 - src.base.trainer - INFO - evaluating now!
2026-05-14 21:56:47,588 - src.base.trainer - INFO - Epoch [9/250] (1590) train_mae: 2.4336, val_mae: 3.0097, lr: 0.001000, 5.4s
2026-05-14 21:56:48,495 - src.base.trainer - INFO - Epoch [10/250] (1600) train_mae: 2.3983, val_mae: 2.9385 
2026-05-14 21:56:48,497 - src.base.trainer - INFO - Val loss decrease from 2.9608 to 2.9385, saving to True
2026-05-14 21:56:53,606 - src.base.trainer - INFO - epoch complete
2026-05-14 21:56:53,606 - src.base.trainer - INFO - evaluating now!
2026-05-14 21:56:54,195 - src.base.trainer - INFO - Epoch [10/250] (1749) train_mae: 2.3981, val_mae: 2.9741, lr: 0.001000, 6.0s
2026-05-14 21:56:59,481 - src.base.trainer - INFO - epoch complete
2026-05-14 21:56:59,481 - src.base.trainer - INFO - evaluating now!
2026-05-14 21:57:00,100 - src.base.trainer - INFO - Epoch [11/250] (1908) train_mae: 2.3748, val_mae: 2.9717, lr: 0.001000, 5.3s
2026-05-14 21:57:03,742 - src.base.trainer - INFO - Epoch [12/250] (2000) train_mae: 2.3463, val_mae: 3.0495 
2026-05-14 21:57:05,985 - src.base.trainer - INFO - epoch complete
2026-05-14 21:57:05,985 - src.base.trainer - INFO - evaluating now!
2026-05-14 21:57:06,567 - src.base.trainer - INFO - Epoch [12/250] (2067) train_mae: 2.3556, val_mae: 3.0251, lr: 0.001000, 5.9s
2026-05-14 21:57:11,860 - src.base.trainer - INFO - epoch complete
2026-05-14 21:57:11,860 - src.base.trainer - INFO - evaluating now!
2026-05-14 21:57:12,476 - src.base.trainer - INFO - Epoch [13/250] (2226) train_mae: 2.3352, val_mae: 3.0846, lr: 0.001000, 5.3s
2026-05-14 21:57:18,096 - src.base.trainer - INFO - epoch complete
2026-05-14 21:57:18,096 - src.base.trainer - INFO - evaluating now!
2026-05-14 21:57:18,687 - src.base.trainer - INFO - Epoch [14/250] (2385) train_mae: 2.3354, val_mae: 2.9398, lr: 0.001000, 5.6s
2026-05-14 21:57:19,782 - src.base.trainer - INFO - Epoch [15/250] (2400) train_mae: 2.3516, val_mae: 2.9946 
2026-05-14 21:57:24,565 - src.base.trainer - INFO - epoch complete
2026-05-14 21:57:24,565 - src.base.trainer - INFO - evaluating now!
2026-05-14 21:57:25,154 - src.base.trainer - INFO - Epoch [15/250] (2544) train_mae: 2.3164, val_mae: 2.9636, lr: 0.001000, 5.9s
2026-05-14 21:57:30,604 - src.base.trainer - INFO - epoch complete
2026-05-14 21:57:30,605 - src.base.trainer - INFO - evaluating now!
2026-05-14 21:57:31,208 - src.base.trainer - INFO - Epoch [16/250] (2703) train_mae: 2.3137, val_mae: 2.9813, lr: 0.001000, 5.5s
2026-05-14 21:57:35,044 - src.base.trainer - INFO - Epoch [17/250] (2800) train_mae: 2.3206, val_mae: 2.9682 
2026-05-14 21:57:37,160 - src.base.trainer - INFO - epoch complete
2026-05-14 21:57:37,160 - src.base.trainer - INFO - evaluating now!
2026-05-14 21:57:37,797 - src.base.trainer - INFO - Epoch [17/250] (2862) train_mae: 2.2987, val_mae: 3.0124, lr: 0.001000, 6.0s
2026-05-14 21:57:43,623 - src.base.trainer - INFO - epoch complete
2026-05-14 21:57:43,623 - src.base.trainer - INFO - evaluating now!
2026-05-14 21:57:44,300 - src.base.trainer - INFO - Epoch [18/250] (3021) train_mae: 2.2919, val_mae: 2.9927, lr: 0.001000, 5.8s
2026-05-14 21:57:49,948 - src.base.trainer - INFO - epoch complete
2026-05-14 21:57:49,948 - src.base.trainer - INFO - evaluating now!
2026-05-14 21:57:50,539 - src.base.trainer - INFO - Epoch [19/250] (3180) train_mae: 2.2787, val_mae: 3.0436, lr: 0.001000, 5.6s
2026-05-14 21:57:51,795 - src.base.trainer - INFO - Epoch [20/250] (3200) train_mae: 2.4333, val_mae: 3.0386 
2026-05-14 21:57:56,484 - src.base.trainer - INFO - epoch complete
2026-05-14 21:57:56,484 - src.base.trainer - INFO - evaluating now!
2026-05-14 21:57:57,067 - src.base.trainer - INFO - Epoch [20/250] (3339) train_mae: 2.2692, val_mae: 3.0609, lr: 0.001000, 5.9s
2026-05-14 21:57:57,068 - src.base.trainer - INFO - Early stop at epoch 21, loss = 2.938548
2026-05-15 14:42:30,926 - src.base.trainer - INFO - the number of parameters: 50359
2026-05-15 14:42:30,927 - src.base.trainer - INFO - start training !!!!!
2026-05-15 14:42:36,184 - src.base.trainer - INFO - epoch complete
2026-05-15 14:42:36,184 - src.base.trainer - INFO - evaluating now!
2026-05-15 14:42:36,768 - src.base.trainer - INFO - Epoch [0/250] (159) train_mae: 5.3440, val_mae: 3.9350, lr: 0.001000, 5.3s
2026-05-15 14:42:36,774 - src.base.trainer - INFO - Val loss decrease from inf to 3.9350, saving to True
2026-05-15 14:42:42,166 - src.base.trainer - INFO - epoch complete
2026-05-15 14:42:42,166 - src.base.trainer - INFO - evaluating now!
2026-05-15 14:42:42,748 - src.base.trainer - INFO - Epoch [1/250] (318) train_mae: 3.1164, val_mae: 3.4386, lr: 0.001000, 5.4s
2026-05-15 14:42:42,750 - src.base.trainer - INFO - Val loss decrease from 3.9350 to 3.4386, saving to True
2026-05-15 14:42:46,177 - src.base.trainer - INFO - Epoch [2/250] (400) train_mae: 2.9039, val_mae: 3.2618 
2026-05-15 14:42:46,181 - src.base.trainer - INFO - Val loss decrease from 3.4386 to 3.2618, saving to True
2026-05-15 14:42:48,834 - src.base.trainer - INFO - epoch complete
2026-05-15 14:42:48,834 - src.base.trainer - INFO - evaluating now!
2026-05-15 14:42:49,427 - src.base.trainer - INFO - Epoch [2/250] (477) train_mae: 2.8337, val_mae: 3.2438, lr: 0.001000, 6.1s
2026-05-15 14:42:49,429 - src.base.trainer - INFO - Val loss decrease from 3.2618 to 3.2438, saving to True
2026-05-15 14:42:54,793 - src.base.trainer - INFO - epoch complete
2026-05-15 14:42:54,793 - src.base.trainer - INFO - evaluating now!
2026-05-15 14:42:55,373 - src.base.trainer - INFO - Epoch [3/250] (636) train_mae: 2.7253, val_mae: 3.1272, lr: 0.001000, 5.4s
2026-05-15 14:42:55,374 - src.base.trainer - INFO - Val loss decrease from 3.2438 to 3.1272, saving to True
2026-05-15 14:43:00,746 - src.base.trainer - INFO - epoch complete
2026-05-15 14:43:00,747 - src.base.trainer - INFO - evaluating now!
2026-05-15 14:43:01,344 - src.base.trainer - INFO - Epoch [4/250] (795) train_mae: 2.6724, val_mae: 3.1341, lr: 0.001000, 5.4s
2026-05-15 14:43:02,075 - src.base.trainer - INFO - Epoch [5/250] (800) train_mae: 2.6692, val_mae: 3.1427 
2026-05-15 14:43:07,095 - src.base.trainer - INFO - epoch complete
2026-05-15 14:43:07,095 - src.base.trainer - INFO - evaluating now!
2026-05-15 14:43:07,677 - src.base.trainer - INFO - Epoch [5/250] (954) train_mae: 2.6344, val_mae: 3.0472, lr: 0.001000, 5.8s
2026-05-15 14:43:07,678 - src.base.trainer - INFO - Val loss decrease from 3.1272 to 3.0472, saving to True
2026-05-15 14:43:13,034 - src.base.trainer - INFO - epoch complete
2026-05-15 14:43:13,034 - src.base.trainer - INFO - evaluating now!
2026-05-15 14:43:13,619 - src.base.trainer - INFO - Epoch [6/250] (1113) train_mae: 2.5972, val_mae: 3.0526, lr: 0.001000, 5.4s
2026-05-15 14:43:17,056 - src.base.trainer - INFO - Epoch [7/250] (1200) train_mae: 2.5743, val_mae: 3.0227 
2026-05-15 14:43:17,058 - src.base.trainer - INFO - Val loss decrease from 3.0472 to 3.0227, saving to True
2026-05-15 14:43:19,563 - src.base.trainer - INFO - epoch complete
2026-05-15 14:43:19,564 - src.base.trainer - INFO - evaluating now!
2026-05-15 14:43:20,148 - src.base.trainer - INFO - Epoch [7/250] (1272) train_mae: 2.5710, val_mae: 3.0438, lr: 0.001000, 5.9s
2026-05-15 14:43:25,346 - src.base.trainer - INFO - epoch complete
2026-05-15 14:43:25,346 - src.base.trainer - INFO - evaluating now!
2026-05-15 14:43:25,931 - src.base.trainer - INFO - Epoch [8/250] (1431) train_mae: 2.5530, val_mae: 3.0179, lr: 0.001000, 5.2s
2026-05-15 14:43:25,932 - src.base.trainer - INFO - Val loss decrease from 3.0227 to 3.0179, saving to True
2026-05-15 14:43:31,337 - src.base.trainer - INFO - epoch complete
2026-05-15 14:43:31,337 - src.base.trainer - INFO - evaluating now!
2026-05-15 14:43:31,921 - src.base.trainer - INFO - Epoch [9/250] (1590) train_mae: 2.5199, val_mae: 2.9826, lr: 0.001000, 5.4s
2026-05-15 14:43:31,922 - src.base.trainer - INFO - Val loss decrease from 3.0179 to 2.9826, saving to True
2026-05-15 14:43:32,954 - src.base.trainer - INFO - Epoch [10/250] (1600) train_mae: 2.5147, val_mae: 3.0320 
2026-05-15 14:43:37,919 - src.base.trainer - INFO - epoch complete
2026-05-15 14:43:37,919 - src.base.trainer - INFO - evaluating now!
2026-05-15 14:43:38,499 - src.base.trainer - INFO - Epoch [10/250] (1749) train_mae: 2.5066, val_mae: 3.0012, lr: 0.001000, 6.0s
2026-05-15 14:43:43,703 - src.base.trainer - INFO - epoch complete
2026-05-15 14:43:43,703 - src.base.trainer - INFO - evaluating now!
2026-05-15 14:43:44,285 - src.base.trainer - INFO - Epoch [11/250] (1908) train_mae: 2.4990, val_mae: 2.9576, lr: 0.001000, 5.2s
2026-05-15 14:43:44,286 - src.base.trainer - INFO - Val loss decrease from 2.9826 to 2.9576, saving to True
2026-05-15 14:43:48,116 - src.base.trainer - INFO - Epoch [12/250] (2000) train_mae: 2.4776, val_mae: 2.9618 
2026-05-15 14:43:50,346 - src.base.trainer - INFO - epoch complete
2026-05-15 14:43:50,346 - src.base.trainer - INFO - evaluating now!
2026-05-15 14:43:50,957 - src.base.trainer - INFO - Epoch [12/250] (2067) train_mae: 2.5063, val_mae: 2.9468, lr: 0.001000, 6.1s
2026-05-15 14:43:50,958 - src.base.trainer - INFO - Val loss decrease from 2.9576 to 2.9468, saving to True
2026-05-15 14:43:56,382 - src.base.trainer - INFO - epoch complete
2026-05-15 14:43:56,382 - src.base.trainer - INFO - evaluating now!
2026-05-15 14:43:56,972 - src.base.trainer - INFO - Epoch [13/250] (2226) train_mae: 2.4752, val_mae: 2.9632, lr: 0.001000, 5.4s
2026-05-15 14:44:02,255 - src.base.trainer - INFO - epoch complete
2026-05-15 14:44:02,255 - src.base.trainer - INFO - evaluating now!
2026-05-15 14:44:02,907 - src.base.trainer - INFO - Epoch [14/250] (2385) train_mae: 2.4562, val_mae: 3.0265, lr: 0.001000, 5.3s
2026-05-15 14:44:03,984 - src.base.trainer - INFO - Epoch [15/250] (2400) train_mae: 2.4803, val_mae: 2.9588 
2026-05-15 14:44:08,760 - src.base.trainer - INFO - epoch complete
2026-05-15 14:44:08,760 - src.base.trainer - INFO - evaluating now!
2026-05-15 14:44:09,345 - src.base.trainer - INFO - Epoch [15/250] (2544) train_mae: 2.4526, val_mae: 2.9793, lr: 0.001000, 5.9s
2026-05-15 14:44:14,647 - src.base.trainer - INFO - epoch complete
2026-05-15 14:44:14,648 - src.base.trainer - INFO - evaluating now!
2026-05-15 14:44:15,232 - src.base.trainer - INFO - Epoch [16/250] (2703) train_mae: 2.4495, val_mae: 2.9237, lr: 0.001000, 5.3s
2026-05-15 14:44:15,233 - src.base.trainer - INFO - Val loss decrease from 2.9468 to 2.9237, saving to True
2026-05-15 14:44:19,237 - src.base.trainer - INFO - Epoch [17/250] (2800) train_mae: 2.4411, val_mae: 2.9172 
2026-05-15 14:44:19,238 - src.base.trainer - INFO - Val loss decrease from 2.9237 to 2.9172, saving to True
2026-05-15 14:44:21,602 - src.base.trainer - INFO - epoch complete
2026-05-15 14:44:21,602 - src.base.trainer - INFO - evaluating now!
2026-05-15 14:44:22,218 - src.base.trainer - INFO - Epoch [17/250] (2862) train_mae: 2.4448, val_mae: 2.9205, lr: 0.001000, 6.4s
2026-05-15 14:44:28,097 - src.base.trainer - INFO - epoch complete
2026-05-15 14:44:28,098 - src.base.trainer - INFO - evaluating now!
2026-05-15 14:44:28,719 - src.base.trainer - INFO - Epoch [18/250] (3021) train_mae: 2.4182, val_mae: 2.9125, lr: 0.001000, 5.9s
2026-05-15 14:44:28,720 - src.base.trainer - INFO - Val loss decrease from 2.9172 to 2.9125, saving to True
2026-05-15 14:44:34,436 - src.base.trainer - INFO - epoch complete
2026-05-15 14:44:34,436 - src.base.trainer - INFO - evaluating now!
2026-05-15 14:44:35,090 - src.base.trainer - INFO - Epoch [19/250] (3180) train_mae: 2.4104, val_mae: 2.9126, lr: 0.001000, 5.7s
2026-05-15 14:44:36,590 - src.base.trainer - INFO - Epoch [20/250] (3200) train_mae: 2.3988, val_mae: 2.9255 
2026-05-15 14:44:42,087 - src.base.trainer - INFO - epoch complete
2026-05-15 14:44:42,087 - src.base.trainer - INFO - evaluating now!
2026-05-15 14:44:42,683 - src.base.trainer - INFO - Epoch [20/250] (3339) train_mae: 2.4009, val_mae: 2.9308, lr: 0.001000, 7.0s
2026-05-15 14:44:47,930 - src.base.trainer - INFO - epoch complete
2026-05-15 14:44:47,930 - src.base.trainer - INFO - evaluating now!
2026-05-15 14:44:48,518 - src.base.trainer - INFO - Epoch [21/250] (3498) train_mae: 2.3816, val_mae: 2.9286, lr: 0.001000, 5.2s
2026-05-15 14:44:52,465 - src.base.trainer - INFO - Epoch [22/250] (3600) train_mae: 2.3892, val_mae: 2.9165 
2026-05-15 14:44:54,389 - src.base.trainer - INFO - epoch complete
2026-05-15 14:44:54,389 - src.base.trainer - INFO - evaluating now!
2026-05-15 14:44:54,969 - src.base.trainer - INFO - Epoch [22/250] (3657) train_mae: 2.3793, val_mae: 2.9204, lr: 0.001000, 5.9s
2026-05-15 14:45:00,343 - src.base.trainer - INFO - epoch complete
2026-05-15 14:45:00,343 - src.base.trainer - INFO - evaluating now!
2026-05-15 14:45:00,923 - src.base.trainer - INFO - Epoch [23/250] (3816) train_mae: 2.3663, val_mae: 2.9477, lr: 0.001000, 5.4s
2026-05-15 14:45:06,163 - src.base.trainer - INFO - epoch complete
2026-05-15 14:45:06,163 - src.base.trainer - INFO - evaluating now!
2026-05-15 14:45:06,745 - src.base.trainer - INFO - Epoch [24/250] (3975) train_mae: 2.3493, val_mae: 2.9116, lr: 0.001000, 5.2s
2026-05-15 14:45:06,746 - src.base.trainer - INFO - Val loss decrease from 2.9125 to 2.9116, saving to True
2026-05-15 14:45:08,349 - src.base.trainer - INFO - Epoch [25/250] (4000) train_mae: 2.3336, val_mae: 2.9738 
2026-05-15 14:45:12,749 - src.base.trainer - INFO - epoch complete
2026-05-15 14:45:12,749 - src.base.trainer - INFO - evaluating now!
2026-05-15 14:45:13,331 - src.base.trainer - INFO - Epoch [25/250] (4134) train_mae: 2.3654, val_mae: 2.9368, lr: 0.001000, 6.0s
2026-05-15 14:45:18,618 - src.base.trainer - INFO - epoch complete
2026-05-15 14:45:18,618 - src.base.trainer - INFO - evaluating now!
2026-05-15 14:45:19,235 - src.base.trainer - INFO - Epoch [26/250] (4293) train_mae: 2.3448, val_mae: 2.9579, lr: 0.001000, 5.3s
2026-05-15 14:45:23,431 - src.base.trainer - INFO - Epoch [27/250] (4400) train_mae: 2.3204, val_mae: 2.9505 
2026-05-15 14:45:25,134 - src.base.trainer - INFO - epoch complete
2026-05-15 14:45:25,134 - src.base.trainer - INFO - evaluating now!
2026-05-15 14:45:25,714 - src.base.trainer - INFO - Epoch [27/250] (4452) train_mae: 2.3458, val_mae: 2.9542, lr: 0.001000, 5.9s
2026-05-15 14:45:30,941 - src.base.trainer - INFO - epoch complete
2026-05-15 14:45:30,941 - src.base.trainer - INFO - evaluating now!
2026-05-15 14:45:31,519 - src.base.trainer - INFO - Epoch [28/250] (4611) train_mae: 2.3433, val_mae: 2.8935, lr: 0.001000, 5.2s
2026-05-15 14:45:31,520 - src.base.trainer - INFO - Val loss decrease from 2.9116 to 2.8935, saving to True
2026-05-15 14:45:36,973 - src.base.trainer - INFO - epoch complete
2026-05-15 14:45:36,973 - src.base.trainer - INFO - evaluating now!
2026-05-15 14:45:37,565 - src.base.trainer - INFO - Epoch [29/250] (4770) train_mae: 2.3295, val_mae: 2.9294, lr: 0.001000, 5.5s
2026-05-15 14:45:39,142 - src.base.trainer - INFO - Epoch [30/250] (4800) train_mae: 2.2774, val_mae: 2.9267 
2026-05-15 14:45:43,396 - src.base.trainer - INFO - epoch complete
2026-05-15 14:45:43,396 - src.base.trainer - INFO - evaluating now!
2026-05-15 14:45:43,978 - src.base.trainer - INFO - Epoch [30/250] (4929) train_mae: 2.3373, val_mae: 2.9805, lr: 0.001000, 5.8s
2026-05-15 14:45:49,344 - src.base.trainer - INFO - epoch complete
2026-05-15 14:45:49,344 - src.base.trainer - INFO - evaluating now!
2026-05-15 14:45:49,925 - src.base.trainer - INFO - Epoch [31/250] (5088) train_mae: 2.3255, val_mae: 2.9740, lr: 0.001000, 5.4s
2026-05-15 14:45:54,184 - src.base.trainer - INFO - Epoch [32/250] (5200) train_mae: 2.3169, val_mae: 2.9600 
2026-05-15 14:45:55,716 - src.base.trainer - INFO - epoch complete
2026-05-15 14:45:55,717 - src.base.trainer - INFO - evaluating now!
2026-05-15 14:45:56,298 - src.base.trainer - INFO - Epoch [32/250] (5247) train_mae: 2.3217, val_mae: 2.9360, lr: 0.001000, 5.8s
2026-05-15 14:46:01,564 - src.base.trainer - INFO - epoch complete
2026-05-15 14:46:01,564 - src.base.trainer - INFO - evaluating now!
2026-05-15 14:46:02,148 - src.base.trainer - INFO - Epoch [33/250] (5406) train_mae: 2.3010, val_mae: 2.9242, lr: 0.001000, 5.3s
2026-05-15 14:46:07,848 - src.base.trainer - INFO - epoch complete
2026-05-15 14:46:07,848 - src.base.trainer - INFO - evaluating now!
2026-05-15 14:46:08,437 - src.base.trainer - INFO - Epoch [34/250] (5565) train_mae: 2.3105, val_mae: 2.9736, lr: 0.001000, 5.7s
2026-05-15 14:46:10,207 - src.base.trainer - INFO - Epoch [35/250] (5600) train_mae: 2.3006, val_mae: 2.9287 
2026-05-15 14:46:14,292 - src.base.trainer - INFO - epoch complete
2026-05-15 14:46:14,292 - src.base.trainer - INFO - evaluating now!
2026-05-15 14:46:14,873 - src.base.trainer - INFO - Epoch [35/250] (5724) train_mae: 2.2889, val_mae: 2.9807, lr: 0.001000, 5.9s
2026-05-15 14:46:20,102 - src.base.trainer - INFO - epoch complete
2026-05-15 14:46:20,103 - src.base.trainer - INFO - evaluating now!
2026-05-15 14:46:20,683 - src.base.trainer - INFO - Epoch [36/250] (5883) train_mae: 2.2884, val_mae: 2.9828, lr: 0.001000, 5.2s
2026-05-15 14:46:25,144 - src.base.trainer - INFO - Epoch [37/250] (6000) train_mae: 2.2769, val_mae: 2.9382 
2026-05-15 14:46:26,517 - src.base.trainer - INFO - epoch complete
2026-05-15 14:46:26,517 - src.base.trainer - INFO - evaluating now!
2026-05-15 14:46:27,094 - src.base.trainer - INFO - Epoch [37/250] (6042) train_mae: 2.2794, val_mae: 2.9470, lr: 0.001000, 5.8s
2026-05-15 14:46:32,311 - src.base.trainer - INFO - epoch complete
2026-05-15 14:46:32,311 - src.base.trainer - INFO - evaluating now!
2026-05-15 14:46:32,893 - src.base.trainer - INFO - Epoch [38/250] (6201) train_mae: 2.2924, val_mae: 3.0498, lr: 0.001000, 5.2s
2026-05-15 14:46:32,893 - src.base.trainer - INFO - Early stop at epoch 39, loss = 2.893466
2026-05-15 14:48:28,738 - src.base.trainer - INFO - the number of parameters: 50359
2026-05-15 14:48:28,738 - src.base.trainer - INFO - start training !!!!!
2026-05-15 14:48:34,286 - src.base.trainer - INFO - epoch complete
2026-05-15 14:48:34,286 - src.base.trainer - INFO - evaluating now!
2026-05-15 14:48:34,878 - src.base.trainer - INFO - Epoch [0/250] (159) train_mae: 5.3499, val_mae: 3.9638, lr: 0.001000, 5.5s
2026-05-15 14:48:34,883 - src.base.trainer - INFO - Val loss decrease from inf to 3.9638, saving to True
2026-05-15 14:48:40,318 - src.base.trainer - INFO - epoch complete
2026-05-15 14:48:40,318 - src.base.trainer - INFO - evaluating now!
2026-05-15 14:48:40,901 - src.base.trainer - INFO - Epoch [1/250] (318) train_mae: 3.0762, val_mae: 3.3685, lr: 0.001000, 5.4s
2026-05-15 14:48:40,902 - src.base.trainer - INFO - Val loss decrease from 3.9638 to 3.3685, saving to True
2026-05-15 14:48:44,409 - src.base.trainer - INFO - Epoch [2/250] (400) train_mae: 2.8216, val_mae: 3.2789 
2026-05-15 14:48:44,410 - src.base.trainer - INFO - Val loss decrease from 3.3685 to 3.2789, saving to True
2026-05-15 14:48:47,104 - src.base.trainer - INFO - epoch complete
2026-05-15 14:48:47,104 - src.base.trainer - INFO - evaluating now!
2026-05-15 14:48:47,693 - src.base.trainer - INFO - Epoch [2/250] (477) train_mae: 2.8035, val_mae: 3.1820, lr: 0.001000, 6.2s
2026-05-15 14:48:47,694 - src.base.trainer - INFO - Val loss decrease from 3.2789 to 3.1820, saving to True
2026-05-15 14:48:53,078 - src.base.trainer - INFO - epoch complete
2026-05-15 14:48:53,078 - src.base.trainer - INFO - evaluating now!
2026-05-15 14:48:53,661 - src.base.trainer - INFO - Epoch [3/250] (636) train_mae: 2.6681, val_mae: 3.1904, lr: 0.001000, 5.4s
2026-05-15 14:48:58,894 - src.base.trainer - INFO - epoch complete
2026-05-15 14:48:58,895 - src.base.trainer - INFO - evaluating now!
2026-05-15 14:48:59,482 - src.base.trainer - INFO - Epoch [4/250] (795) train_mae: 2.6250, val_mae: 3.0932, lr: 0.001000, 5.2s
2026-05-15 14:48:59,483 - src.base.trainer - INFO - Val loss decrease from 3.1820 to 3.0932, saving to True
2026-05-15 14:49:00,317 - src.base.trainer - INFO - Epoch [5/250] (800) train_mae: 2.8276, val_mae: 3.0413 
2026-05-15 14:49:00,319 - src.base.trainer - INFO - Val loss decrease from 3.0932 to 3.0413, saving to True
2026-05-15 14:49:05,686 - src.base.trainer - INFO - epoch complete
2026-05-15 14:49:05,686 - src.base.trainer - INFO - evaluating now!
2026-05-15 14:49:06,286 - src.base.trainer - INFO - Epoch [5/250] (954) train_mae: 2.5831, val_mae: 3.0408, lr: 0.001000, 6.2s
2026-05-15 14:49:06,287 - src.base.trainer - INFO - Val loss decrease from 3.0413 to 3.0408, saving to True
2026-05-15 14:49:12,366 - src.base.trainer - INFO - epoch complete
2026-05-15 14:49:12,366 - src.base.trainer - INFO - evaluating now!
2026-05-15 14:49:13,007 - src.base.trainer - INFO - Epoch [6/250] (1113) train_mae: 2.5369, val_mae: 3.0402, lr: 0.001000, 6.1s
2026-05-15 14:49:13,009 - src.base.trainer - INFO - Val loss decrease from 3.0408 to 3.0402, saving to True
2026-05-15 14:49:16,984 - src.base.trainer - INFO - Epoch [7/250] (1200) train_mae: 2.5286, val_mae: 2.9905 
2026-05-15 14:49:16,986 - src.base.trainer - INFO - Val loss decrease from 3.0402 to 2.9905, saving to True
2026-05-15 14:49:19,612 - src.base.trainer - INFO - epoch complete
2026-05-15 14:49:19,612 - src.base.trainer - INFO - evaluating now!
2026-05-15 14:49:20,210 - src.base.trainer - INFO - Epoch [7/250] (1272) train_mae: 2.5189, val_mae: 3.0023, lr: 0.001000, 6.6s
2026-05-15 15:00:44,216 - src.base.trainer - INFO - epoch complete
2026-05-15 15:00:44,216 - src.base.trainer - INFO - evaluating now!
2026-05-15 15:00:44,806 - src.base.trainer - INFO - Epoch [8/250] (1431) train_mae: 2.5132, val_mae: 3.0379, lr: 0.001000, 684.0s
2026-05-15 15:00:51,838 - src.base.trainer - INFO - epoch complete
2026-05-15 15:00:51,838 - src.base.trainer - INFO - evaluating now!
2026-05-15 15:00:52,658 - src.base.trainer - INFO - Epoch [9/250] (1590) train_mae: 2.4790, val_mae: 2.9610, lr: 0.001000, 7.0s
2026-05-15 15:00:52,662 - src.base.trainer - INFO - Val loss decrease from 2.9905 to 2.9610, saving to True
2026-05-15 15:00:54,364 - src.base.trainer - INFO - Epoch [10/250] (1600) train_mae: 2.6105, val_mae: 2.9774 
2026-05-15 15:01:00,766 - src.base.trainer - INFO - epoch complete
2026-05-15 15:01:00,766 - src.base.trainer - INFO - evaluating now!
2026-05-15 15:01:01,567 - src.base.trainer - INFO - Epoch [10/250] (1749) train_mae: 2.4904, val_mae: 2.9903, lr: 0.001000, 8.1s
2026-05-15 15:01:08,066 - src.base.trainer - INFO - epoch complete
2026-05-15 15:01:08,066 - src.base.trainer - INFO - evaluating now!
2026-05-15 15:01:08,930 - src.base.trainer - INFO - Epoch [11/250] (1908) train_mae: 2.4618, val_mae: 2.9711, lr: 0.001000, 6.5s
2026-05-15 15:01:13,490 - src.base.trainer - INFO - Epoch [12/250] (2000) train_mae: 2.4722, val_mae: 2.9444 
2026-05-15 15:01:13,491 - src.base.trainer - INFO - Val loss decrease from 2.9610 to 2.9444, saving to True
2026-05-15 15:01:17,007 - src.base.trainer - INFO - epoch complete
2026-05-15 15:01:17,007 - src.base.trainer - INFO - evaluating now!
2026-05-15 15:01:17,750 - src.base.trainer - INFO - Epoch [12/250] (2067) train_mae: 2.4454, val_mae: 2.9806, lr: 0.001000, 8.1s
2026-05-15 15:01:24,296 - src.base.trainer - INFO - epoch complete
2026-05-15 15:01:24,296 - src.base.trainer - INFO - evaluating now!
2026-05-15 15:01:25,086 - src.base.trainer - INFO - Epoch [13/250] (2226) train_mae: 2.4442, val_mae: 2.9420, lr: 0.001000, 6.5s
2026-05-15 15:01:25,091 - src.base.trainer - INFO - Val loss decrease from 2.9444 to 2.9420, saving to True
2026-05-15 15:10:44,564 - src.base.trainer - INFO - epoch complete
2026-05-15 15:10:44,564 - src.base.trainer - INFO - evaluating now!
2026-05-15 15:10:45,152 - src.base.trainer - INFO - Epoch [14/250] (2385) train_mae: 2.4244, val_mae: 2.9706, lr: 0.001000, 559.5s
2026-05-15 15:10:46,244 - src.base.trainer - INFO - Epoch [15/250] (2400) train_mae: 2.4866, val_mae: 2.9145 
2026-05-15 15:10:46,245 - src.base.trainer - INFO - Val loss decrease from 2.9420 to 2.9145, saving to True
2026-05-15 15:10:51,149 - src.base.trainer - INFO - epoch complete
2026-05-15 15:10:51,149 - src.base.trainer - INFO - evaluating now!
2026-05-15 15:10:51,749 - src.base.trainer - INFO - Epoch [15/250] (2544) train_mae: 2.4060, val_mae: 2.9389, lr: 0.001000, 6.0s
2026-05-15 15:10:57,028 - src.base.trainer - INFO - epoch complete
2026-05-15 15:10:57,028 - src.base.trainer - INFO - evaluating now!
2026-05-15 15:10:57,614 - src.base.trainer - INFO - Epoch [16/250] (2703) train_mae: 2.4076, val_mae: 2.9396, lr: 0.001000, 5.3s
2026-05-15 15:11:01,826 - src.base.trainer - INFO - Epoch [17/250] (2800) train_mae: 2.3682, val_mae: 2.9370 
2026-05-15 15:11:04,102 - src.base.trainer - INFO - epoch complete
2026-05-15 15:11:04,102 - src.base.trainer - INFO - evaluating now!
2026-05-15 15:11:04,780 - src.base.trainer - INFO - Epoch [17/250] (2862) train_mae: 2.3919, val_mae: 2.9522, lr: 0.001000, 6.5s
2026-05-15 15:11:11,031 - src.base.trainer - INFO - epoch complete
2026-05-15 15:11:11,031 - src.base.trainer - INFO - evaluating now!
2026-05-15 15:11:11,643 - src.base.trainer - INFO - Epoch [18/250] (3021) train_mae: 2.3741, val_mae: 2.9379, lr: 0.001000, 6.3s
2026-05-15 15:11:16,855 - src.base.trainer - INFO - epoch complete
2026-05-15 15:11:16,856 - src.base.trainer - INFO - evaluating now!
2026-05-15 15:11:17,437 - src.base.trainer - INFO - Epoch [19/250] (3180) train_mae: 2.3716, val_mae: 2.9177, lr: 0.001000, 5.2s
2026-05-15 15:11:18,665 - src.base.trainer - INFO - Epoch [20/250] (3200) train_mae: 2.2708, val_mae: 2.9010 
2026-05-15 15:11:18,667 - src.base.trainer - INFO - Val loss decrease from 2.9145 to 2.9010, saving to True
2026-05-15 15:11:23,403 - src.base.trainer - INFO - epoch complete
2026-05-15 15:11:23,403 - src.base.trainer - INFO - evaluating now!
2026-05-15 15:11:23,987 - src.base.trainer - INFO - Epoch [20/250] (3339) train_mae: 2.3546, val_mae: 2.9480, lr: 0.001000, 6.0s
2026-05-15 15:11:29,238 - src.base.trainer - INFO - epoch complete
2026-05-15 15:11:29,238 - src.base.trainer - INFO - evaluating now!
2026-05-15 15:11:29,844 - src.base.trainer - INFO - Epoch [21/250] (3498) train_mae: 2.3523, val_mae: 2.9630, lr: 0.001000, 5.3s
2026-05-15 15:11:33,852 - src.base.trainer - INFO - Epoch [22/250] (3600) train_mae: 2.3120, val_mae: 2.9328 
2026-05-15 15:11:35,809 - src.base.trainer - INFO - epoch complete
2026-05-15 15:11:35,810 - src.base.trainer - INFO - evaluating now!
2026-05-15 15:11:36,415 - src.base.trainer - INFO - Epoch [22/250] (3657) train_mae: 2.3355, val_mae: 2.8981, lr: 0.001000, 6.0s
2026-05-15 15:11:36,416 - src.base.trainer - INFO - Val loss decrease from 2.9010 to 2.8981, saving to True
2026-05-15 15:11:42,063 - src.base.trainer - INFO - epoch complete
2026-05-15 15:11:42,063 - src.base.trainer - INFO - evaluating now!
2026-05-15 15:11:42,647 - src.base.trainer - INFO - Epoch [23/250] (3816) train_mae: 2.3223, val_mae: 2.9001, lr: 0.001000, 5.6s
2026-05-15 15:11:47,952 - src.base.trainer - INFO - epoch complete
2026-05-15 15:11:47,952 - src.base.trainer - INFO - evaluating now!
2026-05-15 15:11:48,535 - src.base.trainer - INFO - Epoch [24/250] (3975) train_mae: 2.3229, val_mae: 2.8630, lr: 0.001000, 5.3s
2026-05-15 15:11:48,536 - src.base.trainer - INFO - Val loss decrease from 2.8981 to 2.8630, saving to True
2026-05-15 15:11:50,130 - src.base.trainer - INFO - Epoch [25/250] (4000) train_mae: 2.3736, val_mae: 2.8726 
2026-05-15 15:11:54,536 - src.base.trainer - INFO - epoch complete
2026-05-15 15:11:54,536 - src.base.trainer - INFO - evaluating now!
2026-05-15 15:11:55,121 - src.base.trainer - INFO - Epoch [25/250] (4134) train_mae: 2.3225, val_mae: 2.9075, lr: 0.001000, 6.0s
2026-05-15 15:12:00,445 - src.base.trainer - INFO - epoch complete
2026-05-15 15:12:00,445 - src.base.trainer - INFO - evaluating now!
2026-05-15 15:12:01,043 - src.base.trainer - INFO - Epoch [26/250] (4293) train_mae: 2.2914, val_mae: 2.8737, lr: 0.001000, 5.3s
2026-05-15 15:12:05,221 - src.base.trainer - INFO - Epoch [27/250] (4400) train_mae: 2.3124, val_mae: 2.8729 
2026-05-15 15:12:06,960 - src.base.trainer - INFO - epoch complete
2026-05-15 15:12:06,960 - src.base.trainer - INFO - evaluating now!
2026-05-15 15:12:07,883 - src.base.trainer - INFO - Epoch [27/250] (4452) train_mae: 2.2947, val_mae: 2.8970, lr: 0.001000, 5.9s
2026-05-15 15:12:13,340 - src.base.trainer - INFO - epoch complete
2026-05-15 15:12:13,340 - src.base.trainer - INFO - evaluating now!
2026-05-15 15:12:13,939 - src.base.trainer - INFO - Epoch [28/250] (4611) train_mae: 2.2948, val_mae: 2.9140, lr: 0.001000, 5.5s
2026-05-15 15:12:19,386 - src.base.trainer - INFO - epoch complete
2026-05-15 15:12:19,387 - src.base.trainer - INFO - evaluating now!
2026-05-15 15:12:19,998 - src.base.trainer - INFO - Epoch [29/250] (4770) train_mae: 2.2873, val_mae: 2.9266, lr: 0.001000, 5.4s
2026-05-15 15:12:21,663 - src.base.trainer - INFO - Epoch [30/250] (4800) train_mae: 2.3018, val_mae: 2.9026 
2026-05-15 15:12:26,042 - src.base.trainer - INFO - epoch complete
2026-05-15 15:12:26,042 - src.base.trainer - INFO - evaluating now!
2026-05-15 15:12:26,633 - src.base.trainer - INFO - Epoch [30/250] (4929) train_mae: 2.2977, val_mae: 2.9158, lr: 0.001000, 6.0s
2026-05-15 15:12:32,225 - src.base.trainer - INFO - epoch complete
2026-05-15 15:12:32,225 - src.base.trainer - INFO - evaluating now!
2026-05-15 15:12:33,045 - src.base.trainer - INFO - Epoch [31/250] (5088) train_mae: 2.2887, val_mae: 2.8818, lr: 0.001000, 5.6s
2026-05-15 15:12:37,467 - src.base.trainer - INFO - Epoch [32/250] (5200) train_mae: 2.2556, val_mae: 2.9202 
2026-05-15 15:12:39,082 - src.base.trainer - INFO - epoch complete
2026-05-15 15:12:39,082 - src.base.trainer - INFO - evaluating now!
2026-05-15 15:12:39,719 - src.base.trainer - INFO - Epoch [32/250] (5247) train_mae: 2.2762, val_mae: 2.8698, lr: 0.001000, 6.0s
2026-05-15 15:12:46,281 - src.base.trainer - INFO - epoch complete
2026-05-15 15:12:46,282 - src.base.trainer - INFO - evaluating now!
2026-05-15 15:12:47,266 - src.base.trainer - INFO - Epoch [33/250] (5406) train_mae: 2.2706, val_mae: 2.9579, lr: 0.001000, 6.6s
2026-05-15 15:12:55,220 - src.base.trainer - INFO - epoch complete
2026-05-15 15:12:55,220 - src.base.trainer - INFO - evaluating now!
2026-05-15 15:12:57,101 - src.base.trainer - INFO - Epoch [34/250] (5565) train_mae: 2.2568, val_mae: 2.8600, lr: 0.001000, 8.0s
2026-05-15 15:12:57,104 - src.base.trainer - INFO - Val loss decrease from 2.8630 to 2.8600, saving to True
2026-05-15 15:13:07,162 - src.base.trainer - INFO - Epoch [35/250] (5600) train_mae: 2.3124, val_mae: 2.9101 
2026-05-15 15:13:13,666 - src.base.trainer - INFO - epoch complete
2026-05-15 15:13:13,667 - src.base.trainer - INFO - evaluating now!
2026-05-15 15:13:14,292 - src.base.trainer - INFO - Epoch [35/250] (5724) train_mae: 2.2500, val_mae: 2.8832, lr: 0.001000, 16.6s
2026-05-15 15:13:21,908 - src.base.trainer - INFO - epoch complete
2026-05-15 15:13:21,908 - src.base.trainer - INFO - evaluating now!
2026-05-15 15:13:22,551 - src.base.trainer - INFO - Epoch [36/250] (5883) train_mae: 2.2641, val_mae: 2.8859, lr: 0.001000, 7.6s
2026-05-15 15:13:29,143 - src.base.trainer - INFO - Epoch [37/250] (6000) train_mae: 2.2585, val_mae: 2.8699 
2026-05-15 15:13:30,566 - src.base.trainer - INFO - epoch complete
2026-05-15 15:13:30,566 - src.base.trainer - INFO - evaluating now!
2026-05-15 15:13:31,330 - src.base.trainer - INFO - Epoch [37/250] (6042) train_mae: 2.2408, val_mae: 2.8960, lr: 0.001000, 8.0s
2026-05-15 15:13:37,855 - src.base.trainer - INFO - epoch complete
2026-05-15 15:13:37,858 - src.base.trainer - INFO - evaluating now!
2026-05-15 15:13:38,540 - src.base.trainer - INFO - Epoch [38/250] (6201) train_mae: 2.2473, val_mae: 2.8712, lr: 0.001000, 6.5s
2026-05-15 15:13:43,963 - src.base.trainer - INFO - epoch complete
2026-05-15 15:13:43,963 - src.base.trainer - INFO - evaluating now!
2026-05-15 15:13:44,625 - src.base.trainer - INFO - Epoch [39/250] (6360) train_mae: 2.2428, val_mae: 2.9513, lr: 0.001000, 5.4s
2026-05-15 15:13:46,663 - src.base.trainer - INFO - Epoch [40/250] (6400) train_mae: 2.2746, val_mae: 2.8973 
2026-05-15 15:13:51,117 - src.base.trainer - INFO - epoch complete
2026-05-15 15:13:51,118 - src.base.trainer - INFO - evaluating now!
2026-05-15 15:13:51,734 - src.base.trainer - INFO - Epoch [40/250] (6519) train_mae: 2.2273, val_mae: 2.9963, lr: 0.001000, 6.5s
2026-05-15 15:13:57,265 - src.base.trainer - INFO - epoch complete
2026-05-15 15:13:57,265 - src.base.trainer - INFO - evaluating now!
2026-05-15 15:13:57,915 - src.base.trainer - INFO - Epoch [41/250] (6678) train_mae: 2.2348, val_mae: 2.8980, lr: 0.001000, 5.5s
2026-05-15 15:14:02,689 - src.base.trainer - INFO - Epoch [42/250] (6800) train_mae: 2.2007, val_mae: 2.8767 
2026-05-15 15:14:03,918 - src.base.trainer - INFO - epoch complete
2026-05-15 15:14:03,920 - src.base.trainer - INFO - evaluating now!
2026-05-15 15:14:04,502 - src.base.trainer - INFO - Epoch [42/250] (6837) train_mae: 2.2239, val_mae: 2.9206, lr: 0.001000, 6.0s
2026-05-15 15:14:10,561 - src.base.trainer - INFO - epoch complete
2026-05-15 15:14:10,564 - src.base.trainer - INFO - evaluating now!
2026-05-15 15:14:11,170 - src.base.trainer - INFO - Epoch [43/250] (6996) train_mae: 2.2224, val_mae: 2.8815, lr: 0.001000, 6.1s
2026-05-15 15:14:16,524 - src.base.trainer - INFO - epoch complete
2026-05-15 15:14:16,524 - src.base.trainer - INFO - evaluating now!
2026-05-15 15:14:17,122 - src.base.trainer - INFO - Epoch [44/250] (7155) train_mae: 2.2174, val_mae: 2.8938, lr: 0.001000, 5.4s
2026-05-15 15:14:17,127 - src.base.trainer - INFO - Early stop at epoch 45, loss = 2.860038
2026-05-15 15:18:23,729 - src.base.trainer - INFO - the number of parameters: 50359
2026-05-15 15:18:23,729 - src.base.trainer - INFO - start training !!!!!
2026-05-15 15:18:29,311 - src.base.trainer - INFO - epoch complete
2026-05-15 15:18:29,311 - src.base.trainer - INFO - evaluating now!
2026-05-15 15:18:29,903 - src.base.trainer - INFO - Epoch [0/250] (159) train_mae: 5.0255, val_mae: 3.7645, lr: 0.001000, 5.6s
2026-05-15 15:18:29,908 - src.base.trainer - INFO - Val loss decrease from inf to 3.7645, saving to True
2026-05-15 15:18:35,584 - src.base.trainer - INFO - epoch complete
2026-05-15 15:18:35,584 - src.base.trainer - INFO - evaluating now!
2026-05-15 15:18:36,230 - src.base.trainer - INFO - Epoch [1/250] (318) train_mae: 2.9712, val_mae: 3.3906, lr: 0.001000, 5.7s
2026-05-15 15:18:36,231 - src.base.trainer - INFO - Val loss decrease from 3.7645 to 3.3906, saving to True
2026-05-15 15:18:40,016 - src.base.trainer - INFO - Epoch [2/250] (400) train_mae: 2.7286, val_mae: 3.1990 
2026-05-15 15:18:40,018 - src.base.trainer - INFO - Val loss decrease from 3.3906 to 3.1990, saving to True
2026-05-15 15:18:42,786 - src.base.trainer - INFO - epoch complete
2026-05-15 15:18:42,786 - src.base.trainer - INFO - evaluating now!
2026-05-15 15:18:43,374 - src.base.trainer - INFO - Epoch [2/250] (477) train_mae: 2.7310, val_mae: 3.1650, lr: 0.001000, 6.6s
2026-05-15 15:18:43,380 - src.base.trainer - INFO - Val loss decrease from 3.1990 to 3.1650, saving to True
2026-05-15 15:18:48,793 - src.base.trainer - INFO - epoch complete
2026-05-15 15:18:48,794 - src.base.trainer - INFO - evaluating now!
2026-05-15 15:18:49,374 - src.base.trainer - INFO - Epoch [3/250] (636) train_mae: 2.6537, val_mae: 3.1922, lr: 0.001000, 5.4s
2026-05-15 15:18:54,572 - src.base.trainer - INFO - epoch complete
2026-05-15 15:18:54,572 - src.base.trainer - INFO - evaluating now!
2026-05-15 15:18:55,153 - src.base.trainer - INFO - Epoch [4/250] (795) train_mae: 2.5999, val_mae: 3.0593, lr: 0.001000, 5.2s
2026-05-15 15:18:55,155 - src.base.trainer - INFO - Val loss decrease from 3.1650 to 3.0593, saving to True
2026-05-15 15:18:55,990 - src.base.trainer - INFO - Epoch [5/250] (800) train_mae: 2.5789, val_mae: 3.0349 
2026-05-15 15:18:55,991 - src.base.trainer - INFO - Val loss decrease from 3.0593 to 3.0349, saving to True
2026-05-15 15:19:01,325 - src.base.trainer - INFO - epoch complete
2026-05-15 15:19:01,325 - src.base.trainer - INFO - evaluating now!
2026-05-15 15:19:01,906 - src.base.trainer - INFO - Epoch [5/250] (954) train_mae: 2.5812, val_mae: 3.0062, lr: 0.001000, 6.2s
2026-05-15 15:19:01,908 - src.base.trainer - INFO - Val loss decrease from 3.0349 to 3.0062, saving to True
2026-05-15 15:19:07,308 - src.base.trainer - INFO - epoch complete
2026-05-15 15:19:07,308 - src.base.trainer - INFO - evaluating now!
2026-05-15 15:19:07,895 - src.base.trainer - INFO - Epoch [6/250] (1113) train_mae: 2.5491, val_mae: 3.0300, lr: 0.001000, 5.4s
2026-05-15 15:19:11,347 - src.base.trainer - INFO - Epoch [7/250] (1200) train_mae: 2.5401, val_mae: 3.0543 
2026-05-15 15:19:13,763 - src.base.trainer - INFO - epoch complete
2026-05-15 15:19:13,763 - src.base.trainer - INFO - evaluating now!
2026-05-15 15:19:14,343 - src.base.trainer - INFO - Epoch [7/250] (1272) train_mae: 2.5318, val_mae: 3.0295, lr: 0.001000, 5.9s
2026-05-15 15:19:19,590 - src.base.trainer - INFO - epoch complete
2026-05-15 15:19:19,590 - src.base.trainer - INFO - evaluating now!
2026-05-15 15:19:20,169 - src.base.trainer - INFO - Epoch [8/250] (1431) train_mae: 2.5128, val_mae: 2.9746, lr: 0.001000, 5.2s
2026-05-15 15:19:20,170 - src.base.trainer - INFO - Val loss decrease from 3.0062 to 2.9746, saving to True
2026-05-15 15:19:25,729 - src.base.trainer - INFO - epoch complete
2026-05-15 15:19:25,729 - src.base.trainer - INFO - evaluating now!
2026-05-15 15:19:26,308 - src.base.trainer - INFO - Epoch [9/250] (1590) train_mae: 2.5024, val_mae: 3.0072, lr: 0.001000, 5.6s
2026-05-15 15:19:27,202 - src.base.trainer - INFO - Epoch [10/250] (1600) train_mae: 2.2071, val_mae: 3.0063 
2026-05-15 15:19:32,095 - src.base.trainer - INFO - epoch complete
2026-05-15 15:19:32,096 - src.base.trainer - INFO - evaluating now!
2026-05-15 15:19:32,681 - src.base.trainer - INFO - Epoch [10/250] (1749) train_mae: 2.4661, val_mae: 3.0222, lr: 0.001000, 5.8s
2026-05-15 15:19:37,908 - src.base.trainer - INFO - epoch complete
2026-05-15 15:19:37,908 - src.base.trainer - INFO - evaluating now!
2026-05-15 15:19:38,491 - src.base.trainer - INFO - Epoch [11/250] (1908) train_mae: 2.4685, val_mae: 3.0309, lr: 0.001000, 5.2s
2026-05-15 15:19:42,092 - src.base.trainer - INFO - Epoch [12/250] (2000) train_mae: 2.4417, val_mae: 3.0142 
2026-05-15 15:19:44,310 - src.base.trainer - INFO - epoch complete
2026-05-15 15:19:44,310 - src.base.trainer - INFO - evaluating now!
2026-05-15 15:19:44,892 - src.base.trainer - INFO - Epoch [12/250] (2067) train_mae: 2.4431, val_mae: 2.9671, lr: 0.001000, 5.8s
2026-05-15 15:19:44,894 - src.base.trainer - INFO - Val loss decrease from 2.9746 to 2.9671, saving to True
2026-05-15 15:19:50,319 - src.base.trainer - INFO - epoch complete
2026-05-15 15:19:50,319 - src.base.trainer - INFO - evaluating now!
2026-05-15 15:19:50,898 - src.base.trainer - INFO - Epoch [13/250] (2226) train_mae: 2.4379, val_mae: 3.0710, lr: 0.001000, 5.4s
2026-05-15 15:19:56,115 - src.base.trainer - INFO - epoch complete
2026-05-15 15:19:56,115 - src.base.trainer - INFO - evaluating now!
2026-05-15 15:19:56,695 - src.base.trainer - INFO - Epoch [14/250] (2385) train_mae: 2.4361, val_mae: 3.0442, lr: 0.001000, 5.2s
2026-05-15 15:19:57,759 - src.base.trainer - INFO - Epoch [15/250] (2400) train_mae: 2.4735, val_mae: 2.9563 
2026-05-15 15:19:57,760 - src.base.trainer - INFO - Val loss decrease from 2.9671 to 2.9563, saving to True
2026-05-15 15:20:02,673 - src.base.trainer - INFO - epoch complete
2026-05-15 15:20:02,673 - src.base.trainer - INFO - evaluating now!
2026-05-15 15:20:03,260 - src.base.trainer - INFO - Epoch [15/250] (2544) train_mae: 2.4163, val_mae: 3.0671, lr: 0.001000, 6.0s
2026-05-15 15:20:08,599 - src.base.trainer - INFO - epoch complete
2026-05-15 15:20:08,600 - src.base.trainer - INFO - evaluating now!
2026-05-15 15:20:09,181 - src.base.trainer - INFO - Epoch [16/250] (2703) train_mae: 2.3973, val_mae: 2.9977, lr: 0.001000, 5.3s
2026-05-15 15:20:12,970 - src.base.trainer - INFO - Epoch [17/250] (2800) train_mae: 2.4066, val_mae: 2.9524 
2026-05-15 15:20:12,972 - src.base.trainer - INFO - Val loss decrease from 2.9563 to 2.9524, saving to True
2026-05-15 15:20:15,211 - src.base.trainer - INFO - epoch complete
2026-05-15 15:20:15,212 - src.base.trainer - INFO - evaluating now!
2026-05-15 15:20:15,794 - src.base.trainer - INFO - Epoch [17/250] (2862) train_mae: 2.3853, val_mae: 2.9641, lr: 0.001000, 6.0s
2026-05-15 15:20:21,148 - src.base.trainer - INFO - epoch complete
2026-05-15 15:20:21,148 - src.base.trainer - INFO - evaluating now!
2026-05-15 15:20:21,757 - src.base.trainer - INFO - Epoch [18/250] (3021) train_mae: 2.3793, val_mae: 2.9752, lr: 0.001000, 5.4s
2026-05-15 15:20:27,055 - src.base.trainer - INFO - epoch complete
2026-05-15 15:20:27,055 - src.base.trainer - INFO - evaluating now!
2026-05-15 15:20:27,637 - src.base.trainer - INFO - Epoch [19/250] (3180) train_mae: 2.3671, val_mae: 2.9663, lr: 0.001000, 5.3s
2026-05-15 15:20:28,894 - src.base.trainer - INFO - Epoch [20/250] (3200) train_mae: 2.3221, val_mae: 2.9203 
2026-05-15 15:20:28,895 - src.base.trainer - INFO - Val loss decrease from 2.9524 to 2.9203, saving to True
2026-05-15 15:20:34,057 - src.base.trainer - INFO - epoch complete
2026-05-15 15:20:34,057 - src.base.trainer - INFO - evaluating now!
2026-05-15 15:20:34,647 - src.base.trainer - INFO - Epoch [20/250] (3339) train_mae: 2.3685, val_mae: 2.9641, lr: 0.001000, 6.4s
2026-05-15 15:20:39,910 - src.base.trainer - INFO - epoch complete
2026-05-15 15:20:39,910 - src.base.trainer - INFO - evaluating now!
2026-05-15 15:20:40,490 - src.base.trainer - INFO - Epoch [21/250] (3498) train_mae: 2.3463, val_mae: 3.1139, lr: 0.001000, 5.3s
2026-05-15 15:20:44,445 - src.base.trainer - INFO - Epoch [22/250] (3600) train_mae: 2.3526, val_mae: 2.9925 
2026-05-15 15:20:46,327 - src.base.trainer - INFO - epoch complete
2026-05-15 15:20:46,328 - src.base.trainer - INFO - evaluating now!
2026-05-15 15:20:46,912 - src.base.trainer - INFO - Epoch [22/250] (3657) train_mae: 2.3376, val_mae: 2.9838, lr: 0.001000, 5.8s
2026-05-15 15:20:52,221 - src.base.trainer - INFO - epoch complete
2026-05-15 15:20:52,221 - src.base.trainer - INFO - evaluating now!
2026-05-15 15:20:52,804 - src.base.trainer - INFO - Epoch [23/250] (3816) train_mae: 2.3359, val_mae: 2.9536, lr: 0.001000, 5.3s
2026-05-15 15:20:58,191 - src.base.trainer - INFO - epoch complete
2026-05-15 15:20:58,193 - src.base.trainer - INFO - evaluating now!
2026-05-15 15:20:58,784 - src.base.trainer - INFO - Epoch [24/250] (3975) train_mae: 2.3155, val_mae: 3.1253, lr: 0.001000, 5.4s
2026-05-15 15:21:00,213 - src.base.trainer - INFO - Epoch [25/250] (4000) train_mae: 2.4010, val_mae: 3.0221 
2026-05-15 15:21:04,681 - src.base.trainer - INFO - epoch complete
2026-05-15 15:21:04,681 - src.base.trainer - INFO - evaluating now!
2026-05-15 15:21:05,269 - src.base.trainer - INFO - Epoch [25/250] (4134) train_mae: 2.3338, val_mae: 3.0163, lr: 0.001000, 5.9s
2026-05-15 15:21:10,587 - src.base.trainer - INFO - epoch complete
2026-05-15 15:21:10,587 - src.base.trainer - INFO - evaluating now!
2026-05-15 15:21:11,168 - src.base.trainer - INFO - Epoch [26/250] (4293) train_mae: 2.3181, val_mae: 2.9849, lr: 0.001000, 5.3s
2026-05-15 15:21:15,352 - src.base.trainer - INFO - Epoch [27/250] (4400) train_mae: 2.3060, val_mae: 2.9991 
2026-05-15 15:21:17,073 - src.base.trainer - INFO - epoch complete
2026-05-15 15:21:17,075 - src.base.trainer - INFO - evaluating now!
2026-05-15 15:21:17,670 - src.base.trainer - INFO - Epoch [27/250] (4452) train_mae: 2.3068, val_mae: 2.9813, lr: 0.001000, 5.9s
2026-05-15 15:21:23,023 - src.base.trainer - INFO - epoch complete
2026-05-15 15:21:23,023 - src.base.trainer - INFO - evaluating now!
2026-05-15 15:21:23,612 - src.base.trainer - INFO - Epoch [28/250] (4611) train_mae: 2.2978, val_mae: 2.9998, lr: 0.001000, 5.4s
2026-05-15 15:21:28,862 - src.base.trainer - INFO - epoch complete
2026-05-15 15:21:28,863 - src.base.trainer - INFO - evaluating now!
2026-05-15 15:21:29,446 - src.base.trainer - INFO - Epoch [29/250] (4770) train_mae: 2.2815, val_mae: 2.9707, lr: 0.001000, 5.2s
2026-05-15 15:21:31,016 - src.base.trainer - INFO - Epoch [30/250] (4800) train_mae: 2.3019, val_mae: 3.0108 
2026-05-15 15:21:35,264 - src.base.trainer - INFO - epoch complete
2026-05-15 15:21:35,264 - src.base.trainer - INFO - evaluating now!
2026-05-15 15:21:35,845 - src.base.trainer - INFO - Epoch [30/250] (4929) train_mae: 2.2748, val_mae: 3.0663, lr: 0.001000, 5.8s
2026-05-15 15:21:35,845 - src.base.trainer - INFO - Early stop at epoch 31, loss = 2.920318
2026-05-15 15:24:05,115 - src.base.trainer - INFO - the number of parameters: 50359
2026-05-15 15:24:05,116 - src.base.trainer - INFO - start training !!!!!
2026-05-15 15:24:10,603 - src.base.trainer - INFO - epoch complete
2026-05-15 15:24:10,604 - src.base.trainer - INFO - evaluating now!
2026-05-15 15:24:11,190 - src.base.trainer - INFO - Epoch [0/250] (159) train_mae: 5.2027, val_mae: 3.8274, lr: 0.001000, 5.5s
2026-05-15 15:24:11,194 - src.base.trainer - INFO - Val loss decrease from inf to 3.8274, saving to True
2026-05-15 15:24:16,684 - src.base.trainer - INFO - epoch complete
2026-05-15 15:24:16,685 - src.base.trainer - INFO - evaluating now!
2026-05-15 15:24:17,263 - src.base.trainer - INFO - Epoch [1/250] (318) train_mae: 2.9779, val_mae: 3.3212, lr: 0.001000, 5.5s
2026-05-15 15:24:17,265 - src.base.trainer - INFO - Val loss decrease from 3.8274 to 3.3212, saving to True
2026-05-15 15:24:20,816 - src.base.trainer - INFO - Epoch [2/250] (400) train_mae: 2.7206, val_mae: 3.2049 
2026-05-15 15:24:20,818 - src.base.trainer - INFO - Val loss decrease from 3.3212 to 3.2049, saving to True
2026-05-15 15:24:23,506 - src.base.trainer - INFO - epoch complete
2026-05-15 15:24:23,506 - src.base.trainer - INFO - evaluating now!
2026-05-15 15:24:24,090 - src.base.trainer - INFO - Epoch [2/250] (477) train_mae: 2.7163, val_mae: 3.1469, lr: 0.001000, 6.2s
2026-05-15 15:24:24,091 - src.base.trainer - INFO - Val loss decrease from 3.2049 to 3.1469, saving to True
2026-05-15 15:24:29,511 - src.base.trainer - INFO - epoch complete
2026-05-15 15:24:29,511 - src.base.trainer - INFO - evaluating now!
2026-05-15 15:24:30,088 - src.base.trainer - INFO - Epoch [3/250] (636) train_mae: 2.6290, val_mae: 3.1095, lr: 0.001000, 5.4s
2026-05-15 15:24:30,090 - src.base.trainer - INFO - Val loss decrease from 3.1469 to 3.1095, saving to True
2026-05-15 15:24:35,552 - src.base.trainer - INFO - epoch complete
2026-05-15 15:24:35,552 - src.base.trainer - INFO - evaluating now!
2026-05-15 15:24:36,130 - src.base.trainer - INFO - Epoch [4/250] (795) train_mae: 2.5934, val_mae: 3.0702, lr: 0.001000, 5.5s
2026-05-15 15:24:36,132 - src.base.trainer - INFO - Val loss decrease from 3.1095 to 3.0702, saving to True
2026-05-15 15:24:36,967 - src.base.trainer - INFO - Epoch [5/250] (800) train_mae: 2.5042, val_mae: 3.0180 
2026-05-15 15:24:36,968 - src.base.trainer - INFO - Val loss decrease from 3.0702 to 3.0180, saving to True
2026-05-15 15:24:42,877 - src.base.trainer - INFO - epoch complete
2026-05-15 15:24:42,877 - src.base.trainer - INFO - evaluating now!
2026-05-15 15:24:43,457 - src.base.trainer - INFO - Epoch [5/250] (954) train_mae: 2.5480, val_mae: 3.0768, lr: 0.001000, 6.7s
2026-05-15 15:24:48,702 - src.base.trainer - INFO - epoch complete
2026-05-15 15:24:48,702 - src.base.trainer - INFO - evaluating now!
2026-05-15 15:24:49,283 - src.base.trainer - INFO - Epoch [6/250] (1113) train_mae: 2.5205, val_mae: 3.0079, lr: 0.001000, 5.2s
2026-05-15 15:24:49,284 - src.base.trainer - INFO - Val loss decrease from 3.0180 to 3.0079, saving to True
2026-05-15 15:24:52,938 - src.base.trainer - INFO - Epoch [7/250] (1200) train_mae: 2.5179, val_mae: 2.9786 
2026-05-15 15:24:52,939 - src.base.trainer - INFO - Val loss decrease from 3.0079 to 2.9786, saving to True
2026-05-15 15:24:55,490 - src.base.trainer - INFO - epoch complete
2026-05-15 15:24:55,491 - src.base.trainer - INFO - evaluating now!
2026-05-15 15:24:56,073 - src.base.trainer - INFO - Epoch [7/250] (1272) train_mae: 2.5262, val_mae: 2.9824, lr: 0.001000, 6.2s
2026-05-15 15:25:01,305 - src.base.trainer - INFO - epoch complete
2026-05-15 15:25:01,305 - src.base.trainer - INFO - evaluating now!
2026-05-15 15:25:01,885 - src.base.trainer - INFO - Epoch [8/250] (1431) train_mae: 2.4905, val_mae: 2.9844, lr: 0.001000, 5.2s
2026-05-15 15:25:07,156 - src.base.trainer - INFO - epoch complete
2026-05-15 15:25:07,156 - src.base.trainer - INFO - evaluating now!
2026-05-15 15:25:07,735 - src.base.trainer - INFO - Epoch [9/250] (1590) train_mae: 2.4738, val_mae: 2.9475, lr: 0.001000, 5.3s
2026-05-15 15:25:07,737 - src.base.trainer - INFO - Val loss decrease from 2.9786 to 2.9475, saving to True
2026-05-15 15:25:08,774 - src.base.trainer - INFO - Epoch [10/250] (1600) train_mae: 2.4573, val_mae: 2.9438 
2026-05-15 15:25:08,776 - src.base.trainer - INFO - Val loss decrease from 2.9475 to 2.9438, saving to True
2026-05-15 15:25:14,051 - src.base.trainer - INFO - epoch complete
2026-05-15 15:25:14,051 - src.base.trainer - INFO - evaluating now!
2026-05-15 15:25:14,677 - src.base.trainer - INFO - Epoch [10/250] (1749) train_mae: 2.4664, val_mae: 2.9679, lr: 0.001000, 6.3s
2026-05-15 15:25:19,945 - src.base.trainer - INFO - epoch complete
2026-05-15 15:25:19,945 - src.base.trainer - INFO - evaluating now!
2026-05-15 15:25:20,525 - src.base.trainer - INFO - Epoch [11/250] (1908) train_mae: 2.4663, val_mae: 2.9418, lr: 0.001000, 5.3s
2026-05-15 15:25:20,526 - src.base.trainer - INFO - Val loss decrease from 2.9438 to 2.9418, saving to True
2026-05-15 15:25:24,319 - src.base.trainer - INFO - Epoch [12/250] (2000) train_mae: 2.4408, val_mae: 2.9189 
2026-05-15 15:25:24,321 - src.base.trainer - INFO - Val loss decrease from 2.9418 to 2.9189, saving to True
2026-05-15 15:25:26,687 - src.base.trainer - INFO - epoch complete
2026-05-15 15:25:26,687 - src.base.trainer - INFO - evaluating now!
2026-05-15 15:25:27,303 - src.base.trainer - INFO - Epoch [12/250] (2067) train_mae: 2.4424, val_mae: 2.9107, lr: 0.001000, 6.2s
2026-05-15 15:25:27,305 - src.base.trainer - INFO - Val loss decrease from 2.9189 to 2.9107, saving to True
2026-05-15 15:25:32,742 - src.base.trainer - INFO - epoch complete
2026-05-15 15:25:32,742 - src.base.trainer - INFO - evaluating now!
2026-05-15 15:25:33,319 - src.base.trainer - INFO - Epoch [13/250] (2226) train_mae: 2.4323, val_mae: 2.9312, lr: 0.001000, 5.4s
2026-05-15 15:25:38,581 - src.base.trainer - INFO - epoch complete
2026-05-15 15:25:38,581 - src.base.trainer - INFO - evaluating now!
2026-05-15 15:25:39,160 - src.base.trainer - INFO - Epoch [14/250] (2385) train_mae: 2.4230, val_mae: 2.9149, lr: 0.001000, 5.3s
2026-05-15 15:25:40,233 - src.base.trainer - INFO - Epoch [15/250] (2400) train_mae: 2.3964, val_mae: 2.9178 
2026-05-15 15:25:44,981 - src.base.trainer - INFO - epoch complete
2026-05-15 15:25:44,981 - src.base.trainer - INFO - evaluating now!
2026-05-15 15:25:45,564 - src.base.trainer - INFO - Epoch [15/250] (2544) train_mae: 2.4188, val_mae: 2.9801, lr: 0.001000, 5.8s
2026-05-15 15:25:50,835 - src.base.trainer - INFO - epoch complete
2026-05-15 15:25:50,835 - src.base.trainer - INFO - evaluating now!
2026-05-15 15:25:51,415 - src.base.trainer - INFO - Epoch [16/250] (2703) train_mae: 2.4053, val_mae: 2.9818, lr: 0.001000, 5.3s
2026-05-15 15:25:55,202 - src.base.trainer - INFO - Epoch [17/250] (2800) train_mae: 2.4049, val_mae: 2.8943 
2026-05-15 15:25:55,203 - src.base.trainer - INFO - Val loss decrease from 2.9107 to 2.8943, saving to True
2026-05-15 15:25:57,421 - src.base.trainer - INFO - epoch complete
2026-05-15 15:25:57,421 - src.base.trainer - INFO - evaluating now!
2026-05-15 15:25:58,000 - src.base.trainer - INFO - Epoch [17/250] (2862) train_mae: 2.4010, val_mae: 2.9715, lr: 0.001000, 6.0s
2026-05-15 15:26:03,271 - src.base.trainer - INFO - epoch complete
2026-05-15 15:26:03,271 - src.base.trainer - INFO - evaluating now!
2026-05-15 15:26:03,846 - src.base.trainer - INFO - Epoch [18/250] (3021) train_mae: 2.3811, val_mae: 2.9147, lr: 0.001000, 5.3s
2026-05-15 15:26:09,121 - src.base.trainer - INFO - epoch complete
2026-05-15 15:26:09,121 - src.base.trainer - INFO - evaluating now!
2026-05-15 15:26:09,713 - src.base.trainer - INFO - Epoch [19/250] (3180) train_mae: 2.3713, val_mae: 3.0058, lr: 0.001000, 5.3s
2026-05-15 15:26:10,945 - src.base.trainer - INFO - Epoch [20/250] (3200) train_mae: 2.5118, val_mae: 2.9301 
2026-05-15 15:26:15,532 - src.base.trainer - INFO - epoch complete
2026-05-15 15:26:15,533 - src.base.trainer - INFO - evaluating now!
2026-05-15 15:26:16,112 - src.base.trainer - INFO - Epoch [20/250] (3339) train_mae: 2.3665, val_mae: 2.9129, lr: 0.001000, 5.8s
2026-05-15 15:26:21,403 - src.base.trainer - INFO - epoch complete
2026-05-15 15:26:21,403 - src.base.trainer - INFO - evaluating now!
2026-05-15 15:26:21,982 - src.base.trainer - INFO - Epoch [21/250] (3498) train_mae: 2.3787, val_mae: 2.9182, lr: 0.001000, 5.3s
2026-05-15 15:26:25,941 - src.base.trainer - INFO - Epoch [22/250] (3600) train_mae: 2.3539, val_mae: 2.8771 
2026-05-15 15:26:25,942 - src.base.trainer - INFO - Val loss decrease from 2.8943 to 2.8771, saving to True
2026-05-15 15:26:28,091 - src.base.trainer - INFO - epoch complete
2026-05-15 15:26:28,091 - src.base.trainer - INFO - evaluating now!
2026-05-15 15:26:28,668 - src.base.trainer - INFO - Epoch [22/250] (3657) train_mae: 2.3471, val_mae: 2.9353, lr: 0.001000, 6.1s
2026-05-15 15:26:33,918 - src.base.trainer - INFO - epoch complete
2026-05-15 15:26:33,918 - src.base.trainer - INFO - evaluating now!
2026-05-15 15:26:34,504 - src.base.trainer - INFO - Epoch [23/250] (3816) train_mae: 2.3510, val_mae: 2.9385, lr: 0.001000, 5.2s
2026-05-15 15:26:39,749 - src.base.trainer - INFO - epoch complete
2026-05-15 15:26:39,749 - src.base.trainer - INFO - evaluating now!
2026-05-15 15:26:40,328 - src.base.trainer - INFO - Epoch [24/250] (3975) train_mae: 2.3306, val_mae: 2.8861, lr: 0.001000, 5.2s
2026-05-15 15:26:41,724 - src.base.trainer - INFO - Epoch [25/250] (4000) train_mae: 2.2858, val_mae: 2.9679 
2026-05-15 15:26:46,154 - src.base.trainer - INFO - epoch complete
2026-05-15 15:26:46,155 - src.base.trainer - INFO - evaluating now!
2026-05-15 15:26:46,733 - src.base.trainer - INFO - Epoch [25/250] (4134) train_mae: 2.3255, val_mae: 2.9472, lr: 0.001000, 5.8s
2026-05-15 15:26:51,985 - src.base.trainer - INFO - epoch complete
2026-05-15 15:26:51,985 - src.base.trainer - INFO - evaluating now!
2026-05-15 15:26:52,563 - src.base.trainer - INFO - Epoch [26/250] (4293) train_mae: 2.3251, val_mae: 2.9281, lr: 0.001000, 5.3s
2026-05-15 15:26:56,707 - src.base.trainer - INFO - Epoch [27/250] (4400) train_mae: 2.3354, val_mae: 3.1246 
2026-05-15 15:26:58,434 - src.base.trainer - INFO - epoch complete
2026-05-15 15:26:58,434 - src.base.trainer - INFO - evaluating now!
2026-05-15 15:26:59,013 - src.base.trainer - INFO - Epoch [27/250] (4452) train_mae: 2.3281, val_mae: 2.9142, lr: 0.001000, 5.9s
2026-05-15 15:27:04,263 - src.base.trainer - INFO - epoch complete
2026-05-15 15:27:04,263 - src.base.trainer - INFO - evaluating now!
2026-05-15 15:27:04,862 - src.base.trainer - INFO - Epoch [28/250] (4611) train_mae: 2.3062, val_mae: 2.8952, lr: 0.001000, 5.2s
2026-05-15 15:27:10,135 - src.base.trainer - INFO - epoch complete
2026-05-15 15:27:10,135 - src.base.trainer - INFO - evaluating now!
2026-05-15 15:27:10,733 - src.base.trainer - INFO - Epoch [29/250] (4770) train_mae: 2.3081, val_mae: 2.9407, lr: 0.001000, 5.3s
2026-05-15 15:27:12,760 - src.base.trainer - INFO - Epoch [30/250] (4800) train_mae: 2.3433, val_mae: 3.0782 
2026-05-15 15:27:17,106 - src.base.trainer - INFO - epoch complete
2026-05-15 15:27:17,106 - src.base.trainer - INFO - evaluating now!
2026-05-15 15:27:17,683 - src.base.trainer - INFO - Epoch [30/250] (4929) train_mae: 2.3085, val_mae: 3.1637, lr: 0.001000, 6.4s
2026-05-15 15:27:22,944 - src.base.trainer - INFO - epoch complete
2026-05-15 15:27:22,946 - src.base.trainer - INFO - evaluating now!
2026-05-15 15:27:23,527 - src.base.trainer - INFO - Epoch [31/250] (5088) train_mae: 2.2927, val_mae: 2.9554, lr: 0.001000, 5.3s
2026-05-15 15:27:27,802 - src.base.trainer - INFO - Epoch [32/250] (5200) train_mae: 2.2868, val_mae: 2.9636 
2026-05-15 15:27:29,457 - src.base.trainer - INFO - epoch complete
2026-05-15 15:27:29,457 - src.base.trainer - INFO - evaluating now!
2026-05-15 15:27:30,048 - src.base.trainer - INFO - Epoch [32/250] (5247) train_mae: 2.2925, val_mae: 3.0308, lr: 0.001000, 5.9s
2026-05-15 15:27:30,048 - src.base.trainer - INFO - Early stop at epoch 33, loss = 2.877095
2026-05-15 15:27:54,703 - src.base.trainer - INFO - the number of parameters: 50359
2026-05-15 15:27:54,704 - src.base.trainer - INFO - start training !!!!!
2026-05-15 15:28:00,005 - src.base.trainer - INFO - epoch complete
2026-05-15 15:28:00,005 - src.base.trainer - INFO - evaluating now!
2026-05-15 15:28:00,592 - src.base.trainer - INFO - Epoch [0/250] (159) train_mae: 5.2325, val_mae: 3.8128, lr: 0.001000, 5.3s
2026-05-15 15:28:00,599 - src.base.trainer - INFO - Val loss decrease from inf to 3.8128, saving to True
2026-05-15 15:28:06,083 - src.base.trainer - INFO - epoch complete
2026-05-15 15:28:06,083 - src.base.trainer - INFO - evaluating now!
2026-05-15 15:28:06,668 - src.base.trainer - INFO - Epoch [1/250] (318) train_mae: 2.9516, val_mae: 3.2854, lr: 0.001000, 5.5s
2026-05-15 15:28:06,670 - src.base.trainer - INFO - Val loss decrease from 3.8128 to 3.2854, saving to True
2026-05-15 15:28:10,241 - src.base.trainer - INFO - Epoch [2/250] (400) train_mae: 2.7748, val_mae: 3.1905 
2026-05-15 15:28:10,242 - src.base.trainer - INFO - Val loss decrease from 3.2854 to 3.1905, saving to True
2026-05-15 15:28:12,965 - src.base.trainer - INFO - epoch complete
2026-05-15 15:28:12,965 - src.base.trainer - INFO - evaluating now!
2026-05-15 15:28:13,552 - src.base.trainer - INFO - Epoch [2/250] (477) train_mae: 2.7136, val_mae: 3.1411, lr: 0.001000, 6.3s
2026-05-15 15:28:13,553 - src.base.trainer - INFO - Val loss decrease from 3.1905 to 3.1411, saving to True
2026-05-15 15:28:19,001 - src.base.trainer - INFO - epoch complete
2026-05-15 15:28:19,001 - src.base.trainer - INFO - evaluating now!
2026-05-15 15:28:19,587 - src.base.trainer - INFO - Epoch [3/250] (636) train_mae: 2.6404, val_mae: 3.1158, lr: 0.001000, 5.4s
2026-05-15 15:28:19,588 - src.base.trainer - INFO - Val loss decrease from 3.1411 to 3.1158, saving to True
2026-05-15 15:28:25,036 - src.base.trainer - INFO - epoch complete
2026-05-15 15:28:25,036 - src.base.trainer - INFO - evaluating now!
2026-05-15 15:28:25,619 - src.base.trainer - INFO - Epoch [4/250] (795) train_mae: 2.5864, val_mae: 3.0713, lr: 0.001000, 5.4s
2026-05-15 15:28:25,621 - src.base.trainer - INFO - Val loss decrease from 3.1158 to 3.0713, saving to True
2026-05-15 15:28:26,456 - src.base.trainer - INFO - Epoch [5/250] (800) train_mae: 2.6339, val_mae: 3.0463 
2026-05-15 15:28:26,457 - src.base.trainer - INFO - Val loss decrease from 3.0713 to 3.0463, saving to True
2026-05-15 15:28:31,845 - src.base.trainer - INFO - epoch complete
2026-05-15 15:28:31,845 - src.base.trainer - INFO - evaluating now!
2026-05-15 15:28:32,432 - src.base.trainer - INFO - Epoch [5/250] (954) train_mae: 2.5741, val_mae: 3.0608, lr: 0.001000, 6.2s
2026-05-15 15:28:37,763 - src.base.trainer - INFO - epoch complete
2026-05-15 15:28:37,763 - src.base.trainer - INFO - evaluating now!
2026-05-15 15:28:38,347 - src.base.trainer - INFO - Epoch [6/250] (1113) train_mae: 2.5421, val_mae: 3.1077, lr: 0.001000, 5.3s
2026-05-15 15:28:41,807 - src.base.trainer - INFO - Epoch [7/250] (1200) train_mae: 2.5138, val_mae: 2.9977 
2026-05-15 15:28:41,809 - src.base.trainer - INFO - Val loss decrease from 3.0463 to 2.9977, saving to True
2026-05-15 15:28:44,370 - src.base.trainer - INFO - epoch complete
2026-05-15 15:28:44,370 - src.base.trainer - INFO - evaluating now!
2026-05-15 15:28:44,953 - src.base.trainer - INFO - Epoch [7/250] (1272) train_mae: 2.5157, val_mae: 3.0498, lr: 0.001000, 6.0s
2026-05-15 15:28:50,230 - src.base.trainer - INFO - epoch complete
2026-05-15 15:28:50,231 - src.base.trainer - INFO - evaluating now!
2026-05-15 15:28:50,816 - src.base.trainer - INFO - Epoch [8/250] (1431) train_mae: 2.5114, val_mae: 2.9661, lr: 0.001000, 5.3s
2026-05-15 15:28:50,818 - src.base.trainer - INFO - Val loss decrease from 2.9977 to 2.9661, saving to True
2026-05-15 15:28:56,361 - src.base.trainer - INFO - epoch complete
2026-05-15 15:28:56,361 - src.base.trainer - INFO - evaluating now!
2026-05-15 15:28:56,950 - src.base.trainer - INFO - Epoch [9/250] (1590) train_mae: 2.4870, val_mae: 2.9740, lr: 0.001000, 5.5s
2026-05-15 15:28:57,860 - src.base.trainer - INFO - Epoch [10/250] (1600) train_mae: 2.5187, val_mae: 2.9689 
2026-05-15 15:29:02,844 - src.base.trainer - INFO - epoch complete
2026-05-15 15:29:02,844 - src.base.trainer - INFO - evaluating now!
2026-05-15 15:29:03,428 - src.base.trainer - INFO - Epoch [10/250] (1749) train_mae: 2.4812, val_mae: 2.9518, lr: 0.001000, 5.9s
2026-05-15 15:29:03,430 - src.base.trainer - INFO - Val loss decrease from 2.9661 to 2.9518, saving to True
2026-05-15 15:29:08,953 - src.base.trainer - INFO - epoch complete
2026-05-15 15:29:08,953 - src.base.trainer - INFO - evaluating now!
2026-05-15 15:29:09,536 - src.base.trainer - INFO - Epoch [11/250] (1908) train_mae: 2.4515, val_mae: 2.9189, lr: 0.001000, 5.5s
2026-05-15 15:29:09,538 - src.base.trainer - INFO - Val loss decrease from 2.9518 to 2.9189, saving to True
2026-05-15 15:29:13,361 - src.base.trainer - INFO - Epoch [12/250] (2000) train_mae: 2.4892, val_mae: 2.9151 
2026-05-15 15:29:13,362 - src.base.trainer - INFO - Val loss decrease from 2.9189 to 2.9151, saving to True
2026-05-15 15:29:15,746 - src.base.trainer - INFO - epoch complete
2026-05-15 15:29:15,746 - src.base.trainer - INFO - evaluating now!
2026-05-15 15:29:16,340 - src.base.trainer - INFO - Epoch [12/250] (2067) train_mae: 2.4474, val_mae: 2.9076, lr: 0.001000, 6.2s
2026-05-15 15:29:16,341 - src.base.trainer - INFO - Val loss decrease from 2.9151 to 2.9076, saving to True
2026-05-15 15:29:21,819 - src.base.trainer - INFO - epoch complete
2026-05-15 15:29:21,819 - src.base.trainer - INFO - evaluating now!
2026-05-15 15:29:22,405 - src.base.trainer - INFO - Epoch [13/250] (2226) train_mae: 2.4394, val_mae: 2.9099, lr: 0.001000, 5.5s
2026-05-15 15:29:27,736 - src.base.trainer - INFO - epoch complete
2026-05-15 15:29:27,736 - src.base.trainer - INFO - evaluating now!
2026-05-15 15:29:28,320 - src.base.trainer - INFO - Epoch [14/250] (2385) train_mae: 2.4266, val_mae: 2.9035, lr: 0.001000, 5.3s
2026-05-15 15:29:28,322 - src.base.trainer - INFO - Val loss decrease from 2.9076 to 2.9035, saving to True
2026-05-15 15:29:29,577 - src.base.trainer - INFO - Epoch [15/250] (2400) train_mae: 2.3098, val_mae: 2.8899 
2026-05-15 15:29:29,578 - src.base.trainer - INFO - Val loss decrease from 2.9035 to 2.8899, saving to True
2026-05-15 15:29:34,667 - src.base.trainer - INFO - epoch complete
2026-05-15 15:29:34,667 - src.base.trainer - INFO - evaluating now!
2026-05-15 15:29:35,259 - src.base.trainer - INFO - Epoch [15/250] (2544) train_mae: 2.4235, val_mae: 2.9191, lr: 0.001000, 6.3s
2026-05-15 15:29:40,614 - src.base.trainer - INFO - epoch complete
2026-05-15 15:29:40,614 - src.base.trainer - INFO - evaluating now!
2026-05-15 15:29:41,207 - src.base.trainer - INFO - Epoch [16/250] (2703) train_mae: 2.4136, val_mae: 2.8924, lr: 0.001000, 5.4s
2026-05-15 15:29:45,070 - src.base.trainer - INFO - Epoch [17/250] (2800) train_mae: 2.4096, val_mae: 2.8901 
2026-05-15 15:29:47,152 - src.base.trainer - INFO - epoch complete
2026-05-15 15:29:47,152 - src.base.trainer - INFO - evaluating now!
2026-05-15 15:29:47,742 - src.base.trainer - INFO - Epoch [17/250] (2862) train_mae: 2.4111, val_mae: 2.9096, lr: 0.001000, 5.9s
2026-05-15 15:29:53,061 - src.base.trainer - INFO - epoch complete
2026-05-15 15:29:53,061 - src.base.trainer - INFO - evaluating now!
2026-05-15 15:29:53,649 - src.base.trainer - INFO - Epoch [18/250] (3021) train_mae: 2.4078, val_mae: 2.9281, lr: 0.001000, 5.3s
2026-05-15 15:29:59,000 - src.base.trainer - INFO - epoch complete
2026-05-15 15:29:59,000 - src.base.trainer - INFO - evaluating now!
2026-05-15 15:29:59,605 - src.base.trainer - INFO - Epoch [19/250] (3180) train_mae: 2.3930, val_mae: 2.9214, lr: 0.001000, 5.4s
2026-05-15 15:30:00,894 - src.base.trainer - INFO - Epoch [20/250] (3200) train_mae: 2.4607, val_mae: 2.8696 
2026-05-15 15:30:00,895 - src.base.trainer - INFO - Val loss decrease from 2.8899 to 2.8696, saving to True
2026-05-15 15:30:05,822 - src.base.trainer - INFO - epoch complete
2026-05-15 15:30:05,822 - src.base.trainer - INFO - evaluating now!
2026-05-15 15:30:06,429 - src.base.trainer - INFO - Epoch [20/250] (3339) train_mae: 2.3822, val_mae: 2.8881, lr: 0.001000, 6.2s
2026-05-15 15:30:11,938 - src.base.trainer - INFO - epoch complete
2026-05-15 15:30:11,938 - src.base.trainer - INFO - evaluating now!
2026-05-15 15:30:12,554 - src.base.trainer - INFO - Epoch [21/250] (3498) train_mae: 2.3898, val_mae: 2.9352, lr: 0.001000, 5.5s
2026-05-15 15:30:16,814 - src.base.trainer - INFO - Epoch [22/250] (3600) train_mae: 2.4393, val_mae: 2.8605 
2026-05-15 15:30:16,817 - src.base.trainer - INFO - Val loss decrease from 2.8696 to 2.8605, saving to True
2026-05-15 15:30:19,400 - src.base.trainer - INFO - epoch complete
2026-05-15 15:30:19,400 - src.base.trainer - INFO - evaluating now!
2026-05-15 15:30:20,154 - src.base.trainer - INFO - Epoch [22/250] (3657) train_mae: 2.3811, val_mae: 2.8298, lr: 0.001000, 6.8s
2026-05-15 15:30:20,155 - src.base.trainer - INFO - Val loss decrease from 2.8605 to 2.8298, saving to True
2026-05-15 15:30:25,950 - src.base.trainer - INFO - epoch complete
2026-05-15 15:30:25,950 - src.base.trainer - INFO - evaluating now!
2026-05-15 15:30:26,533 - src.base.trainer - INFO - Epoch [23/250] (3816) train_mae: 2.3797, val_mae: 2.8798, lr: 0.001000, 5.8s
2026-05-15 15:30:31,812 - src.base.trainer - INFO - epoch complete
2026-05-15 15:30:31,813 - src.base.trainer - INFO - evaluating now!
2026-05-15 15:30:32,406 - src.base.trainer - INFO - Epoch [24/250] (3975) train_mae: 2.3787, val_mae: 2.8605, lr: 0.001000, 5.3s
2026-05-15 15:30:33,824 - src.base.trainer - INFO - Epoch [25/250] (4000) train_mae: 2.2783, val_mae: 2.8651 
2026-05-15 15:30:38,670 - src.base.trainer - INFO - epoch complete
2026-05-15 15:30:38,670 - src.base.trainer - INFO - evaluating now!
2026-05-15 15:30:39,262 - src.base.trainer - INFO - Epoch [25/250] (4134) train_mae: 2.3649, val_mae: 2.8706, lr: 0.001000, 6.3s
2026-05-15 15:30:44,594 - src.base.trainer - INFO - epoch complete
2026-05-15 15:30:44,594 - src.base.trainer - INFO - evaluating now!
2026-05-15 15:30:45,189 - src.base.trainer - INFO - Epoch [26/250] (4293) train_mae: 2.3752, val_mae: 2.8809, lr: 0.001000, 5.3s
2026-05-15 15:30:49,330 - src.base.trainer - INFO - Epoch [27/250] (4400) train_mae: 2.4178, val_mae: 2.8473 
2026-05-15 15:30:51,041 - src.base.trainer - INFO - epoch complete
2026-05-15 15:30:51,041 - src.base.trainer - INFO - evaluating now!
2026-05-15 15:30:51,629 - src.base.trainer - INFO - Epoch [27/250] (4452) train_mae: 2.3521, val_mae: 2.8873, lr: 0.001000, 5.9s
2026-05-15 15:30:56,913 - src.base.trainer - INFO - epoch complete
2026-05-15 15:30:56,913 - src.base.trainer - INFO - evaluating now!
2026-05-15 15:30:57,508 - src.base.trainer - INFO - Epoch [28/250] (4611) train_mae: 2.3573, val_mae: 2.8843, lr: 0.001000, 5.3s
2026-05-15 15:31:02,786 - src.base.trainer - INFO - epoch complete
2026-05-15 15:31:02,786 - src.base.trainer - INFO - evaluating now!
2026-05-15 15:31:03,375 - src.base.trainer - INFO - Epoch [29/250] (4770) train_mae: 2.3668, val_mae: 2.8611, lr: 0.001000, 5.3s
2026-05-15 15:31:04,955 - src.base.trainer - INFO - Epoch [30/250] (4800) train_mae: 2.3861, val_mae: 2.8483 
2026-05-15 15:31:09,286 - src.base.trainer - INFO - epoch complete
2026-05-15 15:31:09,286 - src.base.trainer - INFO - evaluating now!
2026-05-15 15:31:09,868 - src.base.trainer - INFO - Epoch [30/250] (4929) train_mae: 2.3186, val_mae: 2.9021, lr: 0.001000, 5.9s
2026-05-15 15:31:15,173 - src.base.trainer - INFO - epoch complete
2026-05-15 15:31:15,174 - src.base.trainer - INFO - evaluating now!
2026-05-15 15:31:15,757 - src.base.trainer - INFO - Epoch [31/250] (5088) train_mae: 2.3412, val_mae: 2.8934, lr: 0.001000, 5.3s
2026-05-15 15:31:20,068 - src.base.trainer - INFO - Epoch [32/250] (5200) train_mae: 2.3323, val_mae: 2.8726 
2026-05-15 15:31:21,621 - src.base.trainer - INFO - epoch complete
2026-05-15 15:31:21,621 - src.base.trainer - INFO - evaluating now!
2026-05-15 15:31:22,212 - src.base.trainer - INFO - Epoch [32/250] (5247) train_mae: 2.3353, val_mae: 2.8599, lr: 0.001000, 5.9s
2026-05-15 15:31:22,212 - src.base.trainer - INFO - Early stop at epoch 33, loss = 2.829786
2026-05-15 15:36:41,679 - src.base.trainer - INFO - the number of parameters: 50359
2026-05-15 15:36:41,679 - src.base.trainer - INFO - start training !!!!!
2026-05-15 15:36:47,119 - src.base.trainer - INFO - epoch complete
2026-05-15 15:36:47,119 - src.base.trainer - INFO - evaluating now!
2026-05-15 15:36:47,702 - src.base.trainer - INFO - Epoch [0/250] (159) train_mae: 5.4189, val_mae: 3.9500, lr: 0.001000, 5.4s
2026-05-15 15:36:47,707 - src.base.trainer - INFO - Val loss decrease from inf to 3.9500, saving to True
2026-05-15 15:36:53,138 - src.base.trainer - INFO - epoch complete
2026-05-15 15:36:53,138 - src.base.trainer - INFO - evaluating now!
2026-05-15 15:36:53,716 - src.base.trainer - INFO - Epoch [1/250] (318) train_mae: 3.0149, val_mae: 3.3356, lr: 0.001000, 5.4s
2026-05-15 15:36:53,718 - src.base.trainer - INFO - Val loss decrease from 3.9500 to 3.3356, saving to True
2026-05-15 15:36:57,204 - src.base.trainer - INFO - Epoch [2/250] (400) train_mae: 2.7618, val_mae: 3.2332 
2026-05-15 15:36:57,206 - src.base.trainer - INFO - Val loss decrease from 3.3356 to 3.2332, saving to True
2026-05-15 15:36:59,897 - src.base.trainer - INFO - epoch complete
2026-05-15 15:36:59,897 - src.base.trainer - INFO - evaluating now!
2026-05-15 15:37:00,478 - src.base.trainer - INFO - Epoch [2/250] (477) train_mae: 2.7400, val_mae: 3.1890, lr: 0.001000, 6.2s
2026-05-15 15:37:00,480 - src.base.trainer - INFO - Val loss decrease from 3.2332 to 3.1890, saving to True
2026-05-15 15:37:05,905 - src.base.trainer - INFO - epoch complete
2026-05-15 15:37:05,905 - src.base.trainer - INFO - evaluating now!
2026-05-15 15:37:06,492 - src.base.trainer - INFO - Epoch [3/250] (636) train_mae: 2.6445, val_mae: 3.1167, lr: 0.001000, 5.4s
2026-05-15 15:37:06,493 - src.base.trainer - INFO - Val loss decrease from 3.1890 to 3.1167, saving to True
2026-05-15 15:37:12,665 - src.base.trainer - INFO - epoch complete
2026-05-15 15:37:12,665 - src.base.trainer - INFO - evaluating now!
2026-05-15 15:37:13,260 - src.base.trainer - INFO - Epoch [4/250] (795) train_mae: 2.5969, val_mae: 3.0945, lr: 0.001000, 6.2s
2026-05-15 15:37:13,262 - src.base.trainer - INFO - Val loss decrease from 3.1167 to 3.0945, saving to True
2026-05-15 15:37:14,103 - src.base.trainer - INFO - Epoch [5/250] (800) train_mae: 2.5548, val_mae: 3.0388 
2026-05-15 15:37:14,104 - src.base.trainer - INFO - Val loss decrease from 3.0945 to 3.0388, saving to True
2026-05-15 15:37:19,593 - src.base.trainer - INFO - epoch complete
2026-05-15 15:37:19,594 - src.base.trainer - INFO - evaluating now!
2026-05-15 15:37:20,180 - src.base.trainer - INFO - Epoch [5/250] (954) train_mae: 2.5580, val_mae: 3.0374, lr: 0.001000, 6.3s
2026-05-15 15:37:20,182 - src.base.trainer - INFO - Val loss decrease from 3.0388 to 3.0374, saving to True
2026-05-15 15:37:25,765 - src.base.trainer - INFO - epoch complete
2026-05-15 15:37:25,765 - src.base.trainer - INFO - evaluating now!
2026-05-15 15:37:26,348 - src.base.trainer - INFO - Epoch [6/250] (1113) train_mae: 2.5302, val_mae: 3.0568, lr: 0.001000, 5.6s
2026-05-15 15:37:29,877 - src.base.trainer - INFO - Epoch [7/250] (1200) train_mae: 2.5265, val_mae: 3.0438 
2026-05-15 15:37:32,270 - src.base.trainer - INFO - epoch complete
2026-05-15 15:37:32,270 - src.base.trainer - INFO - evaluating now!
2026-05-15 15:37:32,848 - src.base.trainer - INFO - Epoch [7/250] (1272) train_mae: 2.4989, val_mae: 2.9803, lr: 0.001000, 5.9s
2026-05-15 15:37:32,849 - src.base.trainer - INFO - Val loss decrease from 3.0374 to 2.9803, saving to True
2026-05-15 15:37:38,314 - src.base.trainer - INFO - epoch complete
2026-05-15 15:37:38,315 - src.base.trainer - INFO - evaluating now!
2026-05-15 15:37:38,896 - src.base.trainer - INFO - Epoch [8/250] (1431) train_mae: 2.4768, val_mae: 3.1040, lr: 0.001000, 5.5s
2026-05-15 15:37:44,162 - src.base.trainer - INFO - epoch complete
2026-05-15 15:37:44,162 - src.base.trainer - INFO - evaluating now!
2026-05-15 15:37:44,742 - src.base.trainer - INFO - Epoch [9/250] (1590) train_mae: 2.4542, val_mae: 3.0064, lr: 0.001000, 5.3s
2026-05-15 15:37:45,647 - src.base.trainer - INFO - Epoch [10/250] (1600) train_mae: 2.5032, val_mae: 2.9999 
2026-05-15 15:37:50,573 - src.base.trainer - INFO - epoch complete
2026-05-15 15:37:50,573 - src.base.trainer - INFO - evaluating now!
2026-05-15 15:37:51,161 - src.base.trainer - INFO - Epoch [10/250] (1749) train_mae: 2.4346, val_mae: 2.9691, lr: 0.001000, 5.8s
2026-05-15 15:37:51,162 - src.base.trainer - INFO - Val loss decrease from 2.9803 to 2.9691, saving to True
2026-05-15 15:37:56,580 - src.base.trainer - INFO - epoch complete
2026-05-15 15:37:56,581 - src.base.trainer - INFO - evaluating now!
2026-05-15 15:37:57,161 - src.base.trainer - INFO - Epoch [11/250] (1908) train_mae: 2.4176, val_mae: 3.0561, lr: 0.001000, 5.4s
2026-05-15 15:38:00,800 - src.base.trainer - INFO - Epoch [12/250] (2000) train_mae: 2.3472, val_mae: 3.0243 
2026-05-15 15:38:03,005 - src.base.trainer - INFO - epoch complete
2026-05-15 15:38:03,005 - src.base.trainer - INFO - evaluating now!
2026-05-15 15:38:03,588 - src.base.trainer - INFO - Epoch [12/250] (2067) train_mae: 2.3946, val_mae: 3.0870, lr: 0.001000, 5.8s
2026-05-15 15:38:08,871 - src.base.trainer - INFO - epoch complete
2026-05-15 15:38:08,871 - src.base.trainer - INFO - evaluating now!
2026-05-15 15:38:09,452 - src.base.trainer - INFO - Epoch [13/250] (2226) train_mae: 2.3931, val_mae: 3.0789, lr: 0.001000, 5.3s
2026-05-15 15:38:14,775 - src.base.trainer - INFO - epoch complete
2026-05-15 15:38:14,775 - src.base.trainer - INFO - evaluating now!
2026-05-15 15:38:15,357 - src.base.trainer - INFO - Epoch [14/250] (2385) train_mae: 2.3825, val_mae: 3.0948, lr: 0.001000, 5.3s
2026-05-15 15:38:16,448 - src.base.trainer - INFO - Epoch [15/250] (2400) train_mae: 2.4673, val_mae: 3.0917 
2026-05-15 15:38:21,217 - src.base.trainer - INFO - epoch complete
2026-05-15 15:38:21,217 - src.base.trainer - INFO - evaluating now!
2026-05-15 15:38:21,839 - src.base.trainer - INFO - Epoch [15/250] (2544) train_mae: 2.3606, val_mae: 3.1816, lr: 0.001000, 5.9s
2026-05-15 15:38:27,118 - src.base.trainer - INFO - epoch complete
2026-05-15 15:38:27,118 - src.base.trainer - INFO - evaluating now!
2026-05-15 15:38:27,699 - src.base.trainer - INFO - Epoch [16/250] (2703) train_mae: 2.3479, val_mae: 3.1118, lr: 0.001000, 5.3s
2026-05-15 15:38:31,513 - src.base.trainer - INFO - Epoch [17/250] (2800) train_mae: 2.3301, val_mae: 3.1251 
2026-05-15 15:38:33,575 - src.base.trainer - INFO - epoch complete
2026-05-15 15:38:33,575 - src.base.trainer - INFO - evaluating now!
2026-05-15 15:38:34,153 - src.base.trainer - INFO - Epoch [17/250] (2862) train_mae: 2.3376, val_mae: 3.1012, lr: 0.001000, 5.9s
2026-05-15 15:38:39,414 - src.base.trainer - INFO - epoch complete
2026-05-15 15:38:39,414 - src.base.trainer - INFO - evaluating now!
2026-05-15 15:38:39,995 - src.base.trainer - INFO - Epoch [18/250] (3021) train_mae: 2.3298, val_mae: 3.2057, lr: 0.001000, 5.3s
2026-05-15 15:38:45,266 - src.base.trainer - INFO - epoch complete
2026-05-15 15:38:45,266 - src.base.trainer - INFO - evaluating now!
2026-05-15 15:38:45,851 - src.base.trainer - INFO - Epoch [19/250] (3180) train_mae: 2.3134, val_mae: 3.1297, lr: 0.001000, 5.3s
2026-05-15 15:38:47,091 - src.base.trainer - INFO - Epoch [20/250] (3200) train_mae: 2.3347, val_mae: 3.1223 
2026-05-15 15:38:51,699 - src.base.trainer - INFO - epoch complete
2026-05-15 15:38:51,699 - src.base.trainer - INFO - evaluating now!
2026-05-15 15:38:52,286 - src.base.trainer - INFO - Epoch [20/250] (3339) train_mae: 2.2974, val_mae: 3.0540, lr: 0.001000, 5.8s
2026-05-15 15:38:52,286 - src.base.trainer - INFO - Early stop at epoch 21, loss = 2.969112
2026-05-15 15:51:50,150 - src.base.trainer - INFO - the number of parameters: 50359
2026-05-15 15:51:50,150 - src.base.trainer - INFO - start training !!!!!
2026-05-15 15:51:55,957 - src.base.trainer - INFO - epoch complete
2026-05-15 15:51:55,958 - src.base.trainer - INFO - evaluating now!
2026-05-15 15:51:56,568 - src.base.trainer - INFO - Epoch [0/250] (159) train_mae: 5.4396, val_mae: 3.9118, lr: 0.001000, 5.8s
2026-05-15 15:51:56,575 - src.base.trainer - INFO - Val loss decrease from inf to 3.9118, saving to True
2026-05-15 15:52:02,422 - src.base.trainer - INFO - epoch complete
2026-05-15 15:52:02,422 - src.base.trainer - INFO - evaluating now!
2026-05-15 15:52:03,049 - src.base.trainer - INFO - Epoch [1/250] (318) train_mae: 2.9981, val_mae: 3.3034, lr: 0.001000, 5.8s
2026-05-15 15:52:03,051 - src.base.trainer - INFO - Val loss decrease from 3.9118 to 3.3034, saving to True
2026-05-15 15:52:06,584 - src.base.trainer - INFO - Epoch [2/250] (400) train_mae: 2.7219, val_mae: 3.2083 
2026-05-15 15:52:06,586 - src.base.trainer - INFO - Val loss decrease from 3.3034 to 3.2083, saving to True
2026-05-15 15:52:09,886 - src.base.trainer - INFO - epoch complete
2026-05-15 15:52:09,886 - src.base.trainer - INFO - evaluating now!
2026-05-15 15:52:10,570 - src.base.trainer - INFO - Epoch [2/250] (477) train_mae: 2.7232, val_mae: 3.2180, lr: 0.001000, 6.8s
2026-05-15 15:52:16,741 - src.base.trainer - INFO - epoch complete
2026-05-15 15:52:16,742 - src.base.trainer - INFO - evaluating now!
2026-05-15 15:52:17,412 - src.base.trainer - INFO - Epoch [3/250] (636) train_mae: 2.6310, val_mae: 3.0966, lr: 0.001000, 6.2s
2026-05-15 15:52:17,414 - src.base.trainer - INFO - Val loss decrease from 3.2083 to 3.0966, saving to True
2026-05-15 15:52:23,354 - src.base.trainer - INFO - epoch complete
2026-05-15 15:52:23,355 - src.base.trainer - INFO - evaluating now!
2026-05-15 15:52:23,941 - src.base.trainer - INFO - Epoch [4/250] (795) train_mae: 2.5964, val_mae: 3.0576, lr: 0.001000, 5.9s
2026-05-15 15:52:23,942 - src.base.trainer - INFO - Val loss decrease from 3.0966 to 3.0576, saving to True
2026-05-15 15:52:24,903 - src.base.trainer - INFO - Epoch [5/250] (800) train_mae: 2.4339, val_mae: 3.0565 
2026-05-15 15:52:24,908 - src.base.trainer - INFO - Val loss decrease from 3.0576 to 3.0565, saving to True
2026-05-15 15:52:30,487 - src.base.trainer - INFO - epoch complete
2026-05-15 15:52:30,487 - src.base.trainer - INFO - evaluating now!
2026-05-15 15:52:31,078 - src.base.trainer - INFO - Epoch [5/250] (954) train_mae: 2.5521, val_mae: 3.0094, lr: 0.001000, 6.5s
2026-05-15 15:52:31,079 - src.base.trainer - INFO - Val loss decrease from 3.0565 to 3.0094, saving to True
2026-05-15 15:52:36,698 - src.base.trainer - INFO - epoch complete
2026-05-15 15:52:36,698 - src.base.trainer - INFO - evaluating now!
2026-05-15 15:52:37,346 - src.base.trainer - INFO - Epoch [6/250] (1113) train_mae: 2.5442, val_mae: 3.0441, lr: 0.001000, 5.6s
2026-05-15 15:52:41,257 - src.base.trainer - INFO - Epoch [7/250] (1200) train_mae: 2.5118, val_mae: 3.0778 
2026-05-15 15:52:43,905 - src.base.trainer - INFO - epoch complete
2026-05-15 15:52:43,905 - src.base.trainer - INFO - evaluating now!
2026-05-15 15:52:44,536 - src.base.trainer - INFO - Epoch [7/250] (1272) train_mae: 2.5083, val_mae: 3.0572, lr: 0.001000, 6.6s
2026-05-15 15:52:50,189 - src.base.trainer - INFO - epoch complete
2026-05-15 15:52:50,191 - src.base.trainer - INFO - evaluating now!
2026-05-15 15:52:50,812 - src.base.trainer - INFO - Epoch [8/250] (1431) train_mae: 2.4959, val_mae: 2.9791, lr: 0.001000, 5.7s
2026-05-15 15:52:50,814 - src.base.trainer - INFO - Val loss decrease from 3.0094 to 2.9791, saving to True
2026-05-15 15:56:29,994 - src.base.trainer - INFO - the number of parameters: 87271
2026-05-15 15:56:29,995 - src.base.trainer - INFO - start training !!!!!
2026-05-15 16:01:04,089 - src.base.trainer - INFO - the number of parameters: 78325
2026-05-15 16:01:04,090 - src.base.trainer - INFO - start training !!!!!
2026-05-15 16:25:58,774 - src.base.trainer - INFO - the number of parameters: 78325
2026-05-15 16:25:58,774 - src.base.trainer - INFO - start training !!!!!
2026-05-15 16:26:04,302 - src.base.trainer - INFO - epoch complete
2026-05-15 16:26:04,302 - src.base.trainer - INFO - evaluating now!
2026-05-15 16:26:04,896 - src.base.trainer - INFO - Epoch [0/250] (159) train_mae: 5.2825, val_mae: 4.0210, lr: 0.001000, 5.5s
2026-05-15 16:26:04,902 - src.base.trainer - INFO - Val loss decrease from inf to 4.0210, saving to True
2026-05-15 16:26:10,474 - src.base.trainer - INFO - epoch complete
2026-05-15 16:26:10,474 - src.base.trainer - INFO - evaluating now!
2026-05-15 16:26:11,040 - src.base.trainer - INFO - Epoch [1/250] (318) train_mae: 3.2337, val_mae: 3.5664, lr: 0.001000, 5.6s
2026-05-15 16:26:11,041 - src.base.trainer - INFO - Val loss decrease from 4.0210 to 3.5664, saving to True
2026-05-15 16:26:14,538 - src.base.trainer - INFO - Epoch [2/250] (400) train_mae: 3.0498, val_mae: 3.4532 
2026-05-15 16:26:14,540 - src.base.trainer - INFO - Val loss decrease from 3.5664 to 3.4532, saving to True
2026-05-15 16:26:17,257 - src.base.trainer - INFO - epoch complete
2026-05-15 16:26:17,257 - src.base.trainer - INFO - evaluating now!
2026-05-15 16:26:17,832 - src.base.trainer - INFO - Epoch [2/250] (477) train_mae: 2.9754, val_mae: 3.3894, lr: 0.001000, 6.2s
2026-05-15 16:26:17,833 - src.base.trainer - INFO - Val loss decrease from 3.4532 to 3.3894, saving to True
2026-05-15 16:26:23,414 - src.base.trainer - INFO - epoch complete
2026-05-15 16:26:23,414 - src.base.trainer - INFO - evaluating now!
2026-05-15 16:26:23,976 - src.base.trainer - INFO - Epoch [3/250] (636) train_mae: 2.8725, val_mae: 3.3065, lr: 0.001000, 5.6s
2026-05-15 16:26:23,980 - src.base.trainer - INFO - Val loss decrease from 3.3894 to 3.3065, saving to True
2026-05-15 16:26:29,524 - src.base.trainer - INFO - epoch complete
2026-05-15 16:26:29,524 - src.base.trainer - INFO - evaluating now!
2026-05-15 16:26:30,089 - src.base.trainer - INFO - Epoch [4/250] (795) train_mae: 2.8347, val_mae: 3.2740, lr: 0.001000, 5.5s
2026-05-15 16:26:30,090 - src.base.trainer - INFO - Val loss decrease from 3.3065 to 3.2740, saving to True
2026-05-15 16:26:30,907 - src.base.trainer - INFO - Epoch [5/250] (800) train_mae: 2.9217, val_mae: 3.2565 
2026-05-15 16:26:30,909 - src.base.trainer - INFO - Val loss decrease from 3.2740 to 3.2565, saving to True
2026-05-15 16:26:36,366 - src.base.trainer - INFO - epoch complete
2026-05-15 16:26:36,366 - src.base.trainer - INFO - evaluating now!
2026-05-15 16:26:36,930 - src.base.trainer - INFO - Epoch [5/250] (954) train_mae: 2.7687, val_mae: 3.2169, lr: 0.001000, 6.3s
2026-05-15 16:26:36,931 - src.base.trainer - INFO - Val loss decrease from 3.2565 to 3.2169, saving to True
2026-05-15 16:26:42,456 - src.base.trainer - INFO - epoch complete
2026-05-15 16:26:42,456 - src.base.trainer - INFO - evaluating now!
2026-05-15 16:26:43,022 - src.base.trainer - INFO - Epoch [6/250] (1113) train_mae: 2.7491, val_mae: 3.2343, lr: 0.001000, 5.5s
2026-05-15 16:26:46,647 - src.base.trainer - INFO - Epoch [7/250] (1200) train_mae: 2.7043, val_mae: 3.1986 
2026-05-15 16:26:46,648 - src.base.trainer - INFO - Val loss decrease from 3.2169 to 3.1986, saving to True
2026-05-15 16:26:49,301 - src.base.trainer - INFO - epoch complete
2026-05-15 16:26:49,301 - src.base.trainer - INFO - evaluating now!
2026-05-15 16:26:49,891 - src.base.trainer - INFO - Epoch [7/250] (1272) train_mae: 2.7348, val_mae: 3.2254, lr: 0.001000, 6.3s
2026-05-15 16:26:55,222 - src.base.trainer - INFO - epoch complete
2026-05-15 16:26:55,222 - src.base.trainer - INFO - evaluating now!
2026-05-15 16:26:55,786 - src.base.trainer - INFO - Epoch [8/250] (1431) train_mae: 2.6969, val_mae: 3.2237, lr: 0.001000, 5.3s
2026-05-15 16:27:01,116 - src.base.trainer - INFO - epoch complete
2026-05-15 16:27:01,116 - src.base.trainer - INFO - evaluating now!
2026-05-15 16:27:01,681 - src.base.trainer - INFO - Epoch [9/250] (1590) train_mae: 2.6729, val_mae: 3.1821, lr: 0.001000, 5.3s
2026-05-15 16:27:01,682 - src.base.trainer - INFO - Val loss decrease from 3.1986 to 3.1821, saving to True
2026-05-15 16:27:02,724 - src.base.trainer - INFO - Epoch [10/250] (1600) train_mae: 2.6889, val_mae: 3.1362 
2026-05-15 16:27:02,725 - src.base.trainer - INFO - Val loss decrease from 3.1821 to 3.1362, saving to True
2026-05-15 16:27:08,125 - src.base.trainer - INFO - epoch complete
2026-05-15 16:27:08,125 - src.base.trainer - INFO - evaluating now!
2026-05-15 16:27:09,155 - src.base.trainer - INFO - Epoch [10/250] (1749) train_mae: 2.6593, val_mae: 3.1347, lr: 0.001000, 6.4s
2026-05-15 16:27:09,157 - src.base.trainer - INFO - Val loss decrease from 3.1362 to 3.1347, saving to True
2026-05-15 16:27:15,259 - src.base.trainer - INFO - epoch complete
2026-05-15 16:27:15,259 - src.base.trainer - INFO - evaluating now!
2026-05-15 16:27:15,826 - src.base.trainer - INFO - Epoch [11/250] (1908) train_mae: 2.6254, val_mae: 3.1259, lr: 0.001000, 6.1s
2026-05-15 16:27:15,827 - src.base.trainer - INFO - Val loss decrease from 3.1347 to 3.1259, saving to True
2026-05-15 16:27:19,757 - src.base.trainer - INFO - Epoch [12/250] (2000) train_mae: 2.5943, val_mae: 3.1714 
2026-05-15 16:27:22,000 - src.base.trainer - INFO - epoch complete
2026-05-15 16:27:22,000 - src.base.trainer - INFO - evaluating now!
2026-05-15 16:27:22,571 - src.base.trainer - INFO - Epoch [12/250] (2067) train_mae: 2.5921, val_mae: 3.0957, lr: 0.001000, 6.2s
2026-05-15 16:27:22,572 - src.base.trainer - INFO - Val loss decrease from 3.1259 to 3.0957, saving to True
2026-05-15 16:27:28,119 - src.base.trainer - INFO - epoch complete
2026-05-15 16:27:28,119 - src.base.trainer - INFO - evaluating now!
2026-05-15 16:27:28,685 - src.base.trainer - INFO - Epoch [13/250] (2226) train_mae: 2.5828, val_mae: 3.1266, lr: 0.001000, 5.5s
2026-05-15 16:27:34,075 - src.base.trainer - INFO - epoch complete
2026-05-15 16:27:34,075 - src.base.trainer - INFO - evaluating now!
2026-05-15 16:27:34,639 - src.base.trainer - INFO - Epoch [14/250] (2385) train_mae: 2.5893, val_mae: 3.0902, lr: 0.001000, 5.4s
2026-05-15 16:27:34,640 - src.base.trainer - INFO - Val loss decrease from 3.0957 to 3.0902, saving to True
2026-05-15 16:27:35,887 - src.base.trainer - INFO - Epoch [15/250] (2400) train_mae: 2.7218, val_mae: 3.1052 
2026-05-15 16:27:40,778 - src.base.trainer - INFO - epoch complete
2026-05-15 16:27:40,778 - src.base.trainer - INFO - evaluating now!
2026-05-15 16:27:41,341 - src.base.trainer - INFO - Epoch [15/250] (2544) train_mae: 2.5743, val_mae: 3.1146, lr: 0.001000, 6.1s
2026-05-15 16:27:46,671 - src.base.trainer - INFO - epoch complete
2026-05-15 16:27:46,671 - src.base.trainer - INFO - evaluating now!
2026-05-15 16:27:47,236 - src.base.trainer - INFO - Epoch [16/250] (2703) train_mae: 2.5651, val_mae: 3.1550, lr: 0.001000, 5.3s
2026-05-15 16:27:51,080 - src.base.trainer - INFO - Epoch [17/250] (2800) train_mae: 2.4830, val_mae: 3.1067 
2026-05-15 16:27:53,156 - src.base.trainer - INFO - epoch complete
2026-05-15 16:27:53,156 - src.base.trainer - INFO - evaluating now!
2026-05-15 16:27:53,722 - src.base.trainer - INFO - Epoch [17/250] (2862) train_mae: 2.5385, val_mae: 3.1026, lr: 0.001000, 5.9s
2026-05-15 16:27:59,048 - src.base.trainer - INFO - epoch complete
2026-05-15 16:27:59,048 - src.base.trainer - INFO - evaluating now!
2026-05-15 16:27:59,615 - src.base.trainer - INFO - Epoch [18/250] (3021) train_mae: 2.5306, val_mae: 3.2619, lr: 0.001000, 5.3s
2026-05-15 16:28:04,937 - src.base.trainer - INFO - epoch complete
2026-05-15 16:28:04,937 - src.base.trainer - INFO - evaluating now!
2026-05-15 16:28:05,500 - src.base.trainer - INFO - Epoch [19/250] (3180) train_mae: 2.5006, val_mae: 3.1308, lr: 0.001000, 5.3s
2026-05-15 16:28:06,729 - src.base.trainer - INFO - Epoch [20/250] (3200) train_mae: 2.6059, val_mae: 3.1168 
2026-05-15 16:28:11,415 - src.base.trainer - INFO - epoch complete
2026-05-15 16:28:11,415 - src.base.trainer - INFO - evaluating now!
2026-05-15 16:28:11,989 - src.base.trainer - INFO - Epoch [20/250] (3339) train_mae: 2.5242, val_mae: 3.1723, lr: 0.001000, 5.9s
2026-05-15 16:28:17,350 - src.base.trainer - INFO - epoch complete
2026-05-15 16:28:17,350 - src.base.trainer - INFO - evaluating now!
2026-05-15 16:28:17,922 - src.base.trainer - INFO - Epoch [21/250] (3498) train_mae: 2.4933, val_mae: 3.0871, lr: 0.001000, 5.4s
2026-05-15 16:28:17,923 - src.base.trainer - INFO - Val loss decrease from 3.0902 to 3.0871, saving to True
2026-05-15 16:28:22,160 - src.base.trainer - INFO - Epoch [22/250] (3600) train_mae: 2.4956, val_mae: 3.1261 
2026-05-15 16:28:24,072 - src.base.trainer - INFO - epoch complete
2026-05-15 16:28:24,072 - src.base.trainer - INFO - evaluating now!
2026-05-15 16:28:24,637 - src.base.trainer - INFO - Epoch [22/250] (3657) train_mae: 2.4922, val_mae: 3.1156, lr: 0.001000, 6.1s
2026-05-15 16:28:29,971 - src.base.trainer - INFO - epoch complete
2026-05-15 16:28:29,971 - src.base.trainer - INFO - evaluating now!
2026-05-15 16:28:30,538 - src.base.trainer - INFO - Epoch [23/250] (3816) train_mae: 2.4789, val_mae: 3.1261, lr: 0.001000, 5.3s
2026-05-15 16:28:35,966 - src.base.trainer - INFO - epoch complete
2026-05-15 16:28:35,966 - src.base.trainer - INFO - evaluating now!
2026-05-15 16:28:36,533 - src.base.trainer - INFO - Epoch [24/250] (3975) train_mae: 2.4860, val_mae: 3.1747, lr: 0.001000, 5.4s
2026-05-15 16:28:37,936 - src.base.trainer - INFO - Epoch [25/250] (4000) train_mae: 2.4818, val_mae: 3.1017 
2026-05-15 16:28:42,428 - src.base.trainer - INFO - epoch complete
2026-05-15 16:28:42,428 - src.base.trainer - INFO - evaluating now!
2026-05-15 16:28:42,998 - src.base.trainer - INFO - Epoch [25/250] (4134) train_mae: 2.4755, val_mae: 3.1888, lr: 0.001000, 5.9s
2026-05-15 16:28:48,322 - src.base.trainer - INFO - epoch complete
2026-05-15 16:28:48,322 - src.base.trainer - INFO - evaluating now!
2026-05-15 16:28:48,889 - src.base.trainer - INFO - Epoch [26/250] (4293) train_mae: 2.4667, val_mae: 3.1481, lr: 0.001000, 5.3s
2026-05-15 16:28:53,073 - src.base.trainer - INFO - Epoch [27/250] (4400) train_mae: 2.4679, val_mae: 3.1274 
2026-05-15 16:28:54,800 - src.base.trainer - INFO - epoch complete
2026-05-15 16:28:54,800 - src.base.trainer - INFO - evaluating now!
2026-05-15 16:28:55,364 - src.base.trainer - INFO - Epoch [27/250] (4452) train_mae: 2.4570, val_mae: 3.0687, lr: 0.001000, 5.9s
2026-05-15 16:28:55,366 - src.base.trainer - INFO - Val loss decrease from 3.0871 to 3.0687, saving to True
2026-05-15 16:29:00,938 - src.base.trainer - INFO - epoch complete
2026-05-15 16:29:00,938 - src.base.trainer - INFO - evaluating now!
2026-05-15 16:29:01,503 - src.base.trainer - INFO - Epoch [28/250] (4611) train_mae: 2.4539, val_mae: 3.1327, lr: 0.001000, 5.6s
2026-05-15 16:29:06,853 - src.base.trainer - INFO - epoch complete
2026-05-15 16:29:06,853 - src.base.trainer - INFO - evaluating now!
2026-05-15 16:29:07,440 - src.base.trainer - INFO - Epoch [29/250] (4770) train_mae: 2.4429, val_mae: 3.1209, lr: 0.001000, 5.3s
2026-05-15 16:29:09,034 - src.base.trainer - INFO - Epoch [30/250] (4800) train_mae: 2.5199, val_mae: 3.1621 
2026-05-15 16:29:13,371 - src.base.trainer - INFO - epoch complete
2026-05-15 16:29:13,371 - src.base.trainer - INFO - evaluating now!
2026-05-15 16:29:13,938 - src.base.trainer - INFO - Epoch [30/250] (4929) train_mae: 2.4307, val_mae: 3.1227, lr: 0.001000, 5.9s
2026-05-15 16:29:19,308 - src.base.trainer - INFO - epoch complete
2026-05-15 16:29:19,308 - src.base.trainer - INFO - evaluating now!
2026-05-15 16:29:19,880 - src.base.trainer - INFO - Epoch [31/250] (5088) train_mae: 2.4243, val_mae: 3.1081, lr: 0.001000, 5.4s
2026-05-15 16:29:24,203 - src.base.trainer - INFO - Epoch [32/250] (5200) train_mae: 2.4401, val_mae: 3.1167 
2026-05-15 16:29:25,765 - src.base.trainer - INFO - epoch complete
2026-05-15 16:29:25,765 - src.base.trainer - INFO - evaluating now!
2026-05-15 16:29:26,330 - src.base.trainer - INFO - Epoch [32/250] (5247) train_mae: 2.4268, val_mae: 3.1398, lr: 0.001000, 5.9s
2026-05-15 16:29:31,685 - src.base.trainer - INFO - epoch complete
2026-05-15 16:29:31,685 - src.base.trainer - INFO - evaluating now!
2026-05-15 16:29:32,254 - src.base.trainer - INFO - Epoch [33/250] (5406) train_mae: 2.4218, val_mae: 3.1395, lr: 0.001000, 5.4s
2026-05-15 16:29:37,596 - src.base.trainer - INFO - epoch complete
2026-05-15 16:29:37,596 - src.base.trainer - INFO - evaluating now!
2026-05-15 16:29:38,168 - src.base.trainer - INFO - Epoch [34/250] (5565) train_mae: 2.4087, val_mae: 3.1364, lr: 0.001000, 5.3s
2026-05-15 16:29:39,912 - src.base.trainer - INFO - Epoch [35/250] (5600) train_mae: 2.5206, val_mae: 3.1189 
2026-05-15 16:29:44,078 - src.base.trainer - INFO - epoch complete
2026-05-15 16:29:44,078 - src.base.trainer - INFO - evaluating now!
2026-05-15 16:29:44,644 - src.base.trainer - INFO - Epoch [35/250] (5724) train_mae: 2.3937, val_mae: 3.1254, lr: 0.001000, 5.9s
2026-05-15 16:29:49,989 - src.base.trainer - INFO - epoch complete
2026-05-15 16:29:49,989 - src.base.trainer - INFO - evaluating now!
2026-05-15 16:29:50,553 - src.base.trainer - INFO - Epoch [36/250] (5883) train_mae: 2.3919, val_mae: 3.1137, lr: 0.001000, 5.3s
2026-05-15 16:29:55,081 - src.base.trainer - INFO - Epoch [37/250] (6000) train_mae: 2.3893, val_mae: 3.1209 
2026-05-15 16:29:56,475 - src.base.trainer - INFO - epoch complete
2026-05-15 16:29:56,475 - src.base.trainer - INFO - evaluating now!
2026-05-15 16:29:57,039 - src.base.trainer - INFO - Epoch [37/250] (6042) train_mae: 2.4058, val_mae: 3.0993, lr: 0.001000, 5.9s
2026-05-15 16:29:57,039 - src.base.trainer - INFO - Early stop at epoch 38, loss = 3.068686
2026-05-15 16:41:02,365 - src.base.trainer - INFO - the number of parameters: 41413
2026-05-15 16:41:02,365 - src.base.trainer - INFO - start training !!!!!
2026-05-15 16:41:07,650 - src.base.trainer - INFO - epoch complete
2026-05-15 16:41:07,650 - src.base.trainer - INFO - evaluating now!
2026-05-15 16:41:08,269 - src.base.trainer - INFO - Epoch [0/250] (159) train_mae: 5.3974, val_mae: 3.8827, lr: 0.001000, 5.3s
2026-05-15 16:41:08,274 - src.base.trainer - INFO - Val loss decrease from inf to 3.8827, saving to True
2026-05-15 16:41:14,529 - src.base.trainer - INFO - epoch complete
2026-05-15 16:41:14,530 - src.base.trainer - INFO - evaluating now!
2026-05-15 16:41:15,090 - src.base.trainer - INFO - Epoch [1/250] (318) train_mae: 2.9976, val_mae: 3.3635, lr: 0.001000, 6.3s
2026-05-15 16:41:15,091 - src.base.trainer - INFO - Val loss decrease from 3.8827 to 3.3635, saving to True
2026-05-15 16:41:18,392 - src.base.trainer - INFO - Epoch [2/250] (400) train_mae: 2.7995, val_mae: 3.2101 
2026-05-15 16:41:18,393 - src.base.trainer - INFO - Val loss decrease from 3.3635 to 3.2101, saving to True
2026-05-15 16:41:20,921 - src.base.trainer - INFO - epoch complete
2026-05-15 16:41:20,921 - src.base.trainer - INFO - evaluating now!
2026-05-15 16:41:21,480 - src.base.trainer - INFO - Epoch [2/250] (477) train_mae: 2.7389, val_mae: 3.1380, lr: 0.001000, 5.8s
2026-05-15 16:41:21,481 - src.base.trainer - INFO - Val loss decrease from 3.2101 to 3.1380, saving to True
2026-05-15 16:41:26,633 - src.base.trainer - INFO - epoch complete
2026-05-15 16:41:26,634 - src.base.trainer - INFO - evaluating now!
2026-05-15 16:41:27,238 - src.base.trainer - INFO - Epoch [3/250] (636) train_mae: 2.6495, val_mae: 3.1480, lr: 0.001000, 5.2s
2026-05-15 16:41:32,250 - src.base.trainer - INFO - epoch complete
2026-05-15 16:41:32,250 - src.base.trainer - INFO - evaluating now!
2026-05-15 16:41:32,803 - src.base.trainer - INFO - Epoch [4/250] (795) train_mae: 2.6093, val_mae: 3.0818, lr: 0.001000, 5.0s
2026-05-15 16:41:32,804 - src.base.trainer - INFO - Val loss decrease from 3.1380 to 3.0818, saving to True
2026-05-15 16:41:33,584 - src.base.trainer - INFO - Epoch [5/250] (800) train_mae: 2.4537, val_mae: 3.0679 
2026-05-15 16:41:33,585 - src.base.trainer - INFO - Val loss decrease from 3.0818 to 3.0679, saving to True
2026-05-15 16:41:38,668 - src.base.trainer - INFO - epoch complete
2026-05-15 16:41:38,668 - src.base.trainer - INFO - evaluating now!
2026-05-15 16:41:39,223 - src.base.trainer - INFO - Epoch [5/250] (954) train_mae: 2.5821, val_mae: 3.0419, lr: 0.001000, 5.9s
2026-05-15 16:41:39,224 - src.base.trainer - INFO - Val loss decrease from 3.0679 to 3.0419, saving to True
2026-05-15 16:41:44,361 - src.base.trainer - INFO - epoch complete
2026-05-15 16:41:44,361 - src.base.trainer - INFO - evaluating now!
2026-05-15 16:41:44,915 - src.base.trainer - INFO - Epoch [6/250] (1113) train_mae: 2.5591, val_mae: 3.0193, lr: 0.001000, 5.1s
2026-05-15 16:41:44,916 - src.base.trainer - INFO - Val loss decrease from 3.0419 to 3.0193, saving to True
2026-05-15 16:41:48,356 - src.base.trainer - INFO - Epoch [7/250] (1200) train_mae: 2.5332, val_mae: 3.0301 
2026-05-15 16:41:50,600 - src.base.trainer - INFO - epoch complete
2026-05-15 16:41:50,600 - src.base.trainer - INFO - evaluating now!
2026-05-15 16:41:51,156 - src.base.trainer - INFO - Epoch [7/250] (1272) train_mae: 2.5302, val_mae: 3.0199, lr: 0.001000, 5.7s
2026-05-15 16:41:56,148 - src.base.trainer - INFO - epoch complete
2026-05-15 16:41:56,148 - src.base.trainer - INFO - evaluating now!
2026-05-15 16:41:56,702 - src.base.trainer - INFO - Epoch [8/250] (1431) train_mae: 2.5040, val_mae: 3.0084, lr: 0.001000, 5.0s
2026-05-15 16:41:56,703 - src.base.trainer - INFO - Val loss decrease from 3.0193 to 3.0084, saving to True
2026-05-15 16:42:01,839 - src.base.trainer - INFO - epoch complete
2026-05-15 16:42:01,839 - src.base.trainer - INFO - evaluating now!
2026-05-15 16:42:02,394 - src.base.trainer - INFO - Epoch [9/250] (1590) train_mae: 2.5300, val_mae: 3.0528, lr: 0.001000, 5.1s
2026-05-15 16:42:03,253 - src.base.trainer - INFO - Epoch [10/250] (1600) train_mae: 2.6579, val_mae: 3.0041 
2026-05-15 16:42:03,255 - src.base.trainer - INFO - Val loss decrease from 3.0084 to 3.0041, saving to True
2026-05-15 16:42:08,188 - src.base.trainer - INFO - epoch complete
2026-05-15 16:42:08,189 - src.base.trainer - INFO - evaluating now!
2026-05-15 16:42:08,772 - src.base.trainer - INFO - Epoch [10/250] (1749) train_mae: 2.4761, val_mae: 3.0561, lr: 0.001000, 5.8s
2026-05-15 16:42:14,225 - src.base.trainer - INFO - epoch complete
2026-05-15 16:42:14,225 - src.base.trainer - INFO - evaluating now!
2026-05-15 16:42:14,776 - src.base.trainer - INFO - Epoch [11/250] (1908) train_mae: 2.4592, val_mae: 2.9662, lr: 0.001000, 5.5s
2026-05-15 16:42:14,778 - src.base.trainer - INFO - Val loss decrease from 3.0041 to 2.9662, saving to True
2026-05-15 16:42:18,487 - src.base.trainer - INFO - Epoch [12/250] (2000) train_mae: 2.4946, val_mae: 3.0473 
2026-05-15 16:42:20,578 - src.base.trainer - INFO - epoch complete
2026-05-15 16:42:20,578 - src.base.trainer - INFO - evaluating now!
2026-05-15 16:42:21,137 - src.base.trainer - INFO - Epoch [12/250] (2067) train_mae: 2.4482, val_mae: 3.0068, lr: 0.001000, 5.8s
2026-05-15 16:42:26,097 - src.base.trainer - INFO - epoch complete
2026-05-15 16:42:26,097 - src.base.trainer - INFO - evaluating now!
2026-05-15 16:42:26,651 - src.base.trainer - INFO - Epoch [13/250] (2226) train_mae: 2.4360, val_mae: 2.9326, lr: 0.001000, 5.0s
2026-05-15 16:42:26,653 - src.base.trainer - INFO - Val loss decrease from 2.9662 to 2.9326, saving to True
2026-05-15 16:42:31,803 - src.base.trainer - INFO - epoch complete
2026-05-15 16:42:31,804 - src.base.trainer - INFO - evaluating now!
2026-05-15 16:42:32,361 - src.base.trainer - INFO - Epoch [14/250] (2385) train_mae: 2.4385, val_mae: 3.0142, lr: 0.001000, 5.2s
2026-05-15 16:42:33,386 - src.base.trainer - INFO - Epoch [15/250] (2400) train_mae: 2.4156, val_mae: 2.9931 
2026-05-15 16:42:37,926 - src.base.trainer - INFO - epoch complete
2026-05-15 16:42:37,926 - src.base.trainer - INFO - evaluating now!
2026-05-15 16:42:38,482 - src.base.trainer - INFO - Epoch [15/250] (2544) train_mae: 2.4221, val_mae: 2.9500, lr: 0.001000, 5.6s
2026-05-15 16:42:43,456 - src.base.trainer - INFO - epoch complete
2026-05-15 16:42:43,456 - src.base.trainer - INFO - evaluating now!
2026-05-15 16:42:44,009 - src.base.trainer - INFO - Epoch [16/250] (2703) train_mae: 2.4140, val_mae: 2.9680, lr: 0.001000, 5.0s
2026-05-15 16:42:47,595 - src.base.trainer - INFO - Epoch [17/250] (2800) train_mae: 2.4675, val_mae: 3.0619 
2026-05-15 16:42:49,520 - src.base.trainer - INFO - epoch complete
2026-05-15 16:42:49,520 - src.base.trainer - INFO - evaluating now!
2026-05-15 16:42:50,074 - src.base.trainer - INFO - Epoch [17/250] (2862) train_mae: 2.3988, val_mae: 2.9141, lr: 0.001000, 5.5s
2026-05-15 16:42:50,076 - src.base.trainer - INFO - Val loss decrease from 2.9326 to 2.9141, saving to True
2026-05-15 16:42:55,238 - src.base.trainer - INFO - epoch complete
2026-05-15 16:42:55,238 - src.base.trainer - INFO - evaluating now!
2026-05-15 16:42:55,791 - src.base.trainer - INFO - Epoch [18/250] (3021) train_mae: 2.3931, val_mae: 2.9390, lr: 0.001000, 5.2s
2026-05-15 16:43:00,811 - src.base.trainer - INFO - epoch complete
2026-05-15 16:43:00,811 - src.base.trainer - INFO - evaluating now!
2026-05-15 16:43:01,370 - src.base.trainer - INFO - Epoch [19/250] (3180) train_mae: 2.3933, val_mae: 2.9142, lr: 0.001000, 5.0s
2026-05-15 16:43:02,540 - src.base.trainer - INFO - Epoch [20/250] (3200) train_mae: 2.4473, val_mae: 2.9925 
2026-05-15 16:43:06,887 - src.base.trainer - INFO - epoch complete
2026-05-15 16:43:06,887 - src.base.trainer - INFO - evaluating now!
2026-05-15 16:43:07,451 - src.base.trainer - INFO - Epoch [20/250] (3339) train_mae: 2.3871, val_mae: 2.9613, lr: 0.001000, 5.5s
2026-05-15 16:43:12,454 - src.base.trainer - INFO - epoch complete
2026-05-15 16:43:12,456 - src.base.trainer - INFO - evaluating now!
2026-05-15 16:43:13,014 - src.base.trainer - INFO - Epoch [21/250] (3498) train_mae: 2.3761, val_mae: 2.9699, lr: 0.001000, 5.0s
2026-05-15 16:43:16,751 - src.base.trainer - INFO - Epoch [22/250] (3600) train_mae: 2.3702, val_mae: 2.8895 
2026-05-15 16:43:16,752 - src.base.trainer - INFO - Val loss decrease from 2.9141 to 2.8895, saving to True
2026-05-15 16:43:18,781 - src.base.trainer - INFO - epoch complete
2026-05-15 16:43:18,781 - src.base.trainer - INFO - evaluating now!
2026-05-15 16:43:19,361 - src.base.trainer - INFO - Epoch [22/250] (3657) train_mae: 2.3535, val_mae: 2.8870, lr: 0.001000, 5.8s
2026-05-15 16:43:19,362 - src.base.trainer - INFO - Val loss decrease from 2.8895 to 2.8870, saving to True
2026-05-15 16:43:24,543 - src.base.trainer - INFO - epoch complete
2026-05-15 16:43:24,543 - src.base.trainer - INFO - evaluating now!
2026-05-15 16:43:25,100 - src.base.trainer - INFO - Epoch [23/250] (3816) train_mae: 2.3221, val_mae: 2.8980, lr: 0.001000, 5.2s
2026-05-15 16:43:30,095 - src.base.trainer - INFO - epoch complete
2026-05-15 16:43:30,095 - src.base.trainer - INFO - evaluating now!
2026-05-15 16:43:30,651 - src.base.trainer - INFO - Epoch [24/250] (3975) train_mae: 2.3522, val_mae: 2.9032, lr: 0.001000, 5.0s
2026-05-15 16:43:31,986 - src.base.trainer - INFO - Epoch [25/250] (4000) train_mae: 2.3345, val_mae: 2.9440 
2026-05-15 16:43:36,198 - src.base.trainer - INFO - epoch complete
2026-05-15 16:43:36,198 - src.base.trainer - INFO - evaluating now!
2026-05-15 16:43:36,751 - src.base.trainer - INFO - Epoch [25/250] (4134) train_mae: 2.3470, val_mae: 2.9673, lr: 0.001000, 5.5s
2026-05-15 16:43:41,701 - src.base.trainer - INFO - epoch complete
2026-05-15 16:43:41,701 - src.base.trainer - INFO - evaluating now!
2026-05-15 16:43:42,256 - src.base.trainer - INFO - Epoch [26/250] (4293) train_mae: 2.3579, val_mae: 2.8981, lr: 0.001000, 4.9s
2026-05-15 16:43:46,180 - src.base.trainer - INFO - Epoch [27/250] (4400) train_mae: 2.3323, val_mae: 2.9880 
2026-05-15 16:43:47,792 - src.base.trainer - INFO - epoch complete
2026-05-15 16:43:47,792 - src.base.trainer - INFO - evaluating now!
2026-05-15 16:43:48,345 - src.base.trainer - INFO - Epoch [27/250] (4452) train_mae: 2.3321, val_mae: 2.9320, lr: 0.001000, 5.5s
2026-05-15 16:43:53,332 - src.base.trainer - INFO - epoch complete
2026-05-15 16:43:53,332 - src.base.trainer - INFO - evaluating now!
2026-05-15 16:43:53,887 - src.base.trainer - INFO - Epoch [28/250] (4611) train_mae: 2.3046, val_mae: 2.9194, lr: 0.001000, 5.0s
2026-05-15 16:43:58,875 - src.base.trainer - INFO - epoch complete
2026-05-15 16:43:58,875 - src.base.trainer - INFO - evaluating now!
2026-05-15 16:43:59,429 - src.base.trainer - INFO - Epoch [29/250] (4770) train_mae: 2.3239, val_mae: 3.0292, lr: 0.001000, 5.0s
2026-05-15 16:44:00,914 - src.base.trainer - INFO - Epoch [30/250] (4800) train_mae: 2.3178, val_mae: 2.9202 
2026-05-15 16:44:04,979 - src.base.trainer - INFO - epoch complete
2026-05-15 16:44:04,979 - src.base.trainer - INFO - evaluating now!
2026-05-15 16:44:05,532 - src.base.trainer - INFO - Epoch [30/250] (4929) train_mae: 2.3044, val_mae: 2.8953, lr: 0.001000, 5.6s
2026-05-15 16:44:10,555 - src.base.trainer - INFO - epoch complete
2026-05-15 16:44:10,555 - src.base.trainer - INFO - evaluating now!
2026-05-15 16:44:11,116 - src.base.trainer - INFO - Epoch [31/250] (5088) train_mae: 2.3278, val_mae: 3.0065, lr: 0.001000, 5.0s
2026-05-15 16:44:15,192 - src.base.trainer - INFO - Epoch [32/250] (5200) train_mae: 2.3176, val_mae: 2.8991 
2026-05-15 16:44:16,726 - src.base.trainer - INFO - epoch complete
2026-05-15 16:44:16,726 - src.base.trainer - INFO - evaluating now!
2026-05-15 16:44:17,280 - src.base.trainer - INFO - Epoch [32/250] (5247) train_mae: 2.2891, val_mae: 2.9396, lr: 0.001000, 5.6s
2026-05-15 16:44:17,280 - src.base.trainer - INFO - Early stop at epoch 33, loss = 2.887012
2026-05-15 16:47:40,520 - src.base.trainer - INFO - the number of parameters: 50359
2026-05-15 16:47:40,520 - src.base.trainer - INFO - start training !!!!!
2026-05-15 16:47:45,996 - src.base.trainer - INFO - epoch complete
2026-05-15 16:47:45,996 - src.base.trainer - INFO - evaluating now!
2026-05-15 16:47:46,577 - src.base.trainer - INFO - Epoch [0/250] (159) train_mae: 5.6001, val_mae: 4.0036, lr: 0.001000, 5.5s
2026-05-15 16:47:46,582 - src.base.trainer - INFO - Val loss decrease from inf to 4.0036, saving to True
2026-05-15 16:47:51,978 - src.base.trainer - INFO - epoch complete
2026-05-15 16:47:51,978 - src.base.trainer - INFO - evaluating now!
2026-05-15 16:47:52,556 - src.base.trainer - INFO - Epoch [1/250] (318) train_mae: 3.0776, val_mae: 3.4448, lr: 0.001000, 5.4s
2026-05-15 16:47:52,557 - src.base.trainer - INFO - Val loss decrease from 4.0036 to 3.4448, saving to True
2026-05-15 16:47:56,021 - src.base.trainer - INFO - Epoch [2/250] (400) train_mae: 2.8130, val_mae: 3.3322 
2026-05-15 16:47:56,025 - src.base.trainer - INFO - Val loss decrease from 3.4448 to 3.3322, saving to True
2026-05-15 16:47:58,708 - src.base.trainer - INFO - epoch complete
2026-05-15 16:47:58,708 - src.base.trainer - INFO - evaluating now!
2026-05-15 16:47:59,297 - src.base.trainer - INFO - Epoch [2/250] (477) train_mae: 2.7906, val_mae: 3.2945, lr: 0.001000, 6.2s
2026-05-15 16:47:59,298 - src.base.trainer - INFO - Val loss decrease from 3.3322 to 3.2945, saving to True
2026-05-15 16:48:04,709 - src.base.trainer - INFO - epoch complete
2026-05-15 16:48:04,709 - src.base.trainer - INFO - evaluating now!
2026-05-15 16:48:05,289 - src.base.trainer - INFO - Epoch [3/250] (636) train_mae: 2.6603, val_mae: 3.1236, lr: 0.001000, 5.4s
2026-05-15 16:48:05,290 - src.base.trainer - INFO - Val loss decrease from 3.2945 to 3.1236, saving to True
2026-05-15 16:48:11,409 - src.base.trainer - INFO - epoch complete
2026-05-15 16:48:11,409 - src.base.trainer - INFO - evaluating now!
2026-05-15 16:48:11,989 - src.base.trainer - INFO - Epoch [4/250] (795) train_mae: 2.6169, val_mae: 3.0960, lr: 0.001000, 6.1s
2026-05-15 16:48:11,990 - src.base.trainer - INFO - Val loss decrease from 3.1236 to 3.0960, saving to True
2026-05-15 16:48:12,824 - src.base.trainer - INFO - Epoch [5/250] (800) train_mae: 2.7690, val_mae: 3.1291 
2026-05-15 16:48:18,023 - src.base.trainer - INFO - epoch complete
2026-05-15 16:48:18,023 - src.base.trainer - INFO - evaluating now!
2026-05-15 16:48:18,601 - src.base.trainer - INFO - Epoch [5/250] (954) train_mae: 2.5742, val_mae: 3.0512, lr: 0.001000, 6.0s
2026-05-15 16:48:18,602 - src.base.trainer - INFO - Val loss decrease from 3.0960 to 3.0512, saving to True
2026-05-15 16:48:24,034 - src.base.trainer - INFO - epoch complete
2026-05-15 16:48:24,034 - src.base.trainer - INFO - evaluating now!
2026-05-15 16:48:24,620 - src.base.trainer - INFO - Epoch [6/250] (1113) train_mae: 2.5549, val_mae: 3.0622, lr: 0.001000, 5.4s
2026-05-15 16:48:28,060 - src.base.trainer - INFO - Epoch [7/250] (1200) train_mae: 2.5225, val_mae: 3.0077 
2026-05-15 16:48:28,062 - src.base.trainer - INFO - Val loss decrease from 3.0512 to 3.0077, saving to True
2026-05-15 16:48:30,598 - src.base.trainer - INFO - epoch complete
2026-05-15 16:48:30,598 - src.base.trainer - INFO - evaluating now!
2026-05-15 16:48:31,179 - src.base.trainer - INFO - Epoch [7/250] (1272) train_mae: 2.5356, val_mae: 3.0070, lr: 0.001000, 6.0s
2026-05-15 16:48:31,181 - src.base.trainer - INFO - Val loss decrease from 3.0077 to 3.0070, saving to True
2026-05-15 16:48:36,586 - src.base.trainer - INFO - epoch complete
2026-05-15 16:48:36,586 - src.base.trainer - INFO - evaluating now!
2026-05-15 16:48:37,165 - src.base.trainer - INFO - Epoch [8/250] (1431) train_mae: 2.5060, val_mae: 2.9696, lr: 0.001000, 5.4s
2026-05-15 16:48:37,167 - src.base.trainer - INFO - Val loss decrease from 3.0070 to 2.9696, saving to True
2026-05-15 16:48:42,594 - src.base.trainer - INFO - epoch complete
2026-05-15 16:48:42,594 - src.base.trainer - INFO - evaluating now!
2026-05-15 16:48:43,171 - src.base.trainer - INFO - Epoch [9/250] (1590) train_mae: 2.4780, val_mae: 2.9684, lr: 0.001000, 5.4s
2026-05-15 16:48:43,173 - src.base.trainer - INFO - Val loss decrease from 2.9696 to 2.9684, saving to True
2026-05-15 16:48:44,232 - src.base.trainer - INFO - Epoch [10/250] (1600) train_mae: 2.4759, val_mae: 3.0334 
2026-05-15 16:48:49,258 - src.base.trainer - INFO - epoch complete
2026-05-15 16:48:49,258 - src.base.trainer - INFO - evaluating now!
2026-05-15 16:48:49,839 - src.base.trainer - INFO - Epoch [10/250] (1749) train_mae: 2.4564, val_mae: 2.9352, lr: 0.001000, 6.1s
2026-05-15 16:48:49,840 - src.base.trainer - INFO - Val loss decrease from 2.9684 to 2.9352, saving to True
2026-05-15 16:48:55,292 - src.base.trainer - INFO - epoch complete
2026-05-15 16:48:55,292 - src.base.trainer - INFO - evaluating now!
2026-05-15 16:48:55,871 - src.base.trainer - INFO - Epoch [11/250] (1908) train_mae: 2.4268, val_mae: 2.9724, lr: 0.001000, 5.5s
2026-05-15 16:48:59,526 - src.base.trainer - INFO - Epoch [12/250] (2000) train_mae: 2.4356, val_mae: 2.9750 
2026-05-15 16:49:01,725 - src.base.trainer - INFO - epoch complete
2026-05-15 16:49:01,726 - src.base.trainer - INFO - evaluating now!
2026-05-15 16:49:02,305 - src.base.trainer - INFO - Epoch [12/250] (2067) train_mae: 2.4239, val_mae: 2.9675, lr: 0.001000, 5.9s
2026-05-15 16:49:07,579 - src.base.trainer - INFO - epoch complete
2026-05-15 16:49:07,579 - src.base.trainer - INFO - evaluating now!
2026-05-15 16:49:08,178 - src.base.trainer - INFO - Epoch [13/250] (2226) train_mae: 2.3971, val_mae: 2.9861, lr: 0.001000, 5.3s
2026-05-15 16:49:13,423 - src.base.trainer - INFO - epoch complete
2026-05-15 16:49:13,423 - src.base.trainer - INFO - evaluating now!
2026-05-15 16:49:14,004 - src.base.trainer - INFO - Epoch [14/250] (2385) train_mae: 2.3895, val_mae: 2.9632, lr: 0.001000, 5.2s
2026-05-15 16:49:15,076 - src.base.trainer - INFO - Epoch [15/250] (2400) train_mae: 2.6990, val_mae: 3.0393 
2026-05-15 16:49:19,872 - src.base.trainer - INFO - epoch complete
2026-05-15 16:49:19,872 - src.base.trainer - INFO - evaluating now!
2026-05-15 16:49:20,454 - src.base.trainer - INFO - Epoch [15/250] (2544) train_mae: 2.3935, val_mae: 3.0021, lr: 0.001000, 5.9s
2026-05-15 16:49:25,692 - src.base.trainer - INFO - epoch complete
2026-05-15 16:49:25,693 - src.base.trainer - INFO - evaluating now!
2026-05-15 16:49:26,271 - src.base.trainer - INFO - Epoch [16/250] (2703) train_mae: 2.3868, val_mae: 2.9975, lr: 0.001000, 5.2s
2026-05-15 16:49:30,046 - src.base.trainer - INFO - Epoch [17/250] (2800) train_mae: 2.3432, val_mae: 2.9315 
2026-05-15 16:49:30,050 - src.base.trainer - INFO - Val loss decrease from 2.9352 to 2.9315, saving to True
2026-05-15 16:49:32,327 - src.base.trainer - INFO - epoch complete
2026-05-15 16:49:32,327 - src.base.trainer - INFO - evaluating now!
2026-05-15 16:49:32,905 - src.base.trainer - INFO - Epoch [17/250] (2862) train_mae: 2.3698, val_mae: 2.9563, lr: 0.001000, 6.1s
2026-05-15 16:49:38,182 - src.base.trainer - INFO - epoch complete
2026-05-15 16:49:38,183 - src.base.trainer - INFO - evaluating now!
2026-05-15 16:49:38,761 - src.base.trainer - INFO - Epoch [18/250] (3021) train_mae: 2.3534, val_mae: 2.9757, lr: 0.001000, 5.3s
2026-05-15 16:49:43,998 - src.base.trainer - INFO - epoch complete
2026-05-15 16:49:43,998 - src.base.trainer - INFO - evaluating now!
2026-05-15 16:49:44,583 - src.base.trainer - INFO - Epoch [19/250] (3180) train_mae: 2.3509, val_mae: 2.9368, lr: 0.001000, 5.2s
2026-05-15 16:49:45,818 - src.base.trainer - INFO - Epoch [20/250] (3200) train_mae: 2.4080, val_mae: 3.0128 
2026-05-15 16:49:50,393 - src.base.trainer - INFO - epoch complete
2026-05-15 16:49:50,393 - src.base.trainer - INFO - evaluating now!
2026-05-15 16:49:50,975 - src.base.trainer - INFO - Epoch [20/250] (3339) train_mae: 2.3286, val_mae: 2.9738, lr: 0.001000, 5.8s
2026-05-15 16:49:56,215 - src.base.trainer - INFO - epoch complete
2026-05-15 16:49:56,216 - src.base.trainer - INFO - evaluating now!
2026-05-15 16:49:56,795 - src.base.trainer - INFO - Epoch [21/250] (3498) train_mae: 2.3278, val_mae: 2.9936, lr: 0.001000, 5.2s
2026-05-15 16:50:00,736 - src.base.trainer - INFO - Epoch [22/250] (3600) train_mae: 2.3169, val_mae: 3.0049 
2026-05-15 16:50:02,604 - src.base.trainer - INFO - epoch complete
2026-05-15 16:50:02,604 - src.base.trainer - INFO - evaluating now!
2026-05-15 16:50:03,187 - src.base.trainer - INFO - Epoch [22/250] (3657) train_mae: 2.3381, val_mae: 3.0341, lr: 0.001000, 5.8s
2026-05-15 16:50:08,446 - src.base.trainer - INFO - epoch complete
2026-05-15 16:50:08,446 - src.base.trainer - INFO - evaluating now!
2026-05-15 16:50:09,037 - src.base.trainer - INFO - Epoch [23/250] (3816) train_mae: 2.3237, val_mae: 2.9681, lr: 0.001000, 5.3s
2026-05-15 16:50:14,314 - src.base.trainer - INFO - epoch complete
2026-05-15 16:50:14,315 - src.base.trainer - INFO - evaluating now!
2026-05-15 16:50:14,900 - src.base.trainer - INFO - Epoch [24/250] (3975) train_mae: 2.3201, val_mae: 2.9567, lr: 0.001000, 5.3s
2026-05-15 16:50:16,293 - src.base.trainer - INFO - Epoch [25/250] (4000) train_mae: 2.1472, val_mae: 2.9615 
2026-05-15 16:50:20,713 - src.base.trainer - INFO - epoch complete
2026-05-15 16:50:20,713 - src.base.trainer - INFO - evaluating now!
2026-05-15 16:50:21,293 - src.base.trainer - INFO - Epoch [25/250] (4134) train_mae: 2.2877, val_mae: 2.9774, lr: 0.001000, 5.8s
2026-05-15 16:50:26,538 - src.base.trainer - INFO - epoch complete
2026-05-15 16:50:26,539 - src.base.trainer - INFO - evaluating now!
2026-05-15 16:50:27,121 - src.base.trainer - INFO - Epoch [26/250] (4293) train_mae: 2.3137, val_mae: 2.9168, lr: 0.001000, 5.2s
2026-05-15 16:50:27,122 - src.base.trainer - INFO - Val loss decrease from 2.9315 to 2.9168, saving to True
2026-05-15 16:50:31,505 - src.base.trainer - INFO - Epoch [27/250] (4400) train_mae: 2.2891, val_mae: 3.0378 
2026-05-15 16:50:33,217 - src.base.trainer - INFO - epoch complete
2026-05-15 16:50:33,217 - src.base.trainer - INFO - evaluating now!
2026-05-15 16:50:33,798 - src.base.trainer - INFO - Epoch [27/250] (4452) train_mae: 2.2947, val_mae: 2.9724, lr: 0.001000, 6.1s
2026-05-15 16:50:39,075 - src.base.trainer - INFO - epoch complete
2026-05-15 16:50:39,075 - src.base.trainer - INFO - evaluating now!
2026-05-15 16:50:39,660 - src.base.trainer - INFO - Epoch [28/250] (4611) train_mae: 2.2849, val_mae: 2.9894, lr: 0.001000, 5.3s
2026-05-15 16:50:44,965 - src.base.trainer - INFO - epoch complete
2026-05-15 16:50:44,965 - src.base.trainer - INFO - evaluating now!
2026-05-15 16:50:45,544 - src.base.trainer - INFO - Epoch [29/250] (4770) train_mae: 2.2965, val_mae: 2.9933, lr: 0.001000, 5.3s
2026-05-15 16:50:47,114 - src.base.trainer - INFO - Epoch [30/250] (4800) train_mae: 2.2390, val_mae: 3.0149 
2026-05-15 16:50:51,394 - src.base.trainer - INFO - epoch complete
2026-05-15 16:50:51,394 - src.base.trainer - INFO - evaluating now!
2026-05-15 16:50:51,973 - src.base.trainer - INFO - Epoch [30/250] (4929) train_mae: 2.2725, val_mae: 2.9805, lr: 0.001000, 5.8s
2026-05-15 16:50:57,239 - src.base.trainer - INFO - epoch complete
2026-05-15 16:50:57,239 - src.base.trainer - INFO - evaluating now!
2026-05-15 16:50:57,818 - src.base.trainer - INFO - Epoch [31/250] (5088) train_mae: 2.2674, val_mae: 2.9647, lr: 0.001000, 5.3s
2026-05-15 16:51:02,120 - src.base.trainer - INFO - Epoch [32/250] (5200) train_mae: 2.2579, val_mae: 3.0017 
2026-05-15 16:51:03,693 - src.base.trainer - INFO - epoch complete
2026-05-15 16:51:03,693 - src.base.trainer - INFO - evaluating now!
2026-05-15 16:51:04,275 - src.base.trainer - INFO - Epoch [32/250] (5247) train_mae: 2.2568, val_mae: 3.1393, lr: 0.001000, 5.9s
2026-05-15 16:51:09,571 - src.base.trainer - INFO - epoch complete
2026-05-15 16:51:09,571 - src.base.trainer - INFO - evaluating now!
2026-05-15 16:51:10,154 - src.base.trainer - INFO - Epoch [33/250] (5406) train_mae: 2.2547, val_mae: 2.9754, lr: 0.001000, 5.3s
2026-05-15 16:51:15,509 - src.base.trainer - INFO - epoch complete
2026-05-15 16:51:15,509 - src.base.trainer - INFO - evaluating now!
2026-05-15 16:51:16,155 - src.base.trainer - INFO - Epoch [34/250] (5565) train_mae: 2.2268, val_mae: 3.0239, lr: 0.001000, 5.4s
2026-05-15 16:51:18,037 - src.base.trainer - INFO - Epoch [35/250] (5600) train_mae: 2.2388, val_mae: 3.0108 
2026-05-15 16:51:22,698 - src.base.trainer - INFO - epoch complete
2026-05-15 16:51:22,698 - src.base.trainer - INFO - evaluating now!
2026-05-15 16:51:23,276 - src.base.trainer - INFO - Epoch [35/250] (5724) train_mae: 2.2322, val_mae: 3.0783, lr: 0.001000, 6.5s
2026-05-15 16:51:28,582 - src.base.trainer - INFO - epoch complete
2026-05-15 16:51:28,582 - src.base.trainer - INFO - evaluating now!
2026-05-15 16:51:29,162 - src.base.trainer - INFO - Epoch [36/250] (5883) train_mae: 2.2255, val_mae: 3.0039, lr: 0.001000, 5.3s
2026-05-15 16:51:29,162 - src.base.trainer - INFO - Early stop at epoch 37, loss = 2.916844
2026-05-15 16:54:34,326 - src.base.trainer - INFO - the number of parameters: 59305
2026-05-15 16:54:34,327 - src.base.trainer - INFO - start training !!!!!
2026-05-15 16:54:39,896 - src.base.trainer - INFO - epoch complete
2026-05-15 16:54:39,896 - src.base.trainer - INFO - evaluating now!
2026-05-15 16:54:40,507 - src.base.trainer - INFO - Epoch [0/250] (159) train_mae: 5.4627, val_mae: 3.9573, lr: 0.001000, 5.6s
2026-05-15 16:54:40,514 - src.base.trainer - INFO - Val loss decrease from inf to 3.9573, saving to True
2026-05-15 16:54:46,279 - src.base.trainer - INFO - epoch complete
2026-05-15 16:54:46,279 - src.base.trainer - INFO - evaluating now!
2026-05-15 16:54:46,887 - src.base.trainer - INFO - Epoch [1/250] (318) train_mae: 3.0864, val_mae: 3.4073, lr: 0.001000, 5.8s
2026-05-15 16:54:46,888 - src.base.trainer - INFO - Val loss decrease from 3.9573 to 3.4073, saving to True
2026-05-15 16:54:50,530 - src.base.trainer - INFO - Epoch [2/250] (400) train_mae: 2.8410, val_mae: 3.2518 
2026-05-15 16:54:50,531 - src.base.trainer - INFO - Val loss decrease from 3.4073 to 3.2518, saving to True
2026-05-15 16:54:53,353 - src.base.trainer - INFO - epoch complete
2026-05-15 16:54:53,353 - src.base.trainer - INFO - evaluating now!
2026-05-15 16:54:53,957 - src.base.trainer - INFO - Epoch [2/250] (477) train_mae: 2.8008, val_mae: 3.2130, lr: 0.001000, 6.5s
2026-05-15 16:54:53,959 - src.base.trainer - INFO - Val loss decrease from 3.2518 to 3.2130, saving to True
2026-05-15 16:54:59,668 - src.base.trainer - INFO - epoch complete
2026-05-15 16:54:59,668 - src.base.trainer - INFO - evaluating now!
2026-05-15 16:55:00,292 - src.base.trainer - INFO - Epoch [3/250] (636) train_mae: 2.6730, val_mae: 3.1356, lr: 0.001000, 5.7s
2026-05-15 16:55:00,293 - src.base.trainer - INFO - Val loss decrease from 3.2130 to 3.1356, saving to True
2026-05-15 16:55:06,041 - src.base.trainer - INFO - epoch complete
2026-05-15 16:55:06,041 - src.base.trainer - INFO - evaluating now!
2026-05-15 16:55:06,651 - src.base.trainer - INFO - Epoch [4/250] (795) train_mae: 2.6302, val_mae: 3.0769, lr: 0.001000, 5.7s
2026-05-15 16:55:06,653 - src.base.trainer - INFO - Val loss decrease from 3.1356 to 3.0769, saving to True
2026-05-15 16:55:07,552 - src.base.trainer - INFO - Epoch [5/250] (800) train_mae: 2.8940, val_mae: 3.0724 
2026-05-15 16:55:07,553 - src.base.trainer - INFO - Val loss decrease from 3.0769 to 3.0724, saving to True
2026-05-15 16:55:13,305 - src.base.trainer - INFO - epoch complete
2026-05-15 16:55:13,305 - src.base.trainer - INFO - evaluating now!
2026-05-15 16:55:13,921 - src.base.trainer - INFO - Epoch [5/250] (954) train_mae: 2.6073, val_mae: 3.1211, lr: 0.001000, 6.7s
2026-05-15 16:55:19,572 - src.base.trainer - INFO - epoch complete
2026-05-15 16:55:19,572 - src.base.trainer - INFO - evaluating now!
2026-05-15 16:55:20,195 - src.base.trainer - INFO - Epoch [6/250] (1113) train_mae: 2.5637, val_mae: 3.0833, lr: 0.001000, 5.7s
2026-05-15 16:55:23,922 - src.base.trainer - INFO - Epoch [7/250] (1200) train_mae: 2.5245, val_mae: 3.0854 
2026-05-15 16:55:26,421 - src.base.trainer - INFO - epoch complete
2026-05-15 16:55:26,421 - src.base.trainer - INFO - evaluating now!
2026-05-15 16:55:27,040 - src.base.trainer - INFO - Epoch [7/250] (1272) train_mae: 2.5453, val_mae: 3.0512, lr: 0.001000, 6.2s
2026-05-15 16:55:27,042 - src.base.trainer - INFO - Val loss decrease from 3.0724 to 3.0512, saving to True
2026-05-15 16:55:32,936 - src.base.trainer - INFO - epoch complete
2026-05-15 16:55:32,936 - src.base.trainer - INFO - evaluating now!
2026-05-15 16:55:33,548 - src.base.trainer - INFO - Epoch [8/250] (1431) train_mae: 2.5328, val_mae: 3.0650, lr: 0.001000, 5.9s
2026-05-15 16:55:39,201 - src.base.trainer - INFO - epoch complete
2026-05-15 16:55:39,201 - src.base.trainer - INFO - evaluating now!
2026-05-15 16:55:39,856 - src.base.trainer - INFO - Epoch [9/250] (1590) train_mae: 2.5146, val_mae: 3.0316, lr: 0.001000, 5.7s
2026-05-15 16:55:39,858 - src.base.trainer - INFO - Val loss decrease from 3.0512 to 3.0316, saving to True
2026-05-15 16:55:40,981 - src.base.trainer - INFO - Epoch [10/250] (1600) train_mae: 2.3844, val_mae: 3.0535 
2026-05-15 16:55:46,336 - src.base.trainer - INFO - epoch complete
2026-05-15 16:55:46,336 - src.base.trainer - INFO - evaluating now!
2026-05-15 16:55:46,943 - src.base.trainer - INFO - Epoch [10/250] (1749) train_mae: 2.4817, val_mae: 3.0667, lr: 0.001000, 6.5s
2026-05-15 16:55:52,578 - src.base.trainer - INFO - epoch complete
2026-05-15 16:55:52,578 - src.base.trainer - INFO - evaluating now!
2026-05-15 16:55:53,190 - src.base.trainer - INFO - Epoch [11/250] (1908) train_mae: 2.4739, val_mae: 3.0484, lr: 0.001000, 5.6s
2026-05-15 16:55:57,071 - src.base.trainer - INFO - Epoch [12/250] (2000) train_mae: 2.4897, val_mae: 3.0720 
2026-05-15 16:55:59,438 - src.base.trainer - INFO - epoch complete
2026-05-15 16:55:59,438 - src.base.trainer - INFO - evaluating now!
2026-05-15 16:56:00,046 - src.base.trainer - INFO - Epoch [12/250] (2067) train_mae: 2.4536, val_mae: 3.0302, lr: 0.001000, 6.2s
2026-05-15 16:56:00,048 - src.base.trainer - INFO - Val loss decrease from 3.0316 to 3.0302, saving to True
2026-05-15 16:56:05,850 - src.base.trainer - INFO - epoch complete
2026-05-15 16:56:05,850 - src.base.trainer - INFO - evaluating now!
2026-05-15 16:56:06,472 - src.base.trainer - INFO - Epoch [13/250] (2226) train_mae: 2.4419, val_mae: 3.0317, lr: 0.001000, 5.8s
2026-05-15 16:56:12,136 - src.base.trainer - INFO - epoch complete
2026-05-15 16:56:12,136 - src.base.trainer - INFO - evaluating now!
2026-05-15 16:56:12,755 - src.base.trainer - INFO - Epoch [14/250] (2385) train_mae: 2.4337, val_mae: 3.0969, lr: 0.001000, 5.7s
2026-05-15 16:56:13,889 - src.base.trainer - INFO - Epoch [15/250] (2400) train_mae: 2.3142, val_mae: 3.0422 
2026-05-15 16:56:18,959 - src.base.trainer - INFO - epoch complete
2026-05-15 16:56:18,959 - src.base.trainer - INFO - evaluating now!
2026-05-15 16:56:19,569 - src.base.trainer - INFO - Epoch [15/250] (2544) train_mae: 2.3964, val_mae: 3.0506, lr: 0.001000, 6.2s
2026-05-15 16:56:25,187 - src.base.trainer - INFO - epoch complete
2026-05-15 16:56:25,188 - src.base.trainer - INFO - evaluating now!
2026-05-15 16:56:25,799 - src.base.trainer - INFO - Epoch [16/250] (2703) train_mae: 2.3920, val_mae: 3.0290, lr: 0.001000, 5.6s
2026-05-15 16:56:25,800 - src.base.trainer - INFO - Val loss decrease from 3.0302 to 3.0290, saving to True
2026-05-15 16:56:30,064 - src.base.trainer - INFO - Epoch [17/250] (2800) train_mae: 2.3743, val_mae: 3.0880 
2026-05-15 16:56:32,223 - src.base.trainer - INFO - epoch complete
2026-05-15 16:56:32,223 - src.base.trainer - INFO - evaluating now!
2026-05-15 16:56:32,831 - src.base.trainer - INFO - Epoch [17/250] (2862) train_mae: 2.3827, val_mae: 2.9958, lr: 0.001000, 6.4s
2026-05-15 16:56:32,832 - src.base.trainer - INFO - Val loss decrease from 3.0290 to 2.9958, saving to True
2026-05-15 16:56:38,567 - src.base.trainer - INFO - epoch complete
2026-05-15 16:56:38,567 - src.base.trainer - INFO - evaluating now!
2026-05-15 16:56:39,179 - src.base.trainer - INFO - Epoch [18/250] (3021) train_mae: 2.3575, val_mae: 3.0970, lr: 0.001000, 5.7s
2026-05-15 16:56:44,734 - src.base.trainer - INFO - epoch complete
2026-05-15 16:56:44,735 - src.base.trainer - INFO - evaluating now!
2026-05-15 16:56:45,345 - src.base.trainer - INFO - Epoch [19/250] (3180) train_mae: 2.3607, val_mae: 3.0280, lr: 0.001000, 5.6s
2026-05-15 16:56:46,649 - src.base.trainer - INFO - Epoch [20/250] (3200) train_mae: 2.3906, val_mae: 3.0469 
2026-05-15 16:56:51,511 - src.base.trainer - INFO - epoch complete
2026-05-15 16:56:51,511 - src.base.trainer - INFO - evaluating now!
2026-05-15 16:56:52,121 - src.base.trainer - INFO - Epoch [20/250] (3339) train_mae: 2.3527, val_mae: 3.0911, lr: 0.001000, 6.2s
2026-05-15 16:56:57,676 - src.base.trainer - INFO - epoch complete
2026-05-15 16:56:57,676 - src.base.trainer - INFO - evaluating now!
2026-05-15 16:56:58,290 - src.base.trainer - INFO - Epoch [21/250] (3498) train_mae: 2.3280, val_mae: 3.1313, lr: 0.001000, 5.6s
2026-05-15 16:57:02,516 - src.base.trainer - INFO - Epoch [22/250] (3600) train_mae: 2.3354, val_mae: 3.1557 
2026-05-15 16:57:04,510 - src.base.trainer - INFO - epoch complete
2026-05-15 16:57:04,510 - src.base.trainer - INFO - evaluating now!
2026-05-15 16:57:05,121 - src.base.trainer - INFO - Epoch [22/250] (3657) train_mae: 2.3222, val_mae: 3.0087, lr: 0.001000, 6.2s
2026-05-15 16:57:10,739 - src.base.trainer - INFO - epoch complete
2026-05-15 16:57:10,739 - src.base.trainer - INFO - evaluating now!
2026-05-15 16:57:11,350 - src.base.trainer - INFO - Epoch [23/250] (3816) train_mae: 2.3128, val_mae: 3.2236, lr: 0.001000, 5.6s
2026-05-15 16:57:17,664 - src.base.trainer - INFO - epoch complete
2026-05-15 16:57:17,664 - src.base.trainer - INFO - evaluating now!
2026-05-15 16:57:18,284 - src.base.trainer - INFO - Epoch [24/250] (3975) train_mae: 2.3052, val_mae: 3.0680, lr: 0.001000, 6.3s
2026-05-15 16:57:19,791 - src.base.trainer - INFO - Epoch [25/250] (4000) train_mae: 2.2873, val_mae: 3.2527 
2026-05-15 16:57:24,704 - src.base.trainer - INFO - epoch complete
2026-05-15 16:57:24,704 - src.base.trainer - INFO - evaluating now!
2026-05-15 16:57:25,322 - src.base.trainer - INFO - Epoch [25/250] (4134) train_mae: 2.2901, val_mae: 3.0654, lr: 0.001000, 6.4s
2026-05-15 16:57:31,233 - src.base.trainer - INFO - epoch complete
2026-05-15 16:57:31,233 - src.base.trainer - INFO - evaluating now!
2026-05-15 16:57:32,114 - src.base.trainer - INFO - Epoch [26/250] (4293) train_mae: 2.2773, val_mae: 3.0807, lr: 0.001000, 5.9s
2026-05-15 16:57:36,788 - src.base.trainer - INFO - Epoch [27/250] (4400) train_mae: 2.2467, val_mae: 3.1105 
2026-05-15 16:57:38,674 - src.base.trainer - INFO - epoch complete
2026-05-15 16:57:38,674 - src.base.trainer - INFO - evaluating now!
2026-05-15 16:57:39,313 - src.base.trainer - INFO - Epoch [27/250] (4452) train_mae: 2.2618, val_mae: 3.1341, lr: 0.001000, 6.6s
2026-05-15 16:57:39,314 - src.base.trainer - INFO - Early stop at epoch 28, loss = 2.995831
2026-05-15 18:30:33,246 - src.base.trainer - INFO - the number of parameters: 50359
2026-05-15 18:30:33,246 - src.base.trainer - INFO - start training !!!!!
2026-05-15 18:30:38,957 - src.base.trainer - INFO - epoch complete
2026-05-15 18:30:38,958 - src.base.trainer - INFO - evaluating now!
2026-05-15 18:30:39,560 - src.base.trainer - INFO - Epoch [0/250] (159) train_mae: 5.2913, val_mae: 3.9327, lr: 0.001000, 5.7s
2026-05-15 18:30:39,567 - src.base.trainer - INFO - Val loss decrease from inf to 3.9327, saving to True
2026-05-15 18:30:45,245 - src.base.trainer - INFO - epoch complete
2026-05-15 18:30:45,245 - src.base.trainer - INFO - evaluating now!
2026-05-15 18:30:45,846 - src.base.trainer - INFO - Epoch [1/250] (318) train_mae: 3.0077, val_mae: 3.3290, lr: 0.001000, 5.7s
2026-05-15 18:30:45,847 - src.base.trainer - INFO - Val loss decrease from 3.9327 to 3.3290, saving to True
2026-05-15 18:30:49,435 - src.base.trainer - INFO - Epoch [2/250] (400) train_mae: 2.7059, val_mae: 3.2259 
2026-05-15 18:30:49,437 - src.base.trainer - INFO - Val loss decrease from 3.3290 to 3.2259, saving to True
2026-05-15 18:30:52,233 - src.base.trainer - INFO - epoch complete
2026-05-15 18:30:52,234 - src.base.trainer - INFO - evaluating now!
2026-05-15 18:30:52,834 - src.base.trainer - INFO - Epoch [2/250] (477) train_mae: 2.7127, val_mae: 3.1715, lr: 0.001000, 6.4s
2026-05-15 18:30:52,835 - src.base.trainer - INFO - Val loss decrease from 3.2259 to 3.1715, saving to True
2026-05-15 18:30:58,825 - src.base.trainer - INFO - epoch complete
2026-05-15 18:30:58,825 - src.base.trainer - INFO - evaluating now!
2026-05-15 18:30:59,427 - src.base.trainer - INFO - Epoch [3/250] (636) train_mae: 2.6106, val_mae: 3.1788, lr: 0.001000, 6.0s
2026-05-15 18:31:04,890 - src.base.trainer - INFO - epoch complete
2026-05-15 18:31:04,890 - src.base.trainer - INFO - evaluating now!
2026-05-15 18:31:05,488 - src.base.trainer - INFO - Epoch [4/250] (795) train_mae: 2.5616, val_mae: 3.0212, lr: 0.001000, 5.5s
2026-05-15 18:31:05,490 - src.base.trainer - INFO - Val loss decrease from 3.1715 to 3.0212, saving to True
2026-05-15 18:31:06,349 - src.base.trainer - INFO - Epoch [5/250] (800) train_mae: 2.6716, val_mae: 3.1054 
2026-05-15 18:31:11,806 - src.base.trainer - INFO - epoch complete
2026-05-15 18:31:11,806 - src.base.trainer - INFO - evaluating now!
2026-05-15 18:31:12,405 - src.base.trainer - INFO - Epoch [5/250] (954) train_mae: 2.5209, val_mae: 3.0331, lr: 0.001000, 6.3s
2026-05-15 18:31:17,875 - src.base.trainer - INFO - epoch complete
2026-05-15 18:31:17,875 - src.base.trainer - INFO - evaluating now!
2026-05-15 18:31:18,474 - src.base.trainer - INFO - Epoch [6/250] (1113) train_mae: 2.5057, val_mae: 2.9740, lr: 0.001000, 5.5s
2026-05-15 18:31:18,476 - src.base.trainer - INFO - Val loss decrease from 3.0212 to 2.9740, saving to True
2026-05-15 18:31:22,247 - src.base.trainer - INFO - Epoch [7/250] (1200) train_mae: 2.4594, val_mae: 3.0051 
2026-05-15 18:31:24,719 - src.base.trainer - INFO - epoch complete
2026-05-15 18:31:24,719 - src.base.trainer - INFO - evaluating now!
2026-05-15 18:31:25,320 - src.base.trainer - INFO - Epoch [7/250] (1272) train_mae: 2.4673, val_mae: 2.9951, lr: 0.001000, 6.2s
2026-05-15 18:31:30,780 - src.base.trainer - INFO - epoch complete
2026-05-15 18:31:30,781 - src.base.trainer - INFO - evaluating now!
2026-05-15 18:31:31,380 - src.base.trainer - INFO - Epoch [8/250] (1431) train_mae: 2.4636, val_mae: 3.0080, lr: 0.001000, 5.5s
2026-05-15 18:31:36,848 - src.base.trainer - INFO - epoch complete
2026-05-15 18:31:36,848 - src.base.trainer - INFO - evaluating now!
2026-05-15 18:31:37,479 - src.base.trainer - INFO - Epoch [9/250] (1590) train_mae: 2.4408, val_mae: 3.0302, lr: 0.001000, 5.5s
2026-05-15 18:31:38,455 - src.base.trainer - INFO - Epoch [10/250] (1600) train_mae: 2.5774, val_mae: 3.0132 
2026-05-15 18:31:43,591 - src.base.trainer - INFO - epoch complete
2026-05-15 18:31:43,592 - src.base.trainer - INFO - evaluating now!
2026-05-15 18:31:44,198 - src.base.trainer - INFO - Epoch [10/250] (1749) train_mae: 2.4376, val_mae: 3.0479, lr: 0.001000, 6.1s
2026-05-15 18:31:49,690 - src.base.trainer - INFO - epoch complete
2026-05-15 18:31:49,690 - src.base.trainer - INFO - evaluating now!
2026-05-15 18:31:50,289 - src.base.trainer - INFO - Epoch [11/250] (1908) train_mae: 2.4180, val_mae: 2.9672, lr: 0.001000, 5.5s
2026-05-15 18:31:50,290 - src.base.trainer - INFO - Val loss decrease from 2.9740 to 2.9672, saving to True
2026-05-15 18:31:54,296 - src.base.trainer - INFO - Epoch [12/250] (2000) train_mae: 2.3782, val_mae: 2.9296 
2026-05-15 18:31:54,298 - src.base.trainer - INFO - Val loss decrease from 2.9672 to 2.9296, saving to True
2026-05-15 18:31:56,769 - src.base.trainer - INFO - epoch complete
2026-05-15 18:31:56,769 - src.base.trainer - INFO - evaluating now!
2026-05-15 18:31:57,370 - src.base.trainer - INFO - Epoch [12/250] (2067) train_mae: 2.3957, val_mae: 3.0648, lr: 0.001000, 6.5s
2026-05-15 18:32:02,876 - src.base.trainer - INFO - epoch complete
2026-05-15 18:32:02,877 - src.base.trainer - INFO - evaluating now!
2026-05-15 18:32:03,512 - src.base.trainer - INFO - Epoch [13/250] (2226) train_mae: 2.3712, val_mae: 2.9299, lr: 0.001000, 5.5s
2026-05-15 18:32:09,118 - src.base.trainer - INFO - epoch complete
2026-05-15 18:32:09,118 - src.base.trainer - INFO - evaluating now!
2026-05-15 18:32:09,726 - src.base.trainer - INFO - Epoch [14/250] (2385) train_mae: 2.3708, val_mae: 3.0402, lr: 0.001000, 5.6s
2026-05-15 18:32:10,846 - src.base.trainer - INFO - Epoch [15/250] (2400) train_mae: 2.4592, val_mae: 2.9952 
2026-05-15 18:32:15,999 - src.base.trainer - INFO - epoch complete
2026-05-15 18:32:15,999 - src.base.trainer - INFO - evaluating now!
2026-05-15 18:32:16,604 - src.base.trainer - INFO - Epoch [15/250] (2544) train_mae: 2.3587, val_mae: 2.9418, lr: 0.001000, 6.3s
2026-05-15 18:32:22,408 - src.base.trainer - INFO - epoch complete
2026-05-15 18:32:22,412 - src.base.trainer - INFO - evaluating now!
2026-05-15 18:32:23,016 - src.base.trainer - INFO - Epoch [16/250] (2703) train_mae: 2.3501, val_mae: 3.0588, lr: 0.001000, 5.8s
2026-05-15 18:32:26,981 - src.base.trainer - INFO - Epoch [17/250] (2800) train_mae: 2.3412, val_mae: 2.9612 
2026-05-15 18:32:29,127 - src.base.trainer - INFO - epoch complete
2026-05-15 18:32:29,127 - src.base.trainer - INFO - evaluating now!
2026-05-15 18:32:29,730 - src.base.trainer - INFO - Epoch [17/250] (2862) train_mae: 2.3576, val_mae: 3.0340, lr: 0.001000, 6.1s
2026-05-15 18:32:35,282 - src.base.trainer - INFO - epoch complete
2026-05-15 18:32:35,282 - src.base.trainer - INFO - evaluating now!
2026-05-15 18:32:35,921 - src.base.trainer - INFO - Epoch [18/250] (3021) train_mae: 2.3173, val_mae: 2.9700, lr: 0.001000, 5.6s
2026-05-15 18:32:41,505 - src.base.trainer - INFO - epoch complete
2026-05-15 18:32:41,505 - src.base.trainer - INFO - evaluating now!
2026-05-15 18:32:42,112 - src.base.trainer - INFO - Epoch [19/250] (3180) train_mae: 2.3073, val_mae: 3.0191, lr: 0.001000, 5.6s
2026-05-15 18:32:43,408 - src.base.trainer - INFO - Epoch [20/250] (3200) train_mae: 2.2707, val_mae: 2.9678 
2026-05-15 18:32:48,263 - src.base.trainer - INFO - epoch complete
2026-05-15 18:32:48,263 - src.base.trainer - INFO - evaluating now!
2026-05-15 18:32:48,870 - src.base.trainer - INFO - Epoch [20/250] (3339) train_mae: 2.3175, val_mae: 3.0686, lr: 0.001000, 6.2s
2026-05-15 18:32:54,602 - src.base.trainer - INFO - epoch complete
2026-05-15 18:32:54,602 - src.base.trainer - INFO - evaluating now!
2026-05-15 18:32:55,234 - src.base.trainer - INFO - Epoch [21/250] (3498) train_mae: 2.3080, val_mae: 3.0245, lr: 0.001000, 5.7s
2026-05-15 18:33:00,210 - src.base.trainer - INFO - Epoch [22/250] (3600) train_mae: 2.3121, val_mae: 3.1560 
2026-05-15 18:33:02,438 - src.base.trainer - INFO - epoch complete
2026-05-15 18:33:02,439 - src.base.trainer - INFO - evaluating now!
2026-05-15 18:33:03,110 - src.base.trainer - INFO - Epoch [22/250] (3657) train_mae: 2.3007, val_mae: 3.0205, lr: 0.001000, 7.2s
2026-05-15 18:33:03,110 - src.base.trainer - INFO - Early stop at epoch 23, loss = 2.929557
2026-05-16 10:40:47,920 - src.base.trainer - INFO - the number of parameters: 41413
2026-05-16 10:40:47,920 - src.base.trainer - INFO - start training !!!!!
2026-05-16 10:40:53,265 - src.base.trainer - INFO - epoch complete
2026-05-16 10:40:53,265 - src.base.trainer - INFO - evaluating now!
2026-05-16 10:40:53,834 - src.base.trainer - INFO - Epoch [0/250] (159) train_mae: 5.4113, val_mae: 3.8678, lr: 0.001000, 5.3s
2026-05-16 10:40:53,841 - src.base.trainer - INFO - Val loss decrease from inf to 3.8678, saving to True
2026-05-16 10:40:59,147 - src.base.trainer - INFO - epoch complete
2026-05-16 10:40:59,147 - src.base.trainer - INFO - evaluating now!
2026-05-16 10:40:59,727 - src.base.trainer - INFO - Epoch [1/250] (318) train_mae: 3.0352, val_mae: 3.3633, lr: 0.001000, 5.3s
2026-05-16 10:40:59,728 - src.base.trainer - INFO - Val loss decrease from 3.8678 to 3.3633, saving to True
2026-05-16 10:41:03,069 - src.base.trainer - INFO - Epoch [2/250] (400) train_mae: 2.8060, val_mae: 3.2878 
2026-05-16 10:41:03,070 - src.base.trainer - INFO - Val loss decrease from 3.3633 to 3.2878, saving to True
2026-05-16 10:41:05,700 - src.base.trainer - INFO - epoch complete
2026-05-16 10:41:05,700 - src.base.trainer - INFO - evaluating now!
2026-05-16 10:41:06,279 - src.base.trainer - INFO - Epoch [2/250] (477) train_mae: 2.7673, val_mae: 3.2195, lr: 0.001000, 6.0s
2026-05-16 10:41:06,280 - src.base.trainer - INFO - Val loss decrease from 3.2878 to 3.2195, saving to True
2026-05-16 10:41:11,529 - src.base.trainer - INFO - epoch complete
2026-05-16 10:41:11,529 - src.base.trainer - INFO - evaluating now!
2026-05-16 10:41:12,100 - src.base.trainer - INFO - Epoch [3/250] (636) train_mae: 2.6700, val_mae: 3.1214, lr: 0.001000, 5.2s
2026-05-16 10:41:12,101 - src.base.trainer - INFO - Val loss decrease from 3.2195 to 3.1214, saving to True
2026-05-16 10:41:17,353 - src.base.trainer - INFO - epoch complete
2026-05-16 10:41:17,353 - src.base.trainer - INFO - evaluating now!
2026-05-16 10:41:17,919 - src.base.trainer - INFO - Epoch [4/250] (795) train_mae: 2.6374, val_mae: 3.0860, lr: 0.001000, 5.3s
2026-05-16 10:41:17,920 - src.base.trainer - INFO - Val loss decrease from 3.1214 to 3.0860, saving to True
2026-05-16 10:41:18,690 - src.base.trainer - INFO - Epoch [5/250] (800) train_mae: 2.8054, val_mae: 3.0991 
2026-05-16 10:41:23,751 - src.base.trainer - INFO - epoch complete
2026-05-16 10:41:23,751 - src.base.trainer - INFO - evaluating now!
2026-05-16 10:41:24,322 - src.base.trainer - INFO - Epoch [5/250] (954) train_mae: 2.5937, val_mae: 3.0740, lr: 0.001000, 5.8s
2026-05-16 10:41:24,323 - src.base.trainer - INFO - Val loss decrease from 3.0860 to 3.0740, saving to True
2026-05-16 10:41:29,597 - src.base.trainer - INFO - epoch complete
2026-05-16 10:41:29,598 - src.base.trainer - INFO - evaluating now!
2026-05-16 10:41:30,182 - src.base.trainer - INFO - Epoch [6/250] (1113) train_mae: 2.5808, val_mae: 3.0377, lr: 0.001000, 5.3s
2026-05-16 10:41:30,183 - src.base.trainer - INFO - Val loss decrease from 3.0740 to 3.0377, saving to True
2026-05-16 10:41:33,684 - src.base.trainer - INFO - Epoch [7/250] (1200) train_mae: 2.5539, val_mae: 3.0600 
2026-05-16 10:41:36,025 - src.base.trainer - INFO - epoch complete
2026-05-16 10:41:36,025 - src.base.trainer - INFO - evaluating now!
2026-05-16 10:41:36,595 - src.base.trainer - INFO - Epoch [7/250] (1272) train_mae: 2.5549, val_mae: 2.9990, lr: 0.001000, 5.8s
2026-05-16 10:41:36,597 - src.base.trainer - INFO - Val loss decrease from 3.0377 to 2.9990, saving to True
2026-05-16 10:41:41,853 - src.base.trainer - INFO - epoch complete
2026-05-16 10:41:41,853 - src.base.trainer - INFO - evaluating now!
2026-05-16 10:41:42,423 - src.base.trainer - INFO - Epoch [8/250] (1431) train_mae: 2.5299, val_mae: 3.0240, lr: 0.001000, 5.3s
2026-05-16 10:41:47,578 - src.base.trainer - INFO - epoch complete
2026-05-16 10:41:47,579 - src.base.trainer - INFO - evaluating now!
2026-05-16 10:41:48,149 - src.base.trainer - INFO - Epoch [9/250] (1590) train_mae: 2.5142, val_mae: 3.0485, lr: 0.001000, 5.2s
2026-05-16 10:41:49,034 - src.base.trainer - INFO - Epoch [10/250] (1600) train_mae: 2.5252, val_mae: 3.0562 
2026-05-16 10:41:53,869 - src.base.trainer - INFO - epoch complete
2026-05-16 10:41:53,869 - src.base.trainer - INFO - evaluating now!
2026-05-16 10:41:54,441 - src.base.trainer - INFO - Epoch [10/250] (1749) train_mae: 2.4973, val_mae: 3.0239, lr: 0.001000, 5.7s
2026-05-16 10:41:59,591 - src.base.trainer - INFO - epoch complete
2026-05-16 10:41:59,591 - src.base.trainer - INFO - evaluating now!
2026-05-16 10:42:00,176 - src.base.trainer - INFO - Epoch [11/250] (1908) train_mae: 2.4981, val_mae: 2.9740, lr: 0.001000, 5.1s
2026-05-16 10:42:00,177 - src.base.trainer - INFO - Val loss decrease from 2.9990 to 2.9740, saving to True
2026-05-16 10:42:03,952 - src.base.trainer - INFO - Epoch [12/250] (2000) train_mae: 2.5173, val_mae: 2.9877 
2026-05-16 10:42:06,122 - src.base.trainer - INFO - epoch complete
2026-05-16 10:42:06,122 - src.base.trainer - INFO - evaluating now!
2026-05-16 10:42:06,691 - src.base.trainer - INFO - Epoch [12/250] (2067) train_mae: 2.4794, val_mae: 2.9983, lr: 0.001000, 5.9s
2026-05-16 10:42:11,823 - src.base.trainer - INFO - epoch complete
2026-05-16 10:42:11,823 - src.base.trainer - INFO - evaluating now!
2026-05-16 10:42:12,394 - src.base.trainer - INFO - Epoch [13/250] (2226) train_mae: 2.4587, val_mae: 2.9242, lr: 0.001000, 5.1s
2026-05-16 10:42:12,395 - src.base.trainer - INFO - Val loss decrease from 2.9740 to 2.9242, saving to True
2026-05-16 10:42:17,689 - src.base.trainer - INFO - epoch complete
2026-05-16 10:42:17,689 - src.base.trainer - INFO - evaluating now!
2026-05-16 10:42:18,260 - src.base.trainer - INFO - Epoch [14/250] (2385) train_mae: 2.4486, val_mae: 2.9383, lr: 0.001000, 5.3s
2026-05-16 10:42:19,305 - src.base.trainer - INFO - Epoch [15/250] (2400) train_mae: 2.5413, val_mae: 2.9421 
2026-05-16 10:42:23,951 - src.base.trainer - INFO - epoch complete
2026-05-16 10:42:23,951 - src.base.trainer - INFO - evaluating now!
2026-05-16 10:42:24,522 - src.base.trainer - INFO - Epoch [15/250] (2544) train_mae: 2.4436, val_mae: 2.9203, lr: 0.001000, 5.7s
2026-05-16 10:42:24,524 - src.base.trainer - INFO - Val loss decrease from 2.9242 to 2.9203, saving to True
2026-05-16 10:42:29,780 - src.base.trainer - INFO - epoch complete
2026-05-16 10:42:29,780 - src.base.trainer - INFO - evaluating now!
2026-05-16 10:42:30,364 - src.base.trainer - INFO - Epoch [16/250] (2703) train_mae: 2.4240, val_mae: 2.8840, lr: 0.001000, 5.3s
2026-05-16 10:42:30,365 - src.base.trainer - INFO - Val loss decrease from 2.9203 to 2.8840, saving to True
2026-05-16 10:42:34,183 - src.base.trainer - INFO - Epoch [17/250] (2800) train_mae: 2.4569, val_mae: 2.9280 
2026-05-16 10:42:36,187 - src.base.trainer - INFO - epoch complete
2026-05-16 10:42:36,187 - src.base.trainer - INFO - evaluating now!
2026-05-16 10:42:36,757 - src.base.trainer - INFO - Epoch [17/250] (2862) train_mae: 2.4233, val_mae: 2.9226, lr: 0.001000, 5.8s
2026-05-16 10:42:41,911 - src.base.trainer - INFO - epoch complete
2026-05-16 10:42:41,911 - src.base.trainer - INFO - evaluating now!
2026-05-16 10:42:42,482 - src.base.trainer - INFO - Epoch [18/250] (3021) train_mae: 2.4115, val_mae: 2.8832, lr: 0.001000, 5.2s
2026-05-16 10:42:42,483 - src.base.trainer - INFO - Val loss decrease from 2.8840 to 2.8832, saving to True
2026-05-16 10:42:47,757 - src.base.trainer - INFO - epoch complete
2026-05-16 10:42:47,757 - src.base.trainer - INFO - evaluating now!
2026-05-16 10:42:48,327 - src.base.trainer - INFO - Epoch [19/250] (3180) train_mae: 2.4068, val_mae: 2.9301, lr: 0.001000, 5.3s
2026-05-16 10:42:49,534 - src.base.trainer - INFO - Epoch [20/250] (3200) train_mae: 2.3466, val_mae: 2.8801 
2026-05-16 10:42:49,535 - src.base.trainer - INFO - Val loss decrease from 2.8832 to 2.8801, saving to True
2026-05-16 10:42:54,136 - src.base.trainer - INFO - epoch complete
2026-05-16 10:42:54,136 - src.base.trainer - INFO - evaluating now!
2026-05-16 10:42:54,707 - src.base.trainer - INFO - Epoch [20/250] (3339) train_mae: 2.4023, val_mae: 2.8745, lr: 0.001000, 5.8s
2026-05-16 10:42:54,708 - src.base.trainer - INFO - Val loss decrease from 2.8801 to 2.8745, saving to True
2026-05-16 10:42:59,960 - src.base.trainer - INFO - epoch complete
2026-05-16 10:42:59,961 - src.base.trainer - INFO - evaluating now!
2026-05-16 10:43:00,531 - src.base.trainer - INFO - Epoch [21/250] (3498) train_mae: 2.3826, val_mae: 2.9018, lr: 0.001000, 5.3s
2026-05-16 10:43:04,435 - src.base.trainer - INFO - Epoch [22/250] (3600) train_mae: 2.3540, val_mae: 2.8684 
2026-05-16 10:43:04,436 - src.base.trainer - INFO - Val loss decrease from 2.8745 to 2.8684, saving to True
2026-05-16 10:43:06,392 - src.base.trainer - INFO - epoch complete
2026-05-16 10:43:06,392 - src.base.trainer - INFO - evaluating now!
2026-05-16 10:43:06,966 - src.base.trainer - INFO - Epoch [22/250] (3657) train_mae: 2.3722, val_mae: 2.9008, lr: 0.001000, 5.9s
2026-05-16 10:43:12,132 - src.base.trainer - INFO - epoch complete
2026-05-16 10:43:12,132 - src.base.trainer - INFO - evaluating now!
2026-05-16 10:43:12,703 - src.base.trainer - INFO - Epoch [23/250] (3816) train_mae: 2.3730, val_mae: 2.9020, lr: 0.001000, 5.2s
2026-05-16 10:43:17,845 - src.base.trainer - INFO - epoch complete
2026-05-16 10:43:17,845 - src.base.trainer - INFO - evaluating now!
2026-05-16 10:43:18,417 - src.base.trainer - INFO - Epoch [24/250] (3975) train_mae: 2.3693, val_mae: 2.9718, lr: 0.001000, 5.1s
2026-05-16 10:43:19,790 - src.base.trainer - INFO - Epoch [25/250] (4000) train_mae: 2.3200, val_mae: 2.9378 
2026-05-16 10:43:24,160 - src.base.trainer - INFO - epoch complete
2026-05-16 10:43:24,160 - src.base.trainer - INFO - evaluating now!
2026-05-16 10:43:24,730 - src.base.trainer - INFO - Epoch [25/250] (4134) train_mae: 2.3523, val_mae: 2.8739, lr: 0.001000, 5.7s
2026-05-16 10:43:29,891 - src.base.trainer - INFO - epoch complete
2026-05-16 10:43:29,891 - src.base.trainer - INFO - evaluating now!
2026-05-16 10:43:30,465 - src.base.trainer - INFO - Epoch [26/250] (4293) train_mae: 2.3281, val_mae: 2.9206, lr: 0.001000, 5.2s
2026-05-16 10:43:34,521 - src.base.trainer - INFO - Epoch [27/250] (4400) train_mae: 2.3414, val_mae: 2.9322 
2026-05-16 10:43:36,205 - src.base.trainer - INFO - epoch complete
2026-05-16 10:43:36,205 - src.base.trainer - INFO - evaluating now!
2026-05-16 10:43:36,779 - src.base.trainer - INFO - Epoch [27/250] (4452) train_mae: 2.3364, val_mae: 2.9211, lr: 0.001000, 5.7s
2026-05-16 10:43:41,941 - src.base.trainer - INFO - epoch complete
2026-05-16 10:43:41,941 - src.base.trainer - INFO - evaluating now!
2026-05-16 10:43:42,512 - src.base.trainer - INFO - Epoch [28/250] (4611) train_mae: 2.3290, val_mae: 2.9280, lr: 0.001000, 5.2s
2026-05-16 10:43:47,662 - src.base.trainer - INFO - epoch complete
2026-05-16 10:43:47,662 - src.base.trainer - INFO - evaluating now!
2026-05-16 10:43:48,234 - src.base.trainer - INFO - Epoch [29/250] (4770) train_mae: 2.3288, val_mae: 2.9314, lr: 0.001000, 5.1s
2026-05-16 10:43:49,772 - src.base.trainer - INFO - Epoch [30/250] (4800) train_mae: 2.2450, val_mae: 2.8939 
2026-05-16 10:43:53,964 - src.base.trainer - INFO - epoch complete
2026-05-16 10:43:53,964 - src.base.trainer - INFO - evaluating now!
2026-05-16 10:43:54,546 - src.base.trainer - INFO - Epoch [30/250] (4929) train_mae: 2.3080, val_mae: 2.9767, lr: 0.001000, 5.7s
2026-05-16 10:43:59,895 - src.base.trainer - INFO - epoch complete
2026-05-16 10:43:59,898 - src.base.trainer - INFO - evaluating now!
2026-05-16 10:44:00,480 - src.base.trainer - INFO - Epoch [31/250] (5088) train_mae: 2.3016, val_mae: 2.9693, lr: 0.001000, 5.3s
2026-05-16 10:44:04,835 - src.base.trainer - INFO - Epoch [32/250] (5200) train_mae: 2.2902, val_mae: 3.0880 
2026-05-16 10:44:06,406 - src.base.trainer - INFO - epoch complete
2026-05-16 10:44:06,406 - src.base.trainer - INFO - evaluating now!
2026-05-16 10:44:06,985 - src.base.trainer - INFO - Epoch [32/250] (5247) train_mae: 2.2896, val_mae: 3.0793, lr: 0.001000, 5.9s
2026-05-16 10:44:12,481 - src.base.trainer - INFO - epoch complete
2026-05-16 10:44:12,482 - src.base.trainer - INFO - evaluating now!
2026-05-16 10:44:13,053 - src.base.trainer - INFO - Epoch [33/250] (5406) train_mae: 2.2920, val_mae: 2.9656, lr: 0.001000, 5.5s
2026-05-16 10:44:18,205 - src.base.trainer - INFO - epoch complete
2026-05-16 10:44:18,205 - src.base.trainer - INFO - evaluating now!
2026-05-16 10:44:18,772 - src.base.trainer - INFO - Epoch [34/250] (5565) train_mae: 2.2912, val_mae: 2.9604, lr: 0.001000, 5.2s
2026-05-16 10:44:20,476 - src.base.trainer - INFO - Epoch [35/250] (5600) train_mae: 2.3610, val_mae: 2.9486 
2026-05-16 10:44:24,477 - src.base.trainer - INFO - epoch complete
2026-05-16 10:44:24,477 - src.base.trainer - INFO - evaluating now!
2026-05-16 10:44:25,051 - src.base.trainer - INFO - Epoch [35/250] (5724) train_mae: 2.2737, val_mae: 2.9066, lr: 0.001000, 5.7s
2026-05-16 10:44:30,205 - src.base.trainer - INFO - epoch complete
2026-05-16 10:44:30,205 - src.base.trainer - INFO - evaluating now!
2026-05-16 10:44:30,776 - src.base.trainer - INFO - Epoch [36/250] (5883) train_mae: 2.2722, val_mae: 2.8812, lr: 0.001000, 5.2s
2026-05-16 10:44:35,150 - src.base.trainer - INFO - Epoch [37/250] (6000) train_mae: 2.2710, val_mae: 2.9157 
2026-05-16 10:44:36,502 - src.base.trainer - INFO - epoch complete
2026-05-16 10:44:36,502 - src.base.trainer - INFO - evaluating now!
2026-05-16 10:44:37,076 - src.base.trainer - INFO - Epoch [37/250] (6042) train_mae: 2.2545, val_mae: 2.9923, lr: 0.001000, 5.7s
2026-05-16 10:44:42,233 - src.base.trainer - INFO - epoch complete
2026-05-16 10:44:42,235 - src.base.trainer - INFO - evaluating now!
2026-05-16 10:44:42,805 - src.base.trainer - INFO - Epoch [38/250] (6201) train_mae: 2.2446, val_mae: 2.9527, lr: 0.001000, 5.2s
2026-05-16 10:44:47,972 - src.base.trainer - INFO - epoch complete
2026-05-16 10:44:47,973 - src.base.trainer - INFO - evaluating now!
2026-05-16 10:44:48,546 - src.base.trainer - INFO - Epoch [39/250] (6360) train_mae: 2.2528, val_mae: 2.9816, lr: 0.001000, 5.2s
2026-05-16 10:44:50,408 - src.base.trainer - INFO - Epoch [40/250] (6400) train_mae: 2.3202, val_mae: 2.9401 
2026-05-16 10:44:54,240 - src.base.trainer - INFO - epoch complete
2026-05-16 10:44:54,241 - src.base.trainer - INFO - evaluating now!
2026-05-16 10:44:54,813 - src.base.trainer - INFO - Epoch [40/250] (6519) train_mae: 2.2353, val_mae: 2.9257, lr: 0.001000, 5.7s
2026-05-16 10:44:59,974 - src.base.trainer - INFO - epoch complete
2026-05-16 10:44:59,974 - src.base.trainer - INFO - evaluating now!
2026-05-16 10:45:00,547 - src.base.trainer - INFO - Epoch [41/250] (6678) train_mae: 2.2443, val_mae: 3.0162, lr: 0.001000, 5.2s
2026-05-16 10:45:05,303 - src.base.trainer - INFO - Epoch [42/250] (6800) train_mae: 2.2511, val_mae: 2.9703 
2026-05-16 10:45:06,494 - src.base.trainer - INFO - epoch complete
2026-05-16 10:45:06,494 - src.base.trainer - INFO - evaluating now!
2026-05-16 10:45:07,065 - src.base.trainer - INFO - Epoch [42/250] (6837) train_mae: 2.2385, val_mae: 2.9871, lr: 0.001000, 5.9s
2026-05-16 10:45:12,236 - src.base.trainer - INFO - epoch complete
2026-05-16 10:45:12,236 - src.base.trainer - INFO - evaluating now!
2026-05-16 10:45:12,810 - src.base.trainer - INFO - Epoch [43/250] (6996) train_mae: 2.2280, val_mae: 3.0174, lr: 0.001000, 5.2s
2026-05-16 10:45:17,956 - src.base.trainer - INFO - epoch complete
2026-05-16 10:45:17,956 - src.base.trainer - INFO - evaluating now!
2026-05-16 10:45:18,527 - src.base.trainer - INFO - Epoch [44/250] (7155) train_mae: 2.2118, val_mae: 3.0237, lr: 0.001000, 5.1s
2026-05-16 10:45:20,563 - src.base.trainer - INFO - Epoch [45/250] (7200) train_mae: 2.2655, val_mae: 3.0049 
2026-05-16 10:45:24,240 - src.base.trainer - INFO - epoch complete
2026-05-16 10:45:24,240 - src.base.trainer - INFO - evaluating now!
2026-05-16 10:45:24,812 - src.base.trainer - INFO - Epoch [45/250] (7314) train_mae: 2.2207, val_mae: 3.0591, lr: 0.001000, 5.7s
2026-05-16 10:45:29,985 - src.base.trainer - INFO - epoch complete
2026-05-16 10:45:29,985 - src.base.trainer - INFO - evaluating now!
2026-05-16 10:45:30,558 - src.base.trainer - INFO - Epoch [46/250] (7473) train_mae: 2.2206, val_mae: 3.0182, lr: 0.001000, 5.2s
2026-05-16 10:45:35,243 - src.base.trainer - INFO - Epoch [47/250] (7600) train_mae: 2.2057, val_mae: 2.9905 
2026-05-16 10:45:36,265 - src.base.trainer - INFO - epoch complete
2026-05-16 10:45:36,265 - src.base.trainer - INFO - evaluating now!
2026-05-16 10:45:36,836 - src.base.trainer - INFO - Epoch [47/250] (7632) train_mae: 2.2039, val_mae: 3.0325, lr: 0.001000, 5.7s
2026-05-16 10:45:41,990 - src.base.trainer - INFO - epoch complete
2026-05-16 10:45:41,990 - src.base.trainer - INFO - evaluating now!
2026-05-16 10:45:42,561 - src.base.trainer - INFO - Epoch [48/250] (7791) train_mae: 2.1925, val_mae: 2.9476, lr: 0.001000, 5.2s
2026-05-16 10:45:47,733 - src.base.trainer - INFO - epoch complete
2026-05-16 10:45:47,733 - src.base.trainer - INFO - evaluating now!
2026-05-16 10:45:48,304 - src.base.trainer - INFO - Epoch [49/250] (7950) train_mae: 2.2089, val_mae: 3.0354, lr: 0.001000, 5.2s
2026-05-16 10:45:50,499 - src.base.trainer - INFO - Epoch [50/250] (8000) train_mae: 2.2531, val_mae: 2.9826 
2026-05-16 10:45:54,011 - src.base.trainer - INFO - epoch complete
2026-05-16 10:45:54,011 - src.base.trainer - INFO - evaluating now!
2026-05-16 10:45:54,582 - src.base.trainer - INFO - Epoch [50/250] (8109) train_mae: 2.1976, val_mae: 3.0125, lr: 0.001000, 5.7s
2026-05-16 10:45:59,740 - src.base.trainer - INFO - epoch complete
2026-05-16 10:45:59,740 - src.base.trainer - INFO - evaluating now!
2026-05-16 10:46:00,329 - src.base.trainer - INFO - Epoch [51/250] (8268) train_mae: 2.1802, val_mae: 3.0118, lr: 0.001000, 5.2s
2026-05-16 10:46:05,200 - src.base.trainer - INFO - Epoch [52/250] (8400) train_mae: 2.1720, val_mae: 2.9698 
2026-05-16 10:46:06,066 - src.base.trainer - INFO - epoch complete
2026-05-16 10:46:06,066 - src.base.trainer - INFO - evaluating now!
2026-05-16 10:46:06,635 - src.base.trainer - INFO - Epoch [52/250] (8427) train_mae: 2.1827, val_mae: 3.2237, lr: 0.001000, 5.7s
2026-05-16 10:46:11,782 - src.base.trainer - INFO - epoch complete
2026-05-16 10:46:11,782 - src.base.trainer - INFO - evaluating now!
2026-05-16 10:46:12,354 - src.base.trainer - INFO - Epoch [53/250] (8586) train_mae: 2.1989, val_mae: 3.1343, lr: 0.001000, 5.1s
2026-05-16 10:46:17,569 - src.base.trainer - INFO - epoch complete
2026-05-16 10:46:17,570 - src.base.trainer - INFO - evaluating now!
2026-05-16 10:46:18,163 - src.base.trainer - INFO - Epoch [54/250] (8745) train_mae: 2.2027, val_mae: 3.0552, lr: 0.001000, 5.2s
2026-05-16 10:46:20,576 - src.base.trainer - INFO - Epoch [55/250] (8800) train_mae: 2.1868, val_mae: 3.1300 
2026-05-16 10:46:24,100 - src.base.trainer - INFO - epoch complete
2026-05-16 10:46:24,100 - src.base.trainer - INFO - evaluating now!
2026-05-16 10:46:24,674 - src.base.trainer - INFO - Epoch [55/250] (8904) train_mae: 2.1864, val_mae: 3.0630, lr: 0.001000, 5.9s
2026-05-16 10:46:29,837 - src.base.trainer - INFO - epoch complete
2026-05-16 10:46:29,837 - src.base.trainer - INFO - evaluating now!
2026-05-16 10:46:30,416 - src.base.trainer - INFO - Epoch [56/250] (9063) train_mae: 2.1690, val_mae: 3.0024, lr: 0.001000, 5.2s
2026-05-16 10:46:35,430 - src.base.trainer - INFO - Epoch [57/250] (9200) train_mae: 2.1982, val_mae: 3.1314 
2026-05-16 10:46:36,127 - src.base.trainer - INFO - epoch complete
2026-05-16 10:46:36,127 - src.base.trainer - INFO - evaluating now!
2026-05-16 10:46:36,697 - src.base.trainer - INFO - Epoch [57/250] (9222) train_mae: 2.1896, val_mae: 3.0360, lr: 0.001000, 5.7s
2026-05-16 10:46:41,861 - src.base.trainer - INFO - epoch complete
2026-05-16 10:46:41,861 - src.base.trainer - INFO - evaluating now!
2026-05-16 10:46:42,433 - src.base.trainer - INFO - Epoch [58/250] (9381) train_mae: 2.1722, val_mae: 3.0551, lr: 0.001000, 5.2s
2026-05-16 10:46:47,606 - src.base.trainer - INFO - epoch complete
2026-05-16 10:46:47,606 - src.base.trainer - INFO - evaluating now!
2026-05-16 10:46:48,178 - src.base.trainer - INFO - Epoch [59/250] (9540) train_mae: 2.1817, val_mae: 3.1656, lr: 0.001000, 5.2s
2026-05-16 10:46:50,701 - src.base.trainer - INFO - Epoch [60/250] (9600) train_mae: 2.1577, val_mae: 3.1480 
2026-05-16 10:46:53,911 - src.base.trainer - INFO - epoch complete
2026-05-16 10:46:53,911 - src.base.trainer - INFO - evaluating now!
2026-05-16 10:46:54,483 - src.base.trainer - INFO - Epoch [60/250] (9699) train_mae: 2.1687, val_mae: 3.1462, lr: 0.001000, 5.7s
2026-05-16 10:46:59,645 - src.base.trainer - INFO - epoch complete
2026-05-16 10:46:59,645 - src.base.trainer - INFO - evaluating now!
2026-05-16 10:47:00,224 - src.base.trainer - INFO - Epoch [61/250] (9858) train_mae: 2.1497, val_mae: 3.1190, lr: 0.001000, 5.2s
2026-05-16 10:47:05,442 - src.base.trainer - INFO - Epoch [62/250] (10000) train_mae: 2.1652, val_mae: 3.2017 
2026-05-16 10:47:05,979 - src.base.trainer - INFO - epoch complete
2026-05-16 10:47:05,980 - src.base.trainer - INFO - evaluating now!
2026-05-16 10:47:06,550 - src.base.trainer - INFO - Epoch [62/250] (10017) train_mae: 2.1651, val_mae: 3.1083, lr: 0.001000, 5.8s
2026-05-16 10:47:11,715 - src.base.trainer - INFO - epoch complete
2026-05-16 10:47:11,715 - src.base.trainer - INFO - evaluating now!
2026-05-16 10:47:12,287 - src.base.trainer - INFO - Epoch [63/250] (10176) train_mae: 2.1512, val_mae: 3.0951, lr: 0.001000, 5.2s
2026-05-16 10:47:17,512 - src.base.trainer - INFO - epoch complete
2026-05-16 10:47:17,512 - src.base.trainer - INFO - evaluating now!
2026-05-16 10:47:18,086 - src.base.trainer - INFO - Epoch [64/250] (10335) train_mae: 2.1581, val_mae: 3.3078, lr: 0.001000, 5.2s
2026-05-16 10:47:20,761 - src.base.trainer - INFO - Epoch [65/250] (10400) train_mae: 2.1476, val_mae: 3.2243 
2026-05-16 10:47:23,806 - src.base.trainer - INFO - epoch complete
2026-05-16 10:47:23,806 - src.base.trainer - INFO - evaluating now!
2026-05-16 10:47:24,379 - src.base.trainer - INFO - Epoch [65/250] (10494) train_mae: 2.1585, val_mae: 3.1170, lr: 0.001000, 5.7s
2026-05-16 10:47:29,546 - src.base.trainer - INFO - epoch complete
2026-05-16 10:47:29,547 - src.base.trainer - INFO - evaluating now!
2026-05-16 10:47:30,124 - src.base.trainer - INFO - Epoch [66/250] (10653) train_mae: 2.1532, val_mae: 3.1634, lr: 0.001000, 5.2s
2026-05-16 10:47:35,463 - src.base.trainer - INFO - Epoch [67/250] (10800) train_mae: 2.1705, val_mae: 3.2301 
2026-05-16 10:47:35,839 - src.base.trainer - INFO - epoch complete
2026-05-16 10:47:35,839 - src.base.trainer - INFO - evaluating now!
2026-05-16 10:47:36,413 - src.base.trainer - INFO - Epoch [67/250] (10812) train_mae: 2.1642, val_mae: 3.2319, lr: 0.001000, 5.7s
2026-05-16 10:47:41,559 - src.base.trainer - INFO - epoch complete
2026-05-16 10:47:41,559 - src.base.trainer - INFO - evaluating now!
2026-05-16 10:47:42,131 - src.base.trainer - INFO - Epoch [68/250] (10971) train_mae: 2.1441, val_mae: 3.2322, lr: 0.001000, 5.1s
2026-05-16 10:47:47,286 - src.base.trainer - INFO - epoch complete
2026-05-16 10:47:47,286 - src.base.trainer - INFO - evaluating now!
2026-05-16 10:47:47,859 - src.base.trainer - INFO - Epoch [69/250] (11130) train_mae: 2.1439, val_mae: 3.1562, lr: 0.001000, 5.2s
2026-05-16 10:47:50,707 - src.base.trainer - INFO - Epoch [70/250] (11200) train_mae: 2.1356, val_mae: 3.1984 
2026-05-16 10:47:53,585 - src.base.trainer - INFO - epoch complete
2026-05-16 10:47:53,586 - src.base.trainer - INFO - evaluating now!
2026-05-16 10:47:54,156 - src.base.trainer - INFO - Epoch [70/250] (11289) train_mae: 2.1290, val_mae: 3.2369, lr: 0.001000, 5.7s
2026-05-16 10:47:59,300 - src.base.trainer - INFO - epoch complete
2026-05-16 10:47:59,300 - src.base.trainer - INFO - evaluating now!
2026-05-16 10:47:59,873 - src.base.trainer - INFO - Epoch [71/250] (11448) train_mae: 2.1239, val_mae: 3.2006, lr: 0.001000, 5.1s
2026-05-16 10:48:05,433 - src.base.trainer - INFO - Epoch [72/250] (11600) train_mae: 2.1234, val_mae: 3.2202 
2026-05-16 10:48:05,647 - src.base.trainer - INFO - epoch complete
2026-05-16 10:48:05,647 - src.base.trainer - INFO - evaluating now!
2026-05-16 10:48:06,219 - src.base.trainer - INFO - Epoch [72/250] (11607) train_mae: 2.1281, val_mae: 3.3009, lr: 0.001000, 5.8s
2026-05-16 10:48:06,219 - src.base.trainer - INFO - Early stop at epoch 73, loss = 2.868445
2026-05-16 11:09:05,319 - src.base.trainer - INFO - the number of parameters: 41413
2026-05-16 11:09:05,319 - src.base.trainer - INFO - start training !!!!!
2026-05-16 11:09:11,085 - src.base.trainer - INFO - epoch complete
2026-05-16 11:09:11,085 - src.base.trainer - INFO - evaluating now!
2026-05-16 11:09:11,661 - src.base.trainer - INFO - Epoch [0/250] (159) train_mae: 5.4113, val_mae: 3.8678, lr: 0.001000, 5.8s
2026-05-16 11:09:11,666 - src.base.trainer - INFO - Val loss decrease from inf to 3.8678, saving to True
2026-05-16 11:09:16,948 - src.base.trainer - INFO - epoch complete
2026-05-16 11:09:16,948 - src.base.trainer - INFO - evaluating now!
2026-05-16 11:09:17,521 - src.base.trainer - INFO - Epoch [1/250] (318) train_mae: 3.0352, val_mae: 3.3633, lr: 0.001000, 5.3s
2026-05-16 11:09:17,522 - src.base.trainer - INFO - Val loss decrease from 3.8678 to 3.3633, saving to True
2026-05-16 11:09:20,846 - src.base.trainer - INFO - Epoch [2/250] (400) train_mae: 2.8060, val_mae: 3.2878 
2026-05-16 11:09:20,847 - src.base.trainer - INFO - Val loss decrease from 3.3633 to 3.2878, saving to True
2026-05-16 11:09:23,567 - src.base.trainer - INFO - epoch complete
2026-05-16 11:09:23,567 - src.base.trainer - INFO - evaluating now!
2026-05-16 11:09:24,160 - src.base.trainer - INFO - Epoch [2/250] (477) train_mae: 2.7673, val_mae: 3.2195, lr: 0.001000, 6.0s
2026-05-16 11:09:24,161 - src.base.trainer - INFO - Val loss decrease from 3.2878 to 3.2195, saving to True
2026-05-16 11:09:29,486 - src.base.trainer - INFO - epoch complete
2026-05-16 11:09:29,486 - src.base.trainer - INFO - evaluating now!
2026-05-16 11:09:30,083 - src.base.trainer - INFO - Epoch [3/250] (636) train_mae: 2.6700, val_mae: 3.1214, lr: 0.001000, 5.3s
2026-05-16 11:09:30,084 - src.base.trainer - INFO - Val loss decrease from 3.2195 to 3.1214, saving to True
2026-05-16 11:09:35,505 - src.base.trainer - INFO - epoch complete
2026-05-16 11:09:35,505 - src.base.trainer - INFO - evaluating now!
2026-05-16 11:09:36,078 - src.base.trainer - INFO - Epoch [4/250] (795) train_mae: 2.6374, val_mae: 3.0860, lr: 0.001000, 5.4s
2026-05-16 11:09:36,080 - src.base.trainer - INFO - Val loss decrease from 3.1214 to 3.0860, saving to True
2026-05-16 11:09:36,856 - src.base.trainer - INFO - Epoch [5/250] (800) train_mae: 2.8054, val_mae: 3.0991 
2026-05-16 11:09:42,036 - src.base.trainer - INFO - epoch complete
2026-05-16 11:09:42,036 - src.base.trainer - INFO - evaluating now!
2026-05-16 11:09:42,607 - src.base.trainer - INFO - Epoch [5/250] (954) train_mae: 2.5937, val_mae: 3.0740, lr: 0.001000, 6.0s
2026-05-16 11:09:42,608 - src.base.trainer - INFO - Val loss decrease from 3.0860 to 3.0740, saving to True
2026-05-16 11:09:47,880 - src.base.trainer - INFO - epoch complete
2026-05-16 11:09:47,880 - src.base.trainer - INFO - evaluating now!
2026-05-16 11:09:48,452 - src.base.trainer - INFO - Epoch [6/250] (1113) train_mae: 2.5808, val_mae: 3.0377, lr: 0.001000, 5.3s
2026-05-16 11:09:48,453 - src.base.trainer - INFO - Val loss decrease from 3.0740 to 3.0377, saving to True
2026-05-16 11:09:51,967 - src.base.trainer - INFO - Epoch [7/250] (1200) train_mae: 2.5539, val_mae: 3.0600 
2026-05-16 11:09:54,290 - src.base.trainer - INFO - epoch complete
2026-05-16 11:09:54,290 - src.base.trainer - INFO - evaluating now!
2026-05-16 11:09:54,862 - src.base.trainer - INFO - Epoch [7/250] (1272) train_mae: 2.5549, val_mae: 2.9990, lr: 0.001000, 5.8s
2026-05-16 11:09:54,863 - src.base.trainer - INFO - Val loss decrease from 3.0377 to 2.9990, saving to True
2026-05-16 11:10:00,155 - src.base.trainer - INFO - epoch complete
2026-05-16 11:10:00,155 - src.base.trainer - INFO - evaluating now!
2026-05-16 11:10:00,725 - src.base.trainer - INFO - Epoch [8/250] (1431) train_mae: 2.5299, val_mae: 3.0240, lr: 0.001000, 5.3s
2026-05-16 11:10:05,919 - src.base.trainer - INFO - epoch complete
2026-05-16 11:10:05,919 - src.base.trainer - INFO - evaluating now!
2026-05-16 11:10:06,491 - src.base.trainer - INFO - Epoch [9/250] (1590) train_mae: 2.5142, val_mae: 3.0485, lr: 0.001000, 5.2s
2026-05-16 11:10:07,375 - src.base.trainer - INFO - Epoch [10/250] (1600) train_mae: 2.5252, val_mae: 3.0562 
2026-05-16 11:10:12,213 - src.base.trainer - INFO - epoch complete
2026-05-16 11:10:12,213 - src.base.trainer - INFO - evaluating now!
2026-05-16 11:10:12,794 - src.base.trainer - INFO - Epoch [10/250] (1749) train_mae: 2.4973, val_mae: 3.0239, lr: 0.001000, 5.7s
2026-05-16 11:10:17,985 - src.base.trainer - INFO - epoch complete
2026-05-16 11:10:17,985 - src.base.trainer - INFO - evaluating now!
2026-05-16 11:10:18,558 - src.base.trainer - INFO - Epoch [11/250] (1908) train_mae: 2.4981, val_mae: 2.9740, lr: 0.001000, 5.2s
2026-05-16 11:10:18,559 - src.base.trainer - INFO - Val loss decrease from 2.9990 to 2.9740, saving to True
2026-05-16 11:10:22,226 - src.base.trainer - INFO - Epoch [12/250] (2000) train_mae: 2.5173, val_mae: 2.9877 
2026-05-16 11:10:24,389 - src.base.trainer - INFO - epoch complete
2026-05-16 11:10:24,389 - src.base.trainer - INFO - evaluating now!
2026-05-16 11:10:24,961 - src.base.trainer - INFO - Epoch [12/250] (2067) train_mae: 2.4794, val_mae: 2.9983, lr: 0.001000, 5.8s
2026-05-16 11:10:30,143 - src.base.trainer - INFO - epoch complete
2026-05-16 11:10:30,143 - src.base.trainer - INFO - evaluating now!
2026-05-16 11:10:30,714 - src.base.trainer - INFO - Epoch [13/250] (2226) train_mae: 2.4587, val_mae: 2.9242, lr: 0.001000, 5.2s
2026-05-16 11:10:30,715 - src.base.trainer - INFO - Val loss decrease from 2.9740 to 2.9242, saving to True
2026-05-16 11:10:35,987 - src.base.trainer - INFO - epoch complete
2026-05-16 11:10:35,987 - src.base.trainer - INFO - evaluating now!
2026-05-16 11:10:36,559 - src.base.trainer - INFO - Epoch [14/250] (2385) train_mae: 2.4486, val_mae: 2.9383, lr: 0.001000, 5.3s
2026-05-16 11:10:37,610 - src.base.trainer - INFO - Epoch [15/250] (2400) train_mae: 2.5413, val_mae: 2.9421 
2026-05-16 11:10:42,334 - src.base.trainer - INFO - epoch complete
2026-05-16 11:10:42,334 - src.base.trainer - INFO - evaluating now!
2026-05-16 11:10:42,905 - src.base.trainer - INFO - Epoch [15/250] (2544) train_mae: 2.4436, val_mae: 2.9203, lr: 0.001000, 5.8s
2026-05-16 11:10:42,906 - src.base.trainer - INFO - Val loss decrease from 2.9242 to 2.9203, saving to True
2026-05-16 11:10:48,180 - src.base.trainer - INFO - epoch complete
2026-05-16 11:10:48,180 - src.base.trainer - INFO - evaluating now!
2026-05-16 11:10:48,752 - src.base.trainer - INFO - Epoch [16/250] (2703) train_mae: 2.4240, val_mae: 2.8840, lr: 0.001000, 5.3s
2026-05-16 11:10:48,753 - src.base.trainer - INFO - Val loss decrease from 2.9203 to 2.8840, saving to True
2026-05-16 11:10:52,575 - src.base.trainer - INFO - Epoch [17/250] (2800) train_mae: 2.4569, val_mae: 2.9280 
2026-05-16 11:10:54,586 - src.base.trainer - INFO - epoch complete
2026-05-16 11:10:54,586 - src.base.trainer - INFO - evaluating now!
2026-05-16 11:10:55,155 - src.base.trainer - INFO - Epoch [17/250] (2862) train_mae: 2.4233, val_mae: 2.9226, lr: 0.001000, 5.8s
2026-05-16 11:11:00,347 - src.base.trainer - INFO - epoch complete
2026-05-16 11:11:00,347 - src.base.trainer - INFO - evaluating now!
2026-05-16 11:11:00,917 - src.base.trainer - INFO - Epoch [18/250] (3021) train_mae: 2.4115, val_mae: 2.8832, lr: 0.001000, 5.2s
2026-05-16 11:11:00,918 - src.base.trainer - INFO - Val loss decrease from 2.8840 to 2.8832, saving to True
2026-05-16 11:11:06,351 - src.base.trainer - INFO - epoch complete
2026-05-16 11:11:06,351 - src.base.trainer - INFO - evaluating now!
2026-05-16 11:11:06,926 - src.base.trainer - INFO - Epoch [19/250] (3180) train_mae: 2.4068, val_mae: 2.9301, lr: 0.001000, 5.4s
2026-05-16 11:11:08,140 - src.base.trainer - INFO - Epoch [20/250] (3200) train_mae: 2.3466, val_mae: 2.8801 
2026-05-16 11:11:08,141 - src.base.trainer - INFO - Val loss decrease from 2.8832 to 2.8801, saving to True
2026-05-16 11:11:12,817 - src.base.trainer - INFO - epoch complete
2026-05-16 11:11:12,818 - src.base.trainer - INFO - evaluating now!
2026-05-16 11:11:13,391 - src.base.trainer - INFO - Epoch [20/250] (3339) train_mae: 2.4023, val_mae: 2.8745, lr: 0.001000, 5.9s
2026-05-16 11:11:13,392 - src.base.trainer - INFO - Val loss decrease from 2.8801 to 2.8745, saving to True
2026-05-16 11:11:18,684 - src.base.trainer - INFO - epoch complete
2026-05-16 11:11:18,684 - src.base.trainer - INFO - evaluating now!
2026-05-16 11:11:19,260 - src.base.trainer - INFO - Epoch [21/250] (3498) train_mae: 2.3826, val_mae: 2.9018, lr: 0.001000, 5.3s
2026-05-16 11:11:23,143 - src.base.trainer - INFO - Epoch [22/250] (3600) train_mae: 2.3540, val_mae: 2.8684 
2026-05-16 11:11:23,144 - src.base.trainer - INFO - Val loss decrease from 2.8745 to 2.8684, saving to True
2026-05-16 11:11:25,096 - src.base.trainer - INFO - epoch complete
2026-05-16 11:11:25,096 - src.base.trainer - INFO - evaluating now!
2026-05-16 11:11:25,667 - src.base.trainer - INFO - Epoch [22/250] (3657) train_mae: 2.3722, val_mae: 2.9008, lr: 0.001000, 5.8s
2026-05-16 11:11:30,872 - src.base.trainer - INFO - epoch complete
2026-05-16 11:11:30,872 - src.base.trainer - INFO - evaluating now!
2026-05-16 11:11:31,443 - src.base.trainer - INFO - Epoch [23/250] (3816) train_mae: 2.3730, val_mae: 2.9020, lr: 0.001000, 5.2s
2026-05-16 11:11:36,629 - src.base.trainer - INFO - epoch complete
2026-05-16 11:11:36,630 - src.base.trainer - INFO - evaluating now!
2026-05-16 11:11:37,201 - src.base.trainer - INFO - Epoch [24/250] (3975) train_mae: 2.3693, val_mae: 2.9718, lr: 0.001000, 5.2s
2026-05-16 11:11:38,581 - src.base.trainer - INFO - Epoch [25/250] (4000) train_mae: 2.3200, val_mae: 2.9378 
2026-05-16 11:11:42,930 - src.base.trainer - INFO - epoch complete
2026-05-16 11:11:42,930 - src.base.trainer - INFO - evaluating now!
2026-05-16 11:11:43,500 - src.base.trainer - INFO - Epoch [25/250] (4134) train_mae: 2.3523, val_mae: 2.8739, lr: 0.001000, 5.7s
2026-05-16 11:11:48,668 - src.base.trainer - INFO - epoch complete
2026-05-16 11:11:48,668 - src.base.trainer - INFO - evaluating now!
2026-05-16 11:11:49,256 - src.base.trainer - INFO - Epoch [26/250] (4293) train_mae: 2.3281, val_mae: 2.9206, lr: 0.001000, 5.2s
2026-05-16 11:11:53,307 - src.base.trainer - INFO - Epoch [27/250] (4400) train_mae: 2.3414, val_mae: 2.9322 
2026-05-16 11:11:54,993 - src.base.trainer - INFO - epoch complete
2026-05-16 11:11:54,994 - src.base.trainer - INFO - evaluating now!
2026-05-16 11:11:55,564 - src.base.trainer - INFO - Epoch [27/250] (4452) train_mae: 2.3364, val_mae: 2.9211, lr: 0.001000, 5.7s
2026-05-16 11:12:00,765 - src.base.trainer - INFO - epoch complete
2026-05-16 11:12:00,765 - src.base.trainer - INFO - evaluating now!
2026-05-16 11:12:01,338 - src.base.trainer - INFO - Epoch [28/250] (4611) train_mae: 2.3290, val_mae: 2.9280, lr: 0.001000, 5.2s
2026-05-16 11:12:06,550 - src.base.trainer - INFO - epoch complete
2026-05-16 11:12:06,550 - src.base.trainer - INFO - evaluating now!
2026-05-16 11:12:07,123 - src.base.trainer - INFO - Epoch [29/250] (4770) train_mae: 2.3288, val_mae: 2.9314, lr: 0.001000, 5.2s
2026-05-16 11:12:08,661 - src.base.trainer - INFO - Epoch [30/250] (4800) train_mae: 2.2450, val_mae: 2.8939 
2026-05-16 11:12:12,863 - src.base.trainer - INFO - epoch complete
2026-05-16 11:12:12,863 - src.base.trainer - INFO - evaluating now!
2026-05-16 11:12:13,436 - src.base.trainer - INFO - Epoch [30/250] (4929) train_mae: 2.3080, val_mae: 2.9767, lr: 0.001000, 5.7s
2026-05-16 11:12:18,627 - src.base.trainer - INFO - epoch complete
2026-05-16 11:12:18,627 - src.base.trainer - INFO - evaluating now!
2026-05-16 11:12:19,200 - src.base.trainer - INFO - Epoch [31/250] (5088) train_mae: 2.3016, val_mae: 2.9693, lr: 0.001000, 5.2s
2026-05-16 11:12:23,429 - src.base.trainer - INFO - Epoch [32/250] (5200) train_mae: 2.2902, val_mae: 3.0880 
2026-05-16 11:12:24,973 - src.base.trainer - INFO - epoch complete
2026-05-16 11:12:24,973 - src.base.trainer - INFO - evaluating now!
2026-05-16 11:12:25,542 - src.base.trainer - INFO - Epoch [32/250] (5247) train_mae: 2.2896, val_mae: 3.0793, lr: 0.001000, 5.8s
2026-05-16 11:12:25,542 - src.base.trainer - INFO - Early stop at epoch 33, loss = 2.868445
2026-05-16 11:22:51,944 - src.base.trainer - INFO - the number of parameters: 50359
2026-05-16 11:22:51,945 - src.base.trainer - INFO - start training !!!!!
2026-05-16 11:22:57,828 - src.base.trainer - INFO - epoch complete
2026-05-16 11:22:57,828 - src.base.trainer - INFO - evaluating now!
2026-05-16 11:22:58,463 - src.base.trainer - INFO - Epoch [0/250] (159) train_mae: 5.2913, val_mae: 3.9327, lr: 0.001000, 5.9s
2026-05-16 11:22:58,471 - src.base.trainer - INFO - Val loss decrease from inf to 3.9327, saving to True
2026-05-16 11:23:04,084 - src.base.trainer - INFO - epoch complete
2026-05-16 11:23:04,084 - src.base.trainer - INFO - evaluating now!
2026-05-16 11:23:04,696 - src.base.trainer - INFO - Epoch [1/250] (318) train_mae: 3.0077, val_mae: 3.3290, lr: 0.001000, 5.6s
2026-05-16 11:23:04,701 - src.base.trainer - INFO - Val loss decrease from 3.9327 to 3.3290, saving to True
2026-05-16 11:23:08,194 - src.base.trainer - INFO - Epoch [2/250] (400) train_mae: 2.7059, val_mae: 3.2259 
2026-05-16 11:23:08,198 - src.base.trainer - INFO - Val loss decrease from 3.3290 to 3.2259, saving to True
2026-05-16 11:23:10,874 - src.base.trainer - INFO - epoch complete
2026-05-16 11:23:10,874 - src.base.trainer - INFO - evaluating now!
2026-05-16 11:23:11,493 - src.base.trainer - INFO - Epoch [2/250] (477) train_mae: 2.7127, val_mae: 3.1715, lr: 0.001000, 6.2s
2026-05-16 11:23:11,494 - src.base.trainer - INFO - Val loss decrease from 3.2259 to 3.1715, saving to True
2026-05-16 11:23:17,079 - src.base.trainer - INFO - epoch complete
2026-05-16 11:23:17,079 - src.base.trainer - INFO - evaluating now!
2026-05-16 11:23:17,693 - src.base.trainer - INFO - Epoch [3/250] (636) train_mae: 2.6106, val_mae: 3.1788, lr: 0.001000, 5.6s
2026-05-16 11:23:23,292 - src.base.trainer - INFO - epoch complete
2026-05-16 11:23:23,292 - src.base.trainer - INFO - evaluating now!
2026-05-16 11:23:23,911 - src.base.trainer - INFO - Epoch [4/250] (795) train_mae: 2.5616, val_mae: 3.0212, lr: 0.001000, 5.6s
2026-05-16 11:23:23,913 - src.base.trainer - INFO - Val loss decrease from 3.1715 to 3.0212, saving to True
2026-05-16 11:23:24,704 - src.base.trainer - INFO - Epoch [5/250] (800) train_mae: 2.6716, val_mae: 3.1054 
2026-05-16 11:23:30,219 - src.base.trainer - INFO - epoch complete
2026-05-16 11:23:30,219 - src.base.trainer - INFO - evaluating now!
2026-05-16 11:23:30,827 - src.base.trainer - INFO - Epoch [5/250] (954) train_mae: 2.5209, val_mae: 3.0331, lr: 0.001000, 6.3s
2026-05-16 11:23:36,448 - src.base.trainer - INFO - epoch complete
2026-05-16 11:23:36,448 - src.base.trainer - INFO - evaluating now!
2026-05-16 11:23:37,071 - src.base.trainer - INFO - Epoch [6/250] (1113) train_mae: 2.5057, val_mae: 2.9740, lr: 0.001000, 5.6s
2026-05-16 11:23:37,074 - src.base.trainer - INFO - Val loss decrease from 3.0212 to 2.9740, saving to True
2026-05-16 11:23:40,771 - src.base.trainer - INFO - Epoch [7/250] (1200) train_mae: 2.4594, val_mae: 3.0051 
2026-05-16 11:23:43,302 - src.base.trainer - INFO - epoch complete
2026-05-16 11:23:43,302 - src.base.trainer - INFO - evaluating now!
2026-05-16 11:23:43,912 - src.base.trainer - INFO - Epoch [7/250] (1272) train_mae: 2.4673, val_mae: 2.9951, lr: 0.001000, 6.2s
2026-05-16 11:23:49,532 - src.base.trainer - INFO - epoch complete
2026-05-16 11:23:49,532 - src.base.trainer - INFO - evaluating now!
2026-05-16 11:23:50,144 - src.base.trainer - INFO - Epoch [8/250] (1431) train_mae: 2.4636, val_mae: 3.0080, lr: 0.001000, 5.6s
2026-05-16 11:23:55,713 - src.base.trainer - INFO - epoch complete
2026-05-16 11:23:55,713 - src.base.trainer - INFO - evaluating now!
2026-05-16 11:23:56,368 - src.base.trainer - INFO - Epoch [9/250] (1590) train_mae: 2.4408, val_mae: 3.0302, lr: 0.001000, 5.6s
2026-05-16 11:23:57,337 - src.base.trainer - INFO - Epoch [10/250] (1600) train_mae: 2.5774, val_mae: 3.0132 
2026-05-16 11:24:02,728 - src.base.trainer - INFO - epoch complete
2026-05-16 11:24:02,729 - src.base.trainer - INFO - evaluating now!
2026-05-16 11:24:03,383 - src.base.trainer - INFO - Epoch [10/250] (1749) train_mae: 2.4376, val_mae: 3.0479, lr: 0.001000, 6.4s
2026-05-16 11:24:09,350 - src.base.trainer - INFO - epoch complete
2026-05-16 11:24:09,350 - src.base.trainer - INFO - evaluating now!
2026-05-16 11:24:10,001 - src.base.trainer - INFO - Epoch [11/250] (1908) train_mae: 2.4180, val_mae: 2.9672, lr: 0.001000, 6.0s
2026-05-16 11:24:10,002 - src.base.trainer - INFO - Val loss decrease from 2.9740 to 2.9672, saving to True
2026-05-16 11:24:13,878 - src.base.trainer - INFO - Epoch [12/250] (2000) train_mae: 2.3782, val_mae: 2.9296 
2026-05-16 11:24:13,880 - src.base.trainer - INFO - Val loss decrease from 2.9672 to 2.9296, saving to True
2026-05-16 11:24:16,280 - src.base.trainer - INFO - epoch complete
2026-05-16 11:24:16,280 - src.base.trainer - INFO - evaluating now!
2026-05-16 11:24:16,923 - src.base.trainer - INFO - Epoch [12/250] (2067) train_mae: 2.3957, val_mae: 3.0648, lr: 0.001000, 6.3s
2026-05-16 11:24:22,529 - src.base.trainer - INFO - epoch complete
2026-05-16 11:24:22,529 - src.base.trainer - INFO - evaluating now!
2026-05-16 11:24:23,152 - src.base.trainer - INFO - Epoch [13/250] (2226) train_mae: 2.3712, val_mae: 2.9299, lr: 0.001000, 5.6s
2026-05-16 11:24:28,747 - src.base.trainer - INFO - epoch complete
2026-05-16 11:24:28,747 - src.base.trainer - INFO - evaluating now!
2026-05-16 11:24:29,419 - src.base.trainer - INFO - Epoch [14/250] (2385) train_mae: 2.3708, val_mae: 3.0402, lr: 0.001000, 5.6s
2026-05-16 11:24:30,751 - src.base.trainer - INFO - Epoch [15/250] (2400) train_mae: 2.4592, val_mae: 2.9952 
2026-05-16 11:24:35,873 - src.base.trainer - INFO - epoch complete
2026-05-16 11:24:35,873 - src.base.trainer - INFO - evaluating now!
2026-05-16 11:24:36,491 - src.base.trainer - INFO - Epoch [15/250] (2544) train_mae: 2.3587, val_mae: 2.9418, lr: 0.001000, 6.5s
2026-05-16 11:24:42,094 - src.base.trainer - INFO - epoch complete
2026-05-16 11:24:42,094 - src.base.trainer - INFO - evaluating now!
2026-05-16 11:24:42,724 - src.base.trainer - INFO - Epoch [16/250] (2703) train_mae: 2.3501, val_mae: 3.0588, lr: 0.001000, 5.6s
2026-05-16 11:24:46,786 - src.base.trainer - INFO - Epoch [17/250] (2800) train_mae: 2.3412, val_mae: 2.9612 
2026-05-16 11:24:48,935 - src.base.trainer - INFO - epoch complete
2026-05-16 11:24:48,938 - src.base.trainer - INFO - evaluating now!
2026-05-16 11:24:49,555 - src.base.trainer - INFO - Epoch [17/250] (2862) train_mae: 2.3576, val_mae: 3.0340, lr: 0.001000, 6.2s
2026-05-16 11:24:55,181 - src.base.trainer - INFO - epoch complete
2026-05-16 11:24:55,182 - src.base.trainer - INFO - evaluating now!
2026-05-16 11:24:55,824 - src.base.trainer - INFO - Epoch [18/250] (3021) train_mae: 2.3173, val_mae: 2.9700, lr: 0.001000, 5.6s
2026-05-16 11:25:01,575 - src.base.trainer - INFO - epoch complete
2026-05-16 11:25:01,575 - src.base.trainer - INFO - evaluating now!
2026-05-16 11:25:02,229 - src.base.trainer - INFO - Epoch [19/250] (3180) train_mae: 2.3073, val_mae: 3.0191, lr: 0.001000, 5.8s
2026-05-16 11:25:03,628 - src.base.trainer - INFO - Epoch [20/250] (3200) train_mae: 2.2707, val_mae: 2.9678 
2026-05-16 11:25:08,595 - src.base.trainer - INFO - epoch complete
2026-05-16 11:25:08,595 - src.base.trainer - INFO - evaluating now!
2026-05-16 11:25:09,223 - src.base.trainer - INFO - Epoch [20/250] (3339) train_mae: 2.3175, val_mae: 3.0686, lr: 0.001000, 6.4s
2026-05-16 11:25:14,854 - src.base.trainer - INFO - epoch complete
2026-05-16 11:25:14,857 - src.base.trainer - INFO - evaluating now!
2026-05-16 11:25:15,472 - src.base.trainer - INFO - Epoch [21/250] (3498) train_mae: 2.3080, val_mae: 3.0245, lr: 0.001000, 5.6s
2026-05-16 11:25:19,678 - src.base.trainer - INFO - Epoch [22/250] (3600) train_mae: 2.3121, val_mae: 3.1560 
2026-05-16 11:25:21,654 - src.base.trainer - INFO - epoch complete
2026-05-16 11:25:21,654 - src.base.trainer - INFO - evaluating now!
2026-05-16 11:25:22,269 - src.base.trainer - INFO - Epoch [22/250] (3657) train_mae: 2.3007, val_mae: 3.0205, lr: 0.001000, 6.2s
2026-05-16 11:25:22,269 - src.base.trainer - INFO - Early stop at epoch 23, loss = 2.929557
2026-05-16 11:35:23,152 - src.base.trainer - INFO - the number of parameters: 59305
2026-05-16 11:35:23,152 - src.base.trainer - INFO - start training !!!!!
2026-05-16 11:35:28,963 - src.base.trainer - INFO - epoch complete
2026-05-16 11:35:28,963 - src.base.trainer - INFO - evaluating now!
2026-05-16 11:35:29,593 - src.base.trainer - INFO - Epoch [0/250] (159) train_mae: 5.6540, val_mae: 4.0348, lr: 0.001000, 5.8s
2026-05-16 11:35:29,597 - src.base.trainer - INFO - Val loss decrease from inf to 4.0348, saving to True
2026-05-16 11:35:35,300 - src.base.trainer - INFO - epoch complete
2026-05-16 11:35:35,302 - src.base.trainer - INFO - evaluating now!
2026-05-16 11:35:35,931 - src.base.trainer - INFO - Epoch [1/250] (318) train_mae: 3.0870, val_mae: 3.4272, lr: 0.001000, 5.7s
2026-05-16 11:35:35,933 - src.base.trainer - INFO - Val loss decrease from 4.0348 to 3.4272, saving to True
2026-05-16 11:35:39,507 - src.base.trainer - INFO - Epoch [2/250] (400) train_mae: 2.8386, val_mae: 3.3019 
2026-05-16 11:35:39,508 - src.base.trainer - INFO - Val loss decrease from 3.4272 to 3.3019, saving to True
2026-05-16 11:35:42,260 - src.base.trainer - INFO - epoch complete
2026-05-16 11:35:42,261 - src.base.trainer - INFO - evaluating now!
2026-05-16 11:35:42,895 - src.base.trainer - INFO - Epoch [2/250] (477) train_mae: 2.7961, val_mae: 3.2126, lr: 0.001000, 6.3s
2026-05-16 11:35:42,896 - src.base.trainer - INFO - Val loss decrease from 3.3019 to 3.2126, saving to True
2026-05-16 11:35:48,667 - src.base.trainer - INFO - epoch complete
2026-05-16 11:35:48,669 - src.base.trainer - INFO - evaluating now!
2026-05-16 11:35:49,391 - src.base.trainer - INFO - Epoch [3/250] (636) train_mae: 2.6707, val_mae: 3.1783, lr: 0.001000, 5.8s
2026-05-16 11:35:49,393 - src.base.trainer - INFO - Val loss decrease from 3.2126 to 3.1783, saving to True
2026-05-16 11:35:55,161 - src.base.trainer - INFO - epoch complete
2026-05-16 11:35:55,162 - src.base.trainer - INFO - evaluating now!
2026-05-16 11:35:55,844 - src.base.trainer - INFO - Epoch [4/250] (795) train_mae: 2.6300, val_mae: 3.0798, lr: 0.001000, 5.8s
2026-05-16 11:35:55,845 - src.base.trainer - INFO - Val loss decrease from 3.1783 to 3.0798, saving to True
2026-05-16 11:35:56,659 - src.base.trainer - INFO - Epoch [5/250] (800) train_mae: 2.7016, val_mae: 3.1087 
2026-05-16 11:36:02,238 - src.base.trainer - INFO - epoch complete
2026-05-16 11:36:02,238 - src.base.trainer - INFO - evaluating now!
2026-05-16 11:36:02,896 - src.base.trainer - INFO - Epoch [5/250] (954) train_mae: 2.5919, val_mae: 3.0950, lr: 0.001000, 6.4s
2026-05-16 11:36:08,634 - src.base.trainer - INFO - epoch complete
2026-05-16 11:36:08,634 - src.base.trainer - INFO - evaluating now!
2026-05-16 11:36:09,265 - src.base.trainer - INFO - Epoch [6/250] (1113) train_mae: 2.5594, val_mae: 3.0463, lr: 0.001000, 5.7s
2026-05-16 11:36:09,266 - src.base.trainer - INFO - Val loss decrease from 3.0798 to 3.0463, saving to True
2026-05-16 11:36:13,054 - src.base.trainer - INFO - Epoch [7/250] (1200) train_mae: 2.5701, val_mae: 3.0243 
2026-05-16 11:36:13,058 - src.base.trainer - INFO - Val loss decrease from 3.0463 to 3.0243, saving to True
2026-05-16 11:36:15,640 - src.base.trainer - INFO - epoch complete
2026-05-16 11:36:15,640 - src.base.trainer - INFO - evaluating now!
2026-05-16 11:36:16,275 - src.base.trainer - INFO - Epoch [7/250] (1272) train_mae: 2.5503, val_mae: 3.0671, lr: 0.001000, 6.4s
2026-05-16 11:36:22,044 - src.base.trainer - INFO - epoch complete
2026-05-16 11:36:22,044 - src.base.trainer - INFO - evaluating now!
2026-05-16 11:36:22,676 - src.base.trainer - INFO - Epoch [8/250] (1431) train_mae: 2.5262, val_mae: 3.0420, lr: 0.001000, 5.8s
2026-05-16 11:36:28,510 - src.base.trainer - INFO - epoch complete
2026-05-16 11:36:28,513 - src.base.trainer - INFO - evaluating now!
2026-05-16 11:36:29,255 - src.base.trainer - INFO - Epoch [9/250] (1590) train_mae: 2.5211, val_mae: 2.9614, lr: 0.001000, 5.8s
2026-05-16 11:36:29,259 - src.base.trainer - INFO - Val loss decrease from 3.0243 to 2.9614, saving to True
2026-05-16 11:36:30,406 - src.base.trainer - INFO - Epoch [10/250] (1600) train_mae: 2.7891, val_mae: 2.9734 
2026-05-16 11:36:36,419 - src.base.trainer - INFO - epoch complete
2026-05-16 11:36:36,419 - src.base.trainer - INFO - evaluating now!
2026-05-16 11:36:37,280 - src.base.trainer - INFO - Epoch [10/250] (1749) train_mae: 2.5024, val_mae: 2.9833, lr: 0.001000, 7.2s
2026-05-16 11:36:43,445 - src.base.trainer - INFO - epoch complete
2026-05-16 11:36:43,445 - src.base.trainer - INFO - evaluating now!
2026-05-16 11:36:44,078 - src.base.trainer - INFO - Epoch [11/250] (1908) train_mae: 2.4698, val_mae: 2.9319, lr: 0.001000, 6.2s
2026-05-16 11:36:44,079 - src.base.trainer - INFO - Val loss decrease from 2.9614 to 2.9319, saving to True
2026-05-16 11:36:48,053 - src.base.trainer - INFO - Epoch [12/250] (2000) train_mae: 2.4643, val_mae: 3.0037 
2026-05-16 11:36:50,545 - src.base.trainer - INFO - epoch complete
2026-05-16 11:36:50,545 - src.base.trainer - INFO - evaluating now!
2026-05-16 11:36:51,174 - src.base.trainer - INFO - Epoch [12/250] (2067) train_mae: 2.4718, val_mae: 2.9358, lr: 0.001000, 6.5s
2026-05-16 11:36:56,989 - src.base.trainer - INFO - epoch complete
2026-05-16 11:36:56,989 - src.base.trainer - INFO - evaluating now!
2026-05-16 11:36:57,620 - src.base.trainer - INFO - Epoch [13/250] (2226) train_mae: 2.4513, val_mae: 2.9407, lr: 0.001000, 5.8s
2026-05-16 11:37:03,474 - src.base.trainer - INFO - epoch complete
2026-05-16 11:37:03,474 - src.base.trainer - INFO - evaluating now!
2026-05-16 11:37:04,125 - src.base.trainer - INFO - Epoch [14/250] (2385) train_mae: 2.4485, val_mae: 2.9683, lr: 0.001000, 5.9s
2026-05-16 11:37:05,290 - src.base.trainer - INFO - Epoch [15/250] (2400) train_mae: 2.3059, val_mae: 3.0042 
2026-05-16 11:37:10,512 - src.base.trainer - INFO - epoch complete
2026-05-16 11:37:10,512 - src.base.trainer - INFO - evaluating now!
2026-05-16 11:37:11,142 - src.base.trainer - INFO - Epoch [15/250] (2544) train_mae: 2.4366, val_mae: 2.9459, lr: 0.001000, 6.4s
2026-05-16 11:37:16,937 - src.base.trainer - INFO - epoch complete
2026-05-16 11:37:16,937 - src.base.trainer - INFO - evaluating now!
2026-05-16 11:37:17,569 - src.base.trainer - INFO - Epoch [16/250] (2703) train_mae: 2.4615, val_mae: 2.9572, lr: 0.001000, 5.8s
2026-05-16 11:37:21,785 - src.base.trainer - INFO - Epoch [17/250] (2800) train_mae: 2.4017, val_mae: 2.9660 
2026-05-16 11:37:24,079 - src.base.trainer - INFO - epoch complete
2026-05-16 11:37:24,080 - src.base.trainer - INFO - evaluating now!
2026-05-16 11:37:24,713 - src.base.trainer - INFO - Epoch [17/250] (2862) train_mae: 2.4359, val_mae: 2.9705, lr: 0.001000, 6.5s
2026-05-16 11:37:30,522 - src.base.trainer - INFO - epoch complete
2026-05-16 11:37:30,522 - src.base.trainer - INFO - evaluating now!
2026-05-16 11:37:31,152 - src.base.trainer - INFO - Epoch [18/250] (3021) train_mae: 2.4191, val_mae: 2.9207, lr: 0.001000, 5.8s
2026-05-16 11:37:31,156 - src.base.trainer - INFO - Val loss decrease from 2.9319 to 2.9207, saving to True
2026-05-16 11:37:36,925 - src.base.trainer - INFO - epoch complete
2026-05-16 11:37:36,925 - src.base.trainer - INFO - evaluating now!
2026-05-16 11:37:37,556 - src.base.trainer - INFO - Epoch [19/250] (3180) train_mae: 2.4113, val_mae: 2.9309, lr: 0.001000, 5.8s
2026-05-16 11:37:38,914 - src.base.trainer - INFO - Epoch [20/250] (3200) train_mae: 2.4521, val_mae: 2.9430 
2026-05-16 11:37:43,989 - src.base.trainer - INFO - epoch complete
2026-05-16 11:37:43,990 - src.base.trainer - INFO - evaluating now!
2026-05-16 11:37:44,619 - src.base.trainer - INFO - Epoch [20/250] (3339) train_mae: 2.3993, val_mae: 3.0008, lr: 0.001000, 6.4s
2026-05-16 11:37:50,396 - src.base.trainer - INFO - epoch complete
2026-05-16 11:37:50,397 - src.base.trainer - INFO - evaluating now!
2026-05-16 11:37:51,032 - src.base.trainer - INFO - Epoch [21/250] (3498) train_mae: 2.4047, val_mae: 2.9329, lr: 0.001000, 5.8s
2026-05-16 11:37:55,562 - src.base.trainer - INFO - Epoch [22/250] (3600) train_mae: 2.4102, val_mae: 2.9596 
2026-05-16 11:37:57,696 - src.base.trainer - INFO - epoch complete
2026-05-16 11:37:57,696 - src.base.trainer - INFO - evaluating now!
2026-05-16 11:37:58,329 - src.base.trainer - INFO - Epoch [22/250] (3657) train_mae: 2.3848, val_mae: 2.9787, lr: 0.001000, 6.7s
2026-05-16 11:38:04,341 - src.base.trainer - INFO - epoch complete
2026-05-16 11:38:04,341 - src.base.trainer - INFO - evaluating now!
2026-05-16 11:38:04,973 - src.base.trainer - INFO - Epoch [23/250] (3816) train_mae: 2.3898, val_mae: 2.9739, lr: 0.001000, 6.0s
2026-05-16 11:38:10,751 - src.base.trainer - INFO - epoch complete
2026-05-16 11:38:10,751 - src.base.trainer - INFO - evaluating now!
2026-05-16 11:38:11,382 - src.base.trainer - INFO - Epoch [24/250] (3975) train_mae: 2.3748, val_mae: 2.9209, lr: 0.001000, 5.8s
2026-05-16 11:38:12,920 - src.base.trainer - INFO - Epoch [25/250] (4000) train_mae: 2.4187, val_mae: 2.9427 
2026-05-16 11:38:17,793 - src.base.trainer - INFO - epoch complete
2026-05-16 11:38:17,793 - src.base.trainer - INFO - evaluating now!
2026-05-16 11:38:18,422 - src.base.trainer - INFO - Epoch [25/250] (4134) train_mae: 2.3633, val_mae: 2.9985, lr: 0.001000, 6.4s
2026-05-16 11:38:24,205 - src.base.trainer - INFO - epoch complete
2026-05-16 11:38:24,205 - src.base.trainer - INFO - evaluating now!
2026-05-16 11:38:24,834 - src.base.trainer - INFO - Epoch [26/250] (4293) train_mae: 2.3458, val_mae: 3.0069, lr: 0.001000, 5.8s
2026-05-16 11:38:29,370 - src.base.trainer - INFO - Epoch [27/250] (4400) train_mae: 2.3207, val_mae: 3.0066 
2026-05-16 11:38:31,249 - src.base.trainer - INFO - epoch complete
2026-05-16 11:38:31,249 - src.base.trainer - INFO - evaluating now!
2026-05-16 11:38:31,887 - src.base.trainer - INFO - Epoch [27/250] (4452) train_mae: 2.3438, val_mae: 3.0168, lr: 0.001000, 6.4s
2026-05-16 11:38:37,688 - src.base.trainer - INFO - epoch complete
2026-05-16 11:38:37,688 - src.base.trainer - INFO - evaluating now!
2026-05-16 11:38:38,318 - src.base.trainer - INFO - Epoch [28/250] (4611) train_mae: 2.3511, val_mae: 3.0105, lr: 0.001000, 5.8s
2026-05-16 11:38:38,318 - src.base.trainer - INFO - Early stop at epoch 29, loss = 2.920680
2026-05-16 11:39:01,731 - src.base.trainer - INFO - the number of parameters: 77197
2026-05-16 11:39:01,732 - src.base.trainer - INFO - start training !!!!!
2026-05-16 11:39:08,912 - src.base.trainer - INFO - epoch complete
2026-05-16 11:39:08,912 - src.base.trainer - INFO - evaluating now!
2026-05-16 11:39:09,610 - src.base.trainer - INFO - Epoch [0/250] (159) train_mae: 5.7212, val_mae: 3.9447, lr: 0.001000, 7.2s
2026-05-16 11:39:09,615 - src.base.trainer - INFO - Val loss decrease from inf to 3.9447, saving to True
2026-05-16 11:39:16,381 - src.base.trainer - INFO - epoch complete
2026-05-16 11:39:16,381 - src.base.trainer - INFO - evaluating now!
2026-05-16 11:39:17,148 - src.base.trainer - INFO - Epoch [1/250] (318) train_mae: 3.0888, val_mae: 3.4258, lr: 0.001000, 6.8s
2026-05-16 11:39:17,152 - src.base.trainer - INFO - Val loss decrease from 3.9447 to 3.4258, saving to True
2026-05-16 11:39:21,281 - src.base.trainer - INFO - Epoch [2/250] (400) train_mae: 2.8868, val_mae: 3.3238 
2026-05-16 11:39:21,283 - src.base.trainer - INFO - Val loss decrease from 3.4258 to 3.3238, saving to True
2026-05-16 11:39:24,489 - src.base.trainer - INFO - epoch complete
2026-05-16 11:39:24,491 - src.base.trainer - INFO - evaluating now!
2026-05-16 11:39:25,200 - src.base.trainer - INFO - Epoch [2/250] (477) train_mae: 2.8018, val_mae: 3.3424, lr: 0.001000, 7.3s
2026-05-16 11:39:31,778 - src.base.trainer - INFO - epoch complete
2026-05-16 11:39:31,778 - src.base.trainer - INFO - evaluating now!
2026-05-16 11:39:32,468 - src.base.trainer - INFO - Epoch [3/250] (636) train_mae: 2.6798, val_mae: 3.1681, lr: 0.001000, 6.6s
2026-05-16 11:39:32,470 - src.base.trainer - INFO - Val loss decrease from 3.3238 to 3.1681, saving to True
2026-05-16 11:39:38,860 - src.base.trainer - INFO - epoch complete
2026-05-16 11:39:38,860 - src.base.trainer - INFO - evaluating now!
2026-05-16 11:39:39,547 - src.base.trainer - INFO - Epoch [4/250] (795) train_mae: 2.6224, val_mae: 3.1027, lr: 0.001000, 6.4s
2026-05-16 11:39:39,549 - src.base.trainer - INFO - Val loss decrease from 3.1681 to 3.1027, saving to True
2026-05-16 11:39:40,433 - src.base.trainer - INFO - Epoch [5/250] (800) train_mae: 2.8437, val_mae: 3.0789 
2026-05-16 11:39:40,435 - src.base.trainer - INFO - Val loss decrease from 3.1027 to 3.0789, saving to True
2026-05-16 11:39:46,604 - src.base.trainer - INFO - epoch complete
2026-05-16 11:39:46,604 - src.base.trainer - INFO - evaluating now!
2026-05-16 11:39:47,294 - src.base.trainer - INFO - Epoch [5/250] (954) train_mae: 2.5821, val_mae: 3.1560, lr: 0.001000, 7.1s
2026-05-16 11:39:53,698 - src.base.trainer - INFO - epoch complete
2026-05-16 11:39:53,698 - src.base.trainer - INFO - evaluating now!
2026-05-16 11:39:54,387 - src.base.trainer - INFO - Epoch [6/250] (1113) train_mae: 2.5650, val_mae: 3.0531, lr: 0.001000, 6.4s
2026-05-16 11:39:54,389 - src.base.trainer - INFO - Val loss decrease from 3.0789 to 3.0531, saving to True
2026-05-16 11:39:58,581 - src.base.trainer - INFO - Epoch [7/250] (1200) train_mae: 2.5290, val_mae: 3.0898 
2026-05-16 11:40:01,498 - src.base.trainer - INFO - epoch complete
2026-05-16 11:40:01,498 - src.base.trainer - INFO - evaluating now!
2026-05-16 11:40:02,209 - src.base.trainer - INFO - Epoch [7/250] (1272) train_mae: 2.5359, val_mae: 3.0764, lr: 0.001000, 7.1s
2026-05-16 11:40:08,673 - src.base.trainer - INFO - epoch complete
2026-05-16 11:40:08,675 - src.base.trainer - INFO - evaluating now!
2026-05-16 11:40:09,365 - src.base.trainer - INFO - Epoch [8/250] (1431) train_mae: 2.5160, val_mae: 2.9837, lr: 0.001000, 6.5s
2026-05-16 11:40:09,366 - src.base.trainer - INFO - Val loss decrease from 3.0531 to 2.9837, saving to True
2026-05-16 11:40:15,780 - src.base.trainer - INFO - epoch complete
2026-05-16 11:40:15,780 - src.base.trainer - INFO - evaluating now!
2026-05-16 11:40:16,473 - src.base.trainer - INFO - Epoch [9/250] (1590) train_mae: 2.5020, val_mae: 3.0216, lr: 0.001000, 6.4s
2026-05-16 11:40:17,562 - src.base.trainer - INFO - Epoch [10/250] (1600) train_mae: 2.6309, val_mae: 2.9922 
2026-05-16 11:40:23,541 - src.base.trainer - INFO - epoch complete
2026-05-16 11:40:23,542 - src.base.trainer - INFO - evaluating now!
2026-05-16 11:40:24,250 - src.base.trainer - INFO - Epoch [10/250] (1749) train_mae: 2.4850, val_mae: 3.0106, lr: 0.001000, 7.1s
2026-05-16 11:40:30,682 - src.base.trainer - INFO - epoch complete
2026-05-16 11:40:30,682 - src.base.trainer - INFO - evaluating now!
2026-05-16 11:40:31,383 - src.base.trainer - INFO - Epoch [11/250] (1908) train_mae: 2.5093, val_mae: 3.0916, lr: 0.001000, 6.4s
2026-05-16 11:40:35,909 - src.base.trainer - INFO - Epoch [12/250] (2000) train_mae: 2.4856, val_mae: 3.0272 
2026-05-16 11:40:38,642 - src.base.trainer - INFO - epoch complete
2026-05-16 11:40:38,642 - src.base.trainer - INFO - evaluating now!
2026-05-16 11:40:39,329 - src.base.trainer - INFO - Epoch [12/250] (2067) train_mae: 2.5014, val_mae: 2.9996, lr: 0.001000, 7.3s
2026-05-16 11:40:45,741 - src.base.trainer - INFO - epoch complete
2026-05-16 11:40:45,743 - src.base.trainer - INFO - evaluating now!
2026-05-16 11:40:46,444 - src.base.trainer - INFO - Epoch [13/250] (2226) train_mae: 2.4549, val_mae: 2.9860, lr: 0.001000, 6.4s
2026-05-16 11:40:52,876 - src.base.trainer - INFO - epoch complete
2026-05-16 11:40:52,876 - src.base.trainer - INFO - evaluating now!
2026-05-16 11:40:53,564 - src.base.trainer - INFO - Epoch [14/250] (2385) train_mae: 2.4442, val_mae: 2.9977, lr: 0.001000, 6.4s
2026-05-16 11:40:54,844 - src.base.trainer - INFO - Epoch [15/250] (2400) train_mae: 2.4685, val_mae: 2.9764 
2026-05-16 11:40:54,849 - src.base.trainer - INFO - Val loss decrease from 2.9837 to 2.9764, saving to True
2026-05-16 11:41:00,617 - src.base.trainer - INFO - epoch complete
2026-05-16 11:41:00,620 - src.base.trainer - INFO - evaluating now!
2026-05-16 11:41:01,309 - src.base.trainer - INFO - Epoch [15/250] (2544) train_mae: 2.4280, val_mae: 3.0663, lr: 0.001000, 7.1s
2026-05-16 11:41:07,750 - src.base.trainer - INFO - epoch complete
2026-05-16 11:41:07,750 - src.base.trainer - INFO - evaluating now!
2026-05-16 11:41:08,438 - src.base.trainer - INFO - Epoch [16/250] (2703) train_mae: 2.4326, val_mae: 2.9944, lr: 0.001000, 6.4s
2026-05-16 11:41:13,039 - src.base.trainer - INFO - Epoch [17/250] (2800) train_mae: 2.3671, val_mae: 3.0068 
2026-05-16 11:41:15,529 - src.base.trainer - INFO - epoch complete
2026-05-16 11:41:15,529 - src.base.trainer - INFO - evaluating now!
2026-05-16 11:41:16,217 - src.base.trainer - INFO - Epoch [17/250] (2862) train_mae: 2.4014, val_mae: 3.0612, lr: 0.001000, 7.1s
2026-05-16 11:41:22,601 - src.base.trainer - INFO - epoch complete
2026-05-16 11:41:22,603 - src.base.trainer - INFO - evaluating now!
2026-05-16 11:41:23,295 - src.base.trainer - INFO - Epoch [18/250] (3021) train_mae: 2.4097, val_mae: 3.0060, lr: 0.001000, 6.4s
2026-05-16 11:41:29,715 - src.base.trainer - INFO - epoch complete
2026-05-16 11:41:29,716 - src.base.trainer - INFO - evaluating now!
2026-05-16 11:41:30,491 - src.base.trainer - INFO - Epoch [19/250] (3180) train_mae: 2.3933, val_mae: 3.0041, lr: 0.001000, 6.4s
2026-05-16 11:41:32,067 - src.base.trainer - INFO - Epoch [20/250] (3200) train_mae: 2.3346, val_mae: 2.9757 
2026-05-16 11:41:32,069 - src.base.trainer - INFO - Val loss decrease from 2.9764 to 2.9757, saving to True
2026-05-16 11:41:37,705 - src.base.trainer - INFO - epoch complete
2026-05-16 11:41:37,705 - src.base.trainer - INFO - evaluating now!
2026-05-16 11:41:38,394 - src.base.trainer - INFO - Epoch [20/250] (3339) train_mae: 2.4015, val_mae: 3.0894, lr: 0.001000, 7.2s
2026-05-16 11:41:44,993 - src.base.trainer - INFO - epoch complete
2026-05-16 11:41:44,994 - src.base.trainer - INFO - evaluating now!
2026-05-16 11:41:45,682 - src.base.trainer - INFO - Epoch [21/250] (3498) train_mae: 2.3709, val_mae: 2.9534, lr: 0.001000, 6.6s
2026-05-16 11:41:45,684 - src.base.trainer - INFO - Val loss decrease from 2.9757 to 2.9534, saving to True
2026-05-16 11:41:50,489 - src.base.trainer - INFO - Epoch [22/250] (3600) train_mae: 2.3891, val_mae: 3.0106 
2026-05-16 11:41:52,764 - src.base.trainer - INFO - epoch complete
2026-05-16 11:41:52,764 - src.base.trainer - INFO - evaluating now!
2026-05-16 11:41:53,449 - src.base.trainer - INFO - Epoch [22/250] (3657) train_mae: 2.3734, val_mae: 3.0726, lr: 0.001000, 7.1s
2026-05-16 11:41:59,821 - src.base.trainer - INFO - epoch complete
2026-05-16 11:41:59,821 - src.base.trainer - INFO - evaluating now!
2026-05-16 11:42:00,510 - src.base.trainer - INFO - Epoch [23/250] (3816) train_mae: 2.3450, val_mae: 3.0771, lr: 0.001000, 6.4s
2026-05-16 11:42:07,102 - src.base.trainer - INFO - epoch complete
2026-05-16 11:42:07,102 - src.base.trainer - INFO - evaluating now!
2026-05-16 11:42:07,844 - src.base.trainer - INFO - Epoch [24/250] (3975) train_mae: 2.3280, val_mae: 3.0434, lr: 0.001000, 6.6s
2026-05-16 11:42:09,646 - src.base.trainer - INFO - Epoch [25/250] (4000) train_mae: 2.2321, val_mae: 3.0520 
2026-05-16 11:42:15,294 - src.base.trainer - INFO - epoch complete
2026-05-16 11:42:15,294 - src.base.trainer - INFO - evaluating now!
2026-05-16 11:42:16,018 - src.base.trainer - INFO - Epoch [25/250] (4134) train_mae: 2.3398, val_mae: 3.0285, lr: 0.001000, 7.4s
2026-05-16 11:42:22,468 - src.base.trainer - INFO - epoch complete
2026-05-16 11:42:22,468 - src.base.trainer - INFO - evaluating now!
2026-05-16 11:42:23,154 - src.base.trainer - INFO - Epoch [26/250] (4293) train_mae: 2.3495, val_mae: 3.0910, lr: 0.001000, 6.4s
2026-05-16 11:42:28,099 - src.base.trainer - INFO - Epoch [27/250] (4400) train_mae: 2.2893, val_mae: 3.0438 
2026-05-16 11:42:30,158 - src.base.trainer - INFO - epoch complete
2026-05-16 11:42:30,158 - src.base.trainer - INFO - evaluating now!
2026-05-16 11:42:30,844 - src.base.trainer - INFO - Epoch [27/250] (4452) train_mae: 2.3107, val_mae: 3.1048, lr: 0.001000, 7.0s
2026-05-16 11:42:37,184 - src.base.trainer - INFO - epoch complete
2026-05-16 11:42:37,184 - src.base.trainer - INFO - evaluating now!
2026-05-16 11:42:37,878 - src.base.trainer - INFO - Epoch [28/250] (4611) train_mae: 2.3128, val_mae: 3.1558, lr: 0.001000, 6.3s
2026-05-16 11:42:44,216 - src.base.trainer - INFO - epoch complete
2026-05-16 11:42:44,216 - src.base.trainer - INFO - evaluating now!
2026-05-16 11:42:44,908 - src.base.trainer - INFO - Epoch [29/250] (4770) train_mae: 2.3297, val_mae: 3.1616, lr: 0.001000, 6.3s
2026-05-16 11:42:46,799 - src.base.trainer - INFO - Epoch [30/250] (4800) train_mae: 2.4020, val_mae: 3.1697 
2026-05-16 11:42:51,945 - src.base.trainer - INFO - epoch complete
2026-05-16 11:42:51,945 - src.base.trainer - INFO - evaluating now!
2026-05-16 11:42:52,632 - src.base.trainer - INFO - Epoch [30/250] (4929) train_mae: 2.3371, val_mae: 3.1179, lr: 0.001000, 7.0s
2026-05-16 11:42:59,004 - src.base.trainer - INFO - epoch complete
2026-05-16 11:42:59,004 - src.base.trainer - INFO - evaluating now!
2026-05-16 11:42:59,694 - src.base.trainer - INFO - Epoch [31/250] (5088) train_mae: 2.2898, val_mae: 3.1039, lr: 0.001000, 6.4s
2026-05-16 11:42:59,694 - src.base.trainer - INFO - Early stop at epoch 32, loss = 2.953432
2026-05-16 11:44:27,883 - src.base.trainer - INFO - the number of parameters: 41413
2026-05-16 11:44:27,884 - src.base.trainer - INFO - start training !!!!!
2026-05-16 11:44:33,225 - src.base.trainer - INFO - epoch complete
2026-05-16 11:44:33,225 - src.base.trainer - INFO - evaluating now!
2026-05-16 11:44:33,798 - src.base.trainer - INFO - Epoch [0/250] (159) train_mae: 5.4113, val_mae: 3.8678, lr: 0.001000, 5.3s
2026-05-16 11:44:33,805 - src.base.trainer - INFO - Val loss decrease from inf to 3.8678, saving to True
2026-05-16 11:44:38,984 - src.base.trainer - INFO - epoch complete
2026-05-16 11:44:38,984 - src.base.trainer - INFO - evaluating now!
2026-05-16 11:44:39,552 - src.base.trainer - INFO - Epoch [1/250] (318) train_mae: 3.0352, val_mae: 3.3633, lr: 0.001000, 5.2s
2026-05-16 11:44:39,553 - src.base.trainer - INFO - Val loss decrease from 3.8678 to 3.3633, saving to True
2026-05-16 11:44:42,782 - src.base.trainer - INFO - Epoch [2/250] (400) train_mae: 2.8060, val_mae: 3.2878 
2026-05-16 11:44:42,783 - src.base.trainer - INFO - Val loss decrease from 3.3633 to 3.2878, saving to True
2026-05-16 11:44:45,261 - src.base.trainer - INFO - epoch complete
2026-05-16 11:44:45,262 - src.base.trainer - INFO - evaluating now!
2026-05-16 11:44:45,836 - src.base.trainer - INFO - Epoch [2/250] (477) train_mae: 2.7673, val_mae: 3.2195, lr: 0.001000, 5.7s
2026-05-16 11:44:45,837 - src.base.trainer - INFO - Val loss decrease from 3.2878 to 3.2195, saving to True
2026-05-16 11:44:50,987 - src.base.trainer - INFO - epoch complete
2026-05-16 11:44:50,987 - src.base.trainer - INFO - evaluating now!
2026-05-16 11:44:51,567 - src.base.trainer - INFO - Epoch [3/250] (636) train_mae: 2.6700, val_mae: 3.1214, lr: 0.001000, 5.1s
2026-05-16 11:44:51,568 - src.base.trainer - INFO - Val loss decrease from 3.2195 to 3.1214, saving to True
2026-05-16 11:44:56,705 - src.base.trainer - INFO - epoch complete
2026-05-16 11:44:56,705 - src.base.trainer - INFO - evaluating now!
2026-05-16 11:44:57,276 - src.base.trainer - INFO - Epoch [4/250] (795) train_mae: 2.6374, val_mae: 3.0860, lr: 0.001000, 5.1s
2026-05-16 11:44:57,277 - src.base.trainer - INFO - Val loss decrease from 3.1214 to 3.0860, saving to True
2026-05-16 11:44:57,998 - src.base.trainer - INFO - Epoch [5/250] (800) train_mae: 2.8054, val_mae: 3.0991 
2026-05-16 11:45:02,991 - src.base.trainer - INFO - epoch complete
2026-05-16 11:45:02,991 - src.base.trainer - INFO - evaluating now!
2026-05-16 11:45:03,612 - src.base.trainer - INFO - Epoch [5/250] (954) train_mae: 2.5937, val_mae: 3.0740, lr: 0.001000, 5.7s
2026-05-16 11:45:03,614 - src.base.trainer - INFO - Val loss decrease from 3.0860 to 3.0740, saving to True
2026-05-16 11:45:08,916 - src.base.trainer - INFO - epoch complete
2026-05-16 11:45:08,918 - src.base.trainer - INFO - evaluating now!
2026-05-16 11:45:09,489 - src.base.trainer - INFO - Epoch [6/250] (1113) train_mae: 2.5808, val_mae: 3.0377, lr: 0.001000, 5.3s
2026-05-16 11:45:09,490 - src.base.trainer - INFO - Val loss decrease from 3.0740 to 3.0377, saving to True
2026-05-16 11:45:12,903 - src.base.trainer - INFO - Epoch [7/250] (1200) train_mae: 2.5539, val_mae: 3.0600 
2026-05-16 11:45:15,223 - src.base.trainer - INFO - epoch complete
2026-05-16 11:45:15,223 - src.base.trainer - INFO - evaluating now!
2026-05-16 11:45:15,794 - src.base.trainer - INFO - Epoch [7/250] (1272) train_mae: 2.5549, val_mae: 2.9990, lr: 0.001000, 5.7s
2026-05-16 11:45:15,795 - src.base.trainer - INFO - Val loss decrease from 3.0377 to 2.9990, saving to True
2026-05-16 11:45:20,934 - src.base.trainer - INFO - epoch complete
2026-05-16 11:45:20,934 - src.base.trainer - INFO - evaluating now!
2026-05-16 11:45:21,508 - src.base.trainer - INFO - Epoch [8/250] (1431) train_mae: 2.5299, val_mae: 3.0240, lr: 0.001000, 5.1s
2026-05-16 11:45:26,851 - src.base.trainer - INFO - epoch complete
2026-05-16 11:45:26,851 - src.base.trainer - INFO - evaluating now!
2026-05-16 11:45:27,426 - src.base.trainer - INFO - Epoch [9/250] (1590) train_mae: 2.5142, val_mae: 3.0485, lr: 0.001000, 5.3s
2026-05-16 11:45:28,417 - src.base.trainer - INFO - Epoch [10/250] (1600) train_mae: 2.5252, val_mae: 3.0562 
2026-05-16 11:45:33,401 - src.base.trainer - INFO - epoch complete
2026-05-16 11:45:33,402 - src.base.trainer - INFO - evaluating now!
2026-05-16 11:45:33,983 - src.base.trainer - INFO - Epoch [10/250] (1749) train_mae: 2.4973, val_mae: 3.0239, lr: 0.001000, 6.0s
2026-05-16 11:45:39,204 - src.base.trainer - INFO - epoch complete
2026-05-16 11:45:39,204 - src.base.trainer - INFO - evaluating now!
2026-05-16 11:45:39,775 - src.base.trainer - INFO - Epoch [11/250] (1908) train_mae: 2.4981, val_mae: 2.9740, lr: 0.001000, 5.2s
2026-05-16 11:45:39,777 - src.base.trainer - INFO - Val loss decrease from 2.9990 to 2.9740, saving to True
2026-05-16 11:45:43,415 - src.base.trainer - INFO - Epoch [12/250] (2000) train_mae: 2.5173, val_mae: 2.9877 
2026-05-16 11:45:45,620 - src.base.trainer - INFO - epoch complete
2026-05-16 11:45:45,620 - src.base.trainer - INFO - evaluating now!
2026-05-16 11:45:46,265 - src.base.trainer - INFO - Epoch [12/250] (2067) train_mae: 2.4794, val_mae: 2.9983, lr: 0.001000, 5.8s
2026-05-16 11:45:51,508 - src.base.trainer - INFO - epoch complete
2026-05-16 11:45:51,508 - src.base.trainer - INFO - evaluating now!
2026-05-16 11:45:52,099 - src.base.trainer - INFO - Epoch [13/250] (2226) train_mae: 2.4587, val_mae: 2.9242, lr: 0.001000, 5.2s
2026-05-16 11:45:52,101 - src.base.trainer - INFO - Val loss decrease from 2.9740 to 2.9242, saving to True
2026-05-16 11:45:57,442 - src.base.trainer - INFO - epoch complete
2026-05-16 11:45:57,442 - src.base.trainer - INFO - evaluating now!
2026-05-16 11:45:58,024 - src.base.trainer - INFO - Epoch [14/250] (2385) train_mae: 2.4486, val_mae: 2.9383, lr: 0.001000, 5.3s
2026-05-16 11:45:59,152 - src.base.trainer - INFO - Epoch [15/250] (2400) train_mae: 2.5413, val_mae: 2.9421 
2026-05-16 11:46:04,066 - src.base.trainer - INFO - epoch complete
2026-05-16 11:46:04,066 - src.base.trainer - INFO - evaluating now!
2026-05-16 11:46:04,648 - src.base.trainer - INFO - Epoch [15/250] (2544) train_mae: 2.4436, val_mae: 2.9203, lr: 0.001000, 6.0s
2026-05-16 11:46:04,651 - src.base.trainer - INFO - Val loss decrease from 2.9242 to 2.9203, saving to True
2026-05-16 11:46:09,867 - src.base.trainer - INFO - epoch complete
2026-05-16 11:46:09,867 - src.base.trainer - INFO - evaluating now!
2026-05-16 11:46:10,471 - src.base.trainer - INFO - Epoch [16/250] (2703) train_mae: 2.4240, val_mae: 2.8840, lr: 0.001000, 5.2s
2026-05-16 11:46:10,472 - src.base.trainer - INFO - Val loss decrease from 2.9203 to 2.8840, saving to True
2026-05-16 11:46:14,400 - src.base.trainer - INFO - Epoch [17/250] (2800) train_mae: 2.4569, val_mae: 2.9280 
2026-05-16 11:46:16,408 - src.base.trainer - INFO - epoch complete
2026-05-16 11:46:16,409 - src.base.trainer - INFO - evaluating now!
2026-05-16 11:46:16,988 - src.base.trainer - INFO - Epoch [17/250] (2862) train_mae: 2.4233, val_mae: 2.9226, lr: 0.001000, 5.9s
2026-05-16 11:46:22,187 - src.base.trainer - INFO - epoch complete
2026-05-16 11:46:22,187 - src.base.trainer - INFO - evaluating now!
2026-05-16 11:46:22,758 - src.base.trainer - INFO - Epoch [18/250] (3021) train_mae: 2.4115, val_mae: 2.8832, lr: 0.001000, 5.2s
2026-05-16 11:46:22,760 - src.base.trainer - INFO - Val loss decrease from 2.8840 to 2.8832, saving to True
2026-05-16 11:46:27,979 - src.base.trainer - INFO - epoch complete
2026-05-16 11:46:27,981 - src.base.trainer - INFO - evaluating now!
2026-05-16 11:46:28,552 - src.base.trainer - INFO - Epoch [19/250] (3180) train_mae: 2.4068, val_mae: 2.9301, lr: 0.001000, 5.2s
2026-05-16 11:46:29,761 - src.base.trainer - INFO - Epoch [20/250] (3200) train_mae: 2.3466, val_mae: 2.8801 
2026-05-16 11:46:29,762 - src.base.trainer - INFO - Val loss decrease from 2.8832 to 2.8801, saving to True
2026-05-16 11:46:34,370 - src.base.trainer - INFO - epoch complete
2026-05-16 11:46:34,370 - src.base.trainer - INFO - evaluating now!
2026-05-16 11:46:34,943 - src.base.trainer - INFO - Epoch [20/250] (3339) train_mae: 2.4023, val_mae: 2.8745, lr: 0.001000, 5.8s
2026-05-16 11:46:34,944 - src.base.trainer - INFO - Val loss decrease from 2.8801 to 2.8745, saving to True
2026-05-16 11:46:40,137 - src.base.trainer - INFO - epoch complete
2026-05-16 11:46:40,137 - src.base.trainer - INFO - evaluating now!
2026-05-16 11:46:40,707 - src.base.trainer - INFO - Epoch [21/250] (3498) train_mae: 2.3826, val_mae: 2.9018, lr: 0.001000, 5.2s
2026-05-16 11:46:44,604 - src.base.trainer - INFO - Epoch [22/250] (3600) train_mae: 2.3540, val_mae: 2.8684 
2026-05-16 11:46:44,605 - src.base.trainer - INFO - Val loss decrease from 2.8745 to 2.8684, saving to True
2026-05-16 11:46:46,442 - src.base.trainer - INFO - epoch complete
2026-05-16 11:46:46,442 - src.base.trainer - INFO - evaluating now!
2026-05-16 11:46:47,022 - src.base.trainer - INFO - Epoch [22/250] (3657) train_mae: 2.3722, val_mae: 2.9008, lr: 0.001000, 5.7s
2026-05-16 11:46:52,226 - src.base.trainer - INFO - epoch complete
2026-05-16 11:46:52,226 - src.base.trainer - INFO - evaluating now!
2026-05-16 11:46:52,794 - src.base.trainer - INFO - Epoch [23/250] (3816) train_mae: 2.3730, val_mae: 2.9020, lr: 0.001000, 5.2s
2026-05-16 11:46:57,959 - src.base.trainer - INFO - epoch complete
2026-05-16 11:46:57,959 - src.base.trainer - INFO - evaluating now!
2026-05-16 11:46:58,527 - src.base.trainer - INFO - Epoch [24/250] (3975) train_mae: 2.3693, val_mae: 2.9718, lr: 0.001000, 5.2s
2026-05-16 11:46:59,895 - src.base.trainer - INFO - Epoch [25/250] (4000) train_mae: 2.3200, val_mae: 2.9378 
2026-05-16 11:47:04,278 - src.base.trainer - INFO - epoch complete
2026-05-16 11:47:04,278 - src.base.trainer - INFO - evaluating now!
2026-05-16 11:47:04,849 - src.base.trainer - INFO - Epoch [25/250] (4134) train_mae: 2.3523, val_mae: 2.8739, lr: 0.001000, 5.8s
2026-05-16 11:47:10,011 - src.base.trainer - INFO - epoch complete
2026-05-16 11:47:10,011 - src.base.trainer - INFO - evaluating now!
2026-05-16 11:47:10,588 - src.base.trainer - INFO - Epoch [26/250] (4293) train_mae: 2.3281, val_mae: 2.9206, lr: 0.001000, 5.2s
2026-05-16 11:47:14,649 - src.base.trainer - INFO - Epoch [27/250] (4400) train_mae: 2.3414, val_mae: 2.9322 
2026-05-16 11:47:16,333 - src.base.trainer - INFO - epoch complete
2026-05-16 11:47:16,333 - src.base.trainer - INFO - evaluating now!
2026-05-16 11:47:16,911 - src.base.trainer - INFO - Epoch [27/250] (4452) train_mae: 2.3364, val_mae: 2.9211, lr: 0.001000, 5.7s
2026-05-16 11:47:22,092 - src.base.trainer - INFO - epoch complete
2026-05-16 11:47:22,093 - src.base.trainer - INFO - evaluating now!
2026-05-16 11:47:22,662 - src.base.trainer - INFO - Epoch [28/250] (4611) train_mae: 2.3290, val_mae: 2.9280, lr: 0.001000, 5.2s
2026-05-16 11:47:27,820 - src.base.trainer - INFO - epoch complete
2026-05-16 11:47:27,820 - src.base.trainer - INFO - evaluating now!
2026-05-16 11:47:28,391 - src.base.trainer - INFO - Epoch [29/250] (4770) train_mae: 2.3288, val_mae: 2.9314, lr: 0.001000, 5.2s
2026-05-16 11:47:29,925 - src.base.trainer - INFO - Epoch [30/250] (4800) train_mae: 2.2450, val_mae: 2.8939 
2026-05-16 11:47:34,107 - src.base.trainer - INFO - epoch complete
2026-05-16 11:47:34,107 - src.base.trainer - INFO - evaluating now!
2026-05-16 11:47:34,678 - src.base.trainer - INFO - Epoch [30/250] (4929) train_mae: 2.3080, val_mae: 2.9767, lr: 0.001000, 5.7s
2026-05-16 11:47:39,856 - src.base.trainer - INFO - epoch complete
2026-05-16 11:47:39,856 - src.base.trainer - INFO - evaluating now!
2026-05-16 11:47:40,429 - src.base.trainer - INFO - Epoch [31/250] (5088) train_mae: 2.3016, val_mae: 2.9693, lr: 0.001000, 5.2s
2026-05-16 11:47:44,792 - src.base.trainer - INFO - Epoch [32/250] (5200) train_mae: 2.2902, val_mae: 3.0880 
2026-05-16 11:47:46,331 - src.base.trainer - INFO - epoch complete
2026-05-16 11:47:46,331 - src.base.trainer - INFO - evaluating now!
2026-05-16 11:47:46,962 - src.base.trainer - INFO - Epoch [32/250] (5247) train_mae: 2.2896, val_mae: 3.0793, lr: 0.001000, 5.9s
2026-05-16 11:47:52,229 - src.base.trainer - INFO - epoch complete
2026-05-16 11:47:52,229 - src.base.trainer - INFO - evaluating now!
2026-05-16 11:47:52,804 - src.base.trainer - INFO - Epoch [33/250] (5406) train_mae: 2.2920, val_mae: 2.9656, lr: 0.001000, 5.3s
2026-05-16 11:47:58,217 - src.base.trainer - INFO - epoch complete
2026-05-16 11:47:58,217 - src.base.trainer - INFO - evaluating now!
2026-05-16 11:47:58,819 - src.base.trainer - INFO - Epoch [34/250] (5565) train_mae: 2.2912, val_mae: 2.9604, lr: 0.001000, 5.4s
2026-05-16 11:48:00,672 - src.base.trainer - INFO - Epoch [35/250] (5600) train_mae: 2.3610, val_mae: 2.9486 
2026-05-16 11:48:04,757 - src.base.trainer - INFO - epoch complete
2026-05-16 11:48:04,757 - src.base.trainer - INFO - evaluating now!
2026-05-16 11:48:05,328 - src.base.trainer - INFO - Epoch [35/250] (5724) train_mae: 2.2737, val_mae: 2.9066, lr: 0.001000, 5.9s
2026-05-16 11:48:10,509 - src.base.trainer - INFO - epoch complete
2026-05-16 11:48:10,509 - src.base.trainer - INFO - evaluating now!
2026-05-16 11:48:11,083 - src.base.trainer - INFO - Epoch [36/250] (5883) train_mae: 2.2722, val_mae: 2.8812, lr: 0.001000, 5.2s
2026-05-16 11:48:15,487 - src.base.trainer - INFO - Epoch [37/250] (6000) train_mae: 2.2710, val_mae: 2.9157 
2026-05-16 11:48:16,848 - src.base.trainer - INFO - epoch complete
2026-05-16 11:48:16,848 - src.base.trainer - INFO - evaluating now!
2026-05-16 11:48:17,420 - src.base.trainer - INFO - Epoch [37/250] (6042) train_mae: 2.2545, val_mae: 2.9923, lr: 0.001000, 5.8s
2026-05-16 11:48:22,708 - src.base.trainer - INFO - epoch complete
2026-05-16 11:48:22,708 - src.base.trainer - INFO - evaluating now!
2026-05-16 11:48:23,284 - src.base.trainer - INFO - Epoch [38/250] (6201) train_mae: 2.2446, val_mae: 2.9527, lr: 0.001000, 5.3s
2026-05-16 11:48:28,446 - src.base.trainer - INFO - epoch complete
2026-05-16 11:48:28,446 - src.base.trainer - INFO - evaluating now!
2026-05-16 11:48:29,018 - src.base.trainer - INFO - Epoch [39/250] (6360) train_mae: 2.2528, val_mae: 2.9816, lr: 0.001000, 5.2s
2026-05-16 11:48:30,889 - src.base.trainer - INFO - Epoch [40/250] (6400) train_mae: 2.3202, val_mae: 2.9401 
2026-05-16 11:48:34,758 - src.base.trainer - INFO - epoch complete
2026-05-16 11:48:34,758 - src.base.trainer - INFO - evaluating now!
2026-05-16 11:48:35,331 - src.base.trainer - INFO - Epoch [40/250] (6519) train_mae: 2.2353, val_mae: 2.9257, lr: 0.001000, 5.7s
2026-05-16 11:48:40,505 - src.base.trainer - INFO - epoch complete
2026-05-16 11:48:40,505 - src.base.trainer - INFO - evaluating now!
2026-05-16 11:48:41,077 - src.base.trainer - INFO - Epoch [41/250] (6678) train_mae: 2.2443, val_mae: 3.0162, lr: 0.001000, 5.2s
2026-05-16 11:48:45,639 - src.base.trainer - INFO - Epoch [42/250] (6800) train_mae: 2.2511, val_mae: 2.9703 
2026-05-16 11:48:46,835 - src.base.trainer - INFO - epoch complete
2026-05-16 11:48:46,835 - src.base.trainer - INFO - evaluating now!
2026-05-16 11:48:47,408 - src.base.trainer - INFO - Epoch [42/250] (6837) train_mae: 2.2385, val_mae: 2.9871, lr: 0.001000, 5.8s
2026-05-16 11:48:52,599 - src.base.trainer - INFO - epoch complete
2026-05-16 11:48:52,599 - src.base.trainer - INFO - evaluating now!
2026-05-16 11:48:53,172 - src.base.trainer - INFO - Epoch [43/250] (6996) train_mae: 2.2280, val_mae: 3.0174, lr: 0.001000, 5.2s
2026-05-16 11:48:58,345 - src.base.trainer - INFO - epoch complete
2026-05-16 11:48:58,347 - src.base.trainer - INFO - evaluating now!
2026-05-16 11:48:58,919 - src.base.trainer - INFO - Epoch [44/250] (7155) train_mae: 2.2118, val_mae: 3.0237, lr: 0.001000, 5.2s
2026-05-16 11:49:00,951 - src.base.trainer - INFO - Epoch [45/250] (7200) train_mae: 2.2655, val_mae: 3.0049 
2026-05-16 11:49:04,689 - src.base.trainer - INFO - epoch complete
2026-05-16 11:49:04,692 - src.base.trainer - INFO - evaluating now!
2026-05-16 11:49:05,264 - src.base.trainer - INFO - Epoch [45/250] (7314) train_mae: 2.2207, val_mae: 3.0591, lr: 0.001000, 5.8s
2026-05-16 11:49:10,673 - src.base.trainer - INFO - epoch complete
2026-05-16 11:49:10,673 - src.base.trainer - INFO - evaluating now!
2026-05-16 11:49:11,270 - src.base.trainer - INFO - Epoch [46/250] (7473) train_mae: 2.2206, val_mae: 3.0182, lr: 0.001000, 5.4s
2026-05-16 11:49:15,990 - src.base.trainer - INFO - Epoch [47/250] (7600) train_mae: 2.2057, val_mae: 2.9905 
2026-05-16 11:49:17,028 - src.base.trainer - INFO - epoch complete
2026-05-16 11:49:17,028 - src.base.trainer - INFO - evaluating now!
2026-05-16 11:49:17,597 - src.base.trainer - INFO - Epoch [47/250] (7632) train_mae: 2.2039, val_mae: 3.0325, lr: 0.001000, 5.8s
2026-05-16 11:49:22,783 - src.base.trainer - INFO - epoch complete
2026-05-16 11:49:22,783 - src.base.trainer - INFO - evaluating now!
2026-05-16 11:49:23,408 - src.base.trainer - INFO - Epoch [48/250] (7791) train_mae: 2.1925, val_mae: 2.9476, lr: 0.001000, 5.2s
2026-05-16 11:49:28,581 - src.base.trainer - INFO - epoch complete
2026-05-16 11:49:28,581 - src.base.trainer - INFO - evaluating now!
2026-05-16 11:49:29,155 - src.base.trainer - INFO - Epoch [49/250] (7950) train_mae: 2.2089, val_mae: 3.0354, lr: 0.001000, 5.2s
2026-05-16 11:49:31,399 - src.base.trainer - INFO - Epoch [50/250] (8000) train_mae: 2.2531, val_mae: 2.9826 
2026-05-16 11:49:34,953 - src.base.trainer - INFO - epoch complete
2026-05-16 11:49:34,953 - src.base.trainer - INFO - evaluating now!
2026-05-16 11:49:35,525 - src.base.trainer - INFO - Epoch [50/250] (8109) train_mae: 2.1976, val_mae: 3.0125, lr: 0.001000, 5.8s
2026-05-16 11:49:40,713 - src.base.trainer - INFO - epoch complete
2026-05-16 11:49:40,713 - src.base.trainer - INFO - evaluating now!
2026-05-16 11:49:41,285 - src.base.trainer - INFO - Epoch [51/250] (8268) train_mae: 2.1802, val_mae: 3.0118, lr: 0.001000, 5.2s
2026-05-16 11:49:46,158 - src.base.trainer - INFO - Epoch [52/250] (8400) train_mae: 2.1720, val_mae: 2.9698 
2026-05-16 11:49:47,032 - src.base.trainer - INFO - epoch complete
2026-05-16 11:49:47,032 - src.base.trainer - INFO - evaluating now!
2026-05-16 11:49:47,606 - src.base.trainer - INFO - Epoch [52/250] (8427) train_mae: 2.1827, val_mae: 3.2237, lr: 0.001000, 5.7s
2026-05-16 11:49:52,837 - src.base.trainer - INFO - epoch complete
2026-05-16 11:49:52,837 - src.base.trainer - INFO - evaluating now!
2026-05-16 11:49:53,412 - src.base.trainer - INFO - Epoch [53/250] (8586) train_mae: 2.1989, val_mae: 3.1343, lr: 0.001000, 5.2s
2026-05-16 11:49:58,591 - src.base.trainer - INFO - epoch complete
2026-05-16 11:49:58,591 - src.base.trainer - INFO - evaluating now!
2026-05-16 11:49:59,163 - src.base.trainer - INFO - Epoch [54/250] (8745) train_mae: 2.2027, val_mae: 3.0552, lr: 0.001000, 5.2s
2026-05-16 11:50:01,520 - src.base.trainer - INFO - Epoch [55/250] (8800) train_mae: 2.1868, val_mae: 3.1300 
2026-05-16 11:50:05,212 - src.base.trainer - INFO - epoch complete
2026-05-16 11:50:05,212 - src.base.trainer - INFO - evaluating now!
2026-05-16 11:50:05,804 - src.base.trainer - INFO - Epoch [55/250] (8904) train_mae: 2.1864, val_mae: 3.0630, lr: 0.001000, 6.0s
2026-05-16 11:50:10,982 - src.base.trainer - INFO - epoch complete
2026-05-16 11:50:10,982 - src.base.trainer - INFO - evaluating now!
2026-05-16 11:50:11,556 - src.base.trainer - INFO - Epoch [56/250] (9063) train_mae: 2.1690, val_mae: 3.0024, lr: 0.001000, 5.2s
2026-05-16 11:50:16,695 - src.base.trainer - INFO - Epoch [57/250] (9200) train_mae: 2.1982, val_mae: 3.1314 
2026-05-16 11:50:17,409 - src.base.trainer - INFO - epoch complete
2026-05-16 11:50:17,409 - src.base.trainer - INFO - evaluating now!
2026-05-16 11:50:17,983 - src.base.trainer - INFO - Epoch [57/250] (9222) train_mae: 2.1896, val_mae: 3.0360, lr: 0.001000, 5.9s
2026-05-16 11:50:23,228 - src.base.trainer - INFO - epoch complete
2026-05-16 11:50:23,228 - src.base.trainer - INFO - evaluating now!
2026-05-16 11:50:23,800 - src.base.trainer - INFO - Epoch [58/250] (9381) train_mae: 2.1722, val_mae: 3.0551, lr: 0.001000, 5.2s
2026-05-16 11:50:28,975 - src.base.trainer - INFO - epoch complete
2026-05-16 11:50:28,977 - src.base.trainer - INFO - evaluating now!
2026-05-16 11:50:29,552 - src.base.trainer - INFO - Epoch [59/250] (9540) train_mae: 2.1817, val_mae: 3.1656, lr: 0.001000, 5.2s
2026-05-16 11:50:32,078 - src.base.trainer - INFO - Epoch [60/250] (9600) train_mae: 2.1577, val_mae: 3.1480 
2026-05-16 11:50:35,303 - src.base.trainer - INFO - epoch complete
2026-05-16 11:50:35,303 - src.base.trainer - INFO - evaluating now!
2026-05-16 11:50:35,875 - src.base.trainer - INFO - Epoch [60/250] (9699) train_mae: 2.1687, val_mae: 3.1462, lr: 0.001000, 5.8s
2026-05-16 11:50:41,073 - src.base.trainer - INFO - epoch complete
2026-05-16 11:50:41,076 - src.base.trainer - INFO - evaluating now!
2026-05-16 11:50:41,646 - src.base.trainer - INFO - Epoch [61/250] (9858) train_mae: 2.1497, val_mae: 3.1190, lr: 0.001000, 5.2s
2026-05-16 11:50:46,852 - src.base.trainer - INFO - Epoch [62/250] (10000) train_mae: 2.1652, val_mae: 3.2017 
2026-05-16 11:50:47,394 - src.base.trainer - INFO - epoch complete
2026-05-16 11:50:47,394 - src.base.trainer - INFO - evaluating now!
2026-05-16 11:50:47,968 - src.base.trainer - INFO - Epoch [62/250] (10017) train_mae: 2.1651, val_mae: 3.1083, lr: 0.001000, 5.7s
2026-05-16 11:50:53,197 - src.base.trainer - INFO - epoch complete
2026-05-16 11:50:53,197 - src.base.trainer - INFO - evaluating now!
2026-05-16 11:50:53,767 - src.base.trainer - INFO - Epoch [63/250] (10176) train_mae: 2.1512, val_mae: 3.0951, lr: 0.001000, 5.2s
2026-05-16 11:50:58,943 - src.base.trainer - INFO - epoch complete
2026-05-16 11:50:58,943 - src.base.trainer - INFO - evaluating now!
2026-05-16 11:50:59,516 - src.base.trainer - INFO - Epoch [64/250] (10335) train_mae: 2.1581, val_mae: 3.3078, lr: 0.001000, 5.2s
2026-05-16 11:51:02,220 - src.base.trainer - INFO - Epoch [65/250] (10400) train_mae: 2.1476, val_mae: 3.2243 
2026-05-16 11:51:05,357 - src.base.trainer - INFO - epoch complete
2026-05-16 11:51:05,357 - src.base.trainer - INFO - evaluating now!
2026-05-16 11:51:05,930 - src.base.trainer - INFO - Epoch [65/250] (10494) train_mae: 2.1585, val_mae: 3.1170, lr: 0.001000, 5.8s
2026-05-16 11:51:11,210 - src.base.trainer - INFO - epoch complete
2026-05-16 11:51:11,211 - src.base.trainer - INFO - evaluating now!
2026-05-16 11:51:11,784 - src.base.trainer - INFO - Epoch [66/250] (10653) train_mae: 2.1532, val_mae: 3.1634, lr: 0.001000, 5.3s
2026-05-16 11:51:17,162 - src.base.trainer - INFO - Epoch [67/250] (10800) train_mae: 2.1705, val_mae: 3.2301 
2026-05-16 11:51:17,540 - src.base.trainer - INFO - epoch complete
2026-05-16 11:51:17,540 - src.base.trainer - INFO - evaluating now!
2026-05-16 11:51:18,110 - src.base.trainer - INFO - Epoch [67/250] (10812) train_mae: 2.1642, val_mae: 3.2319, lr: 0.001000, 5.8s
2026-05-16 11:51:23,275 - src.base.trainer - INFO - epoch complete
2026-05-16 11:51:23,275 - src.base.trainer - INFO - evaluating now!
2026-05-16 11:51:23,853 - src.base.trainer - INFO - Epoch [68/250] (10971) train_mae: 2.1441, val_mae: 3.2322, lr: 0.001000, 5.2s
2026-05-16 11:51:29,070 - src.base.trainer - INFO - epoch complete
2026-05-16 11:51:29,070 - src.base.trainer - INFO - evaluating now!
2026-05-16 11:51:29,640 - src.base.trainer - INFO - Epoch [69/250] (11130) train_mae: 2.1439, val_mae: 3.1562, lr: 0.001000, 5.2s
2026-05-16 11:51:32,479 - src.base.trainer - INFO - Epoch [70/250] (11200) train_mae: 2.1356, val_mae: 3.1984 
2026-05-16 11:51:35,354 - src.base.trainer - INFO - epoch complete
2026-05-16 11:51:35,354 - src.base.trainer - INFO - evaluating now!
2026-05-16 11:51:35,925 - src.base.trainer - INFO - Epoch [70/250] (11289) train_mae: 2.1290, val_mae: 3.2369, lr: 0.001000, 5.7s
2026-05-16 11:51:41,102 - src.base.trainer - INFO - epoch complete
2026-05-16 11:51:41,102 - src.base.trainer - INFO - evaluating now!
2026-05-16 11:51:41,671 - src.base.trainer - INFO - Epoch [71/250] (11448) train_mae: 2.1239, val_mae: 3.2006, lr: 0.001000, 5.2s
2026-05-16 11:51:47,199 - src.base.trainer - INFO - Epoch [72/250] (11600) train_mae: 2.1234, val_mae: 3.2202 
2026-05-16 11:51:47,413 - src.base.trainer - INFO - epoch complete
2026-05-16 11:51:47,413 - src.base.trainer - INFO - evaluating now!
2026-05-16 11:51:47,987 - src.base.trainer - INFO - Epoch [72/250] (11607) train_mae: 2.1281, val_mae: 3.3009, lr: 0.001000, 5.7s
2026-05-16 11:51:47,987 - src.base.trainer - INFO - Early stop at epoch 73, loss = 2.868445
2026-05-16 11:58:45,033 - src.base.trainer - INFO - the number of parameters: 50359
2026-05-16 11:58:45,033 - src.base.trainer - INFO - start training !!!!!
2026-05-16 11:58:50,476 - src.base.trainer - INFO - epoch complete
2026-05-16 11:58:50,476 - src.base.trainer - INFO - evaluating now!
2026-05-16 11:58:51,076 - src.base.trainer - INFO - Epoch [0/250] (159) train_mae: 5.2913, val_mae: 3.9327, lr: 0.001000, 5.4s
2026-05-16 11:58:51,083 - src.base.trainer - INFO - Val loss decrease from inf to 3.9327, saving to True
2026-05-16 11:58:56,534 - src.base.trainer - INFO - epoch complete
2026-05-16 11:58:56,535 - src.base.trainer - INFO - evaluating now!
2026-05-16 11:58:57,131 - src.base.trainer - INFO - Epoch [1/250] (318) train_mae: 3.0077, val_mae: 3.3290, lr: 0.001000, 5.5s
2026-05-16 11:58:57,132 - src.base.trainer - INFO - Val loss decrease from 3.9327 to 3.3290, saving to True
2026-05-16 11:59:00,517 - src.base.trainer - INFO - Epoch [2/250] (400) train_mae: 2.7059, val_mae: 3.2259 
2026-05-16 11:59:00,519 - src.base.trainer - INFO - Val loss decrease from 3.3290 to 3.2259, saving to True
2026-05-16 11:59:03,145 - src.base.trainer - INFO - epoch complete
2026-05-16 11:59:03,146 - src.base.trainer - INFO - evaluating now!
2026-05-16 11:59:03,764 - src.base.trainer - INFO - Epoch [2/250] (477) train_mae: 2.7127, val_mae: 3.1715, lr: 0.001000, 6.0s
2026-05-16 11:59:03,765 - src.base.trainer - INFO - Val loss decrease from 3.2259 to 3.1715, saving to True
2026-05-16 11:59:09,984 - src.base.trainer - INFO - epoch complete
2026-05-16 11:59:09,984 - src.base.trainer - INFO - evaluating now!
2026-05-16 11:59:10,578 - src.base.trainer - INFO - Epoch [3/250] (636) train_mae: 2.6106, val_mae: 3.1788, lr: 0.001000, 6.2s
2026-05-16 11:59:15,994 - src.base.trainer - INFO - epoch complete
2026-05-16 11:59:15,994 - src.base.trainer - INFO - evaluating now!
2026-05-16 11:59:16,591 - src.base.trainer - INFO - Epoch [4/250] (795) train_mae: 2.5616, val_mae: 3.0212, lr: 0.001000, 5.4s
2026-05-16 11:59:16,593 - src.base.trainer - INFO - Val loss decrease from 3.1715 to 3.0212, saving to True
2026-05-16 11:59:17,355 - src.base.trainer - INFO - Epoch [5/250] (800) train_mae: 2.6716, val_mae: 3.1054 
2026-05-16 11:59:22,627 - src.base.trainer - INFO - epoch complete
2026-05-16 11:59:22,627 - src.base.trainer - INFO - evaluating now!
2026-05-16 11:59:23,225 - src.base.trainer - INFO - Epoch [5/250] (954) train_mae: 2.5209, val_mae: 3.0331, lr: 0.001000, 6.0s
2026-05-16 11:59:28,675 - src.base.trainer - INFO - epoch complete
2026-05-16 11:59:28,675 - src.base.trainer - INFO - evaluating now!
2026-05-16 11:59:29,275 - src.base.trainer - INFO - Epoch [6/250] (1113) train_mae: 2.5057, val_mae: 2.9740, lr: 0.001000, 5.4s
2026-05-16 11:59:29,277 - src.base.trainer - INFO - Val loss decrease from 3.0212 to 2.9740, saving to True
2026-05-16 11:59:32,850 - src.base.trainer - INFO - Epoch [7/250] (1200) train_mae: 2.4594, val_mae: 3.0051 
2026-05-16 11:59:35,287 - src.base.trainer - INFO - epoch complete
2026-05-16 11:59:35,287 - src.base.trainer - INFO - evaluating now!
2026-05-16 11:59:35,885 - src.base.trainer - INFO - Epoch [7/250] (1272) train_mae: 2.4673, val_mae: 2.9951, lr: 0.001000, 6.0s
2026-05-16 11:59:41,311 - src.base.trainer - INFO - epoch complete
2026-05-16 11:59:41,314 - src.base.trainer - INFO - evaluating now!
2026-05-16 11:59:41,910 - src.base.trainer - INFO - Epoch [8/250] (1431) train_mae: 2.4636, val_mae: 3.0080, lr: 0.001000, 5.4s
2026-05-16 11:59:47,349 - src.base.trainer - INFO - epoch complete
2026-05-16 11:59:47,349 - src.base.trainer - INFO - evaluating now!
2026-05-16 11:59:47,947 - src.base.trainer - INFO - Epoch [9/250] (1590) train_mae: 2.4408, val_mae: 3.0302, lr: 0.001000, 5.4s
2026-05-16 11:59:48,881 - src.base.trainer - INFO - Epoch [10/250] (1600) train_mae: 2.5774, val_mae: 3.0132 
2026-05-16 11:59:53,979 - src.base.trainer - INFO - epoch complete
2026-05-16 11:59:53,979 - src.base.trainer - INFO - evaluating now!
2026-05-16 11:59:54,583 - src.base.trainer - INFO - Epoch [10/250] (1749) train_mae: 2.4376, val_mae: 3.0479, lr: 0.001000, 6.0s
2026-05-16 11:59:59,992 - src.base.trainer - INFO - epoch complete
2026-05-16 11:59:59,994 - src.base.trainer - INFO - evaluating now!
2026-05-16 12:00:00,595 - src.base.trainer - INFO - Epoch [11/250] (1908) train_mae: 2.4180, val_mae: 2.9672, lr: 0.001000, 5.4s
2026-05-16 12:00:00,597 - src.base.trainer - INFO - Val loss decrease from 2.9740 to 2.9672, saving to True
2026-05-16 12:00:04,391 - src.base.trainer - INFO - Epoch [12/250] (2000) train_mae: 2.3782, val_mae: 2.9296 
2026-05-16 12:00:04,392 - src.base.trainer - INFO - Val loss decrease from 2.9672 to 2.9296, saving to True
2026-05-16 12:00:06,654 - src.base.trainer - INFO - epoch complete
2026-05-16 12:00:06,654 - src.base.trainer - INFO - evaluating now!
2026-05-16 12:00:07,258 - src.base.trainer - INFO - Epoch [12/250] (2067) train_mae: 2.3957, val_mae: 3.0648, lr: 0.001000, 6.1s
2026-05-16 12:00:12,703 - src.base.trainer - INFO - epoch complete
2026-05-16 12:00:12,703 - src.base.trainer - INFO - evaluating now!
2026-05-16 12:00:13,301 - src.base.trainer - INFO - Epoch [13/250] (2226) train_mae: 2.3712, val_mae: 2.9299, lr: 0.001000, 5.4s
2026-05-16 12:00:18,735 - src.base.trainer - INFO - epoch complete
2026-05-16 12:00:18,735 - src.base.trainer - INFO - evaluating now!
2026-05-16 12:00:19,334 - src.base.trainer - INFO - Epoch [14/250] (2385) train_mae: 2.3708, val_mae: 3.0402, lr: 0.001000, 5.4s
2026-05-16 12:00:20,436 - src.base.trainer - INFO - Epoch [15/250] (2400) train_mae: 2.4592, val_mae: 2.9952 
2026-05-16 12:00:25,376 - src.base.trainer - INFO - epoch complete
2026-05-16 12:00:25,377 - src.base.trainer - INFO - evaluating now!
2026-05-16 12:00:25,977 - src.base.trainer - INFO - Epoch [15/250] (2544) train_mae: 2.3587, val_mae: 2.9418, lr: 0.001000, 6.0s
2026-05-16 12:00:31,426 - src.base.trainer - INFO - epoch complete
2026-05-16 12:00:31,426 - src.base.trainer - INFO - evaluating now!
2026-05-16 12:00:32,026 - src.base.trainer - INFO - Epoch [16/250] (2703) train_mae: 2.3501, val_mae: 3.0588, lr: 0.001000, 5.4s
2026-05-16 12:00:35,936 - src.base.trainer - INFO - Epoch [17/250] (2800) train_mae: 2.3412, val_mae: 2.9612 
2026-05-16 12:00:38,041 - src.base.trainer - INFO - epoch complete
2026-05-16 12:00:38,041 - src.base.trainer - INFO - evaluating now!
2026-05-16 12:00:38,638 - src.base.trainer - INFO - Epoch [17/250] (2862) train_mae: 2.3576, val_mae: 3.0340, lr: 0.001000, 6.0s
2026-05-16 12:00:44,077 - src.base.trainer - INFO - epoch complete
2026-05-16 12:00:44,077 - src.base.trainer - INFO - evaluating now!
2026-05-16 12:00:44,672 - src.base.trainer - INFO - Epoch [18/250] (3021) train_mae: 2.3173, val_mae: 2.9700, lr: 0.001000, 5.4s
2026-05-16 12:00:50,197 - src.base.trainer - INFO - epoch complete
2026-05-16 12:00:50,197 - src.base.trainer - INFO - evaluating now!
2026-05-16 12:00:50,792 - src.base.trainer - INFO - Epoch [19/250] (3180) train_mae: 2.3073, val_mae: 3.0191, lr: 0.001000, 5.5s
2026-05-16 12:00:52,062 - src.base.trainer - INFO - Epoch [20/250] (3200) train_mae: 2.2707, val_mae: 2.9678 
2026-05-16 12:00:56,804 - src.base.trainer - INFO - epoch complete
2026-05-16 12:00:56,804 - src.base.trainer - INFO - evaluating now!
2026-05-16 12:00:57,437 - src.base.trainer - INFO - Epoch [20/250] (3339) train_mae: 2.3175, val_mae: 3.0686, lr: 0.001000, 6.0s
2026-05-16 12:01:02,887 - src.base.trainer - INFO - epoch complete
2026-05-16 12:01:02,887 - src.base.trainer - INFO - evaluating now!
2026-05-16 12:01:03,507 - src.base.trainer - INFO - Epoch [21/250] (3498) train_mae: 2.3080, val_mae: 3.0245, lr: 0.001000, 5.4s
2026-05-16 12:01:07,848 - src.base.trainer - INFO - Epoch [22/250] (3600) train_mae: 2.3121, val_mae: 3.1560 
2026-05-16 12:01:09,798 - src.base.trainer - INFO - epoch complete
2026-05-16 12:01:09,798 - src.base.trainer - INFO - evaluating now!
2026-05-16 12:01:10,390 - src.base.trainer - INFO - Epoch [22/250] (3657) train_mae: 2.3007, val_mae: 3.0205, lr: 0.001000, 6.3s
2026-05-16 12:01:15,819 - src.base.trainer - INFO - epoch complete
2026-05-16 12:01:15,821 - src.base.trainer - INFO - evaluating now!
2026-05-16 12:01:16,415 - src.base.trainer - INFO - Epoch [23/250] (3816) train_mae: 2.2983, val_mae: 3.0027, lr: 0.001000, 5.4s
2026-05-16 12:01:21,847 - src.base.trainer - INFO - epoch complete
2026-05-16 12:01:21,847 - src.base.trainer - INFO - evaluating now!
2026-05-16 12:01:22,445 - src.base.trainer - INFO - Epoch [24/250] (3975) train_mae: 2.2903, val_mae: 3.0669, lr: 0.001000, 5.4s
2026-05-16 12:01:23,894 - src.base.trainer - INFO - Epoch [25/250] (4000) train_mae: 2.3196, val_mae: 3.0765 
2026-05-16 12:01:28,478 - src.base.trainer - INFO - epoch complete
2026-05-16 12:01:28,478 - src.base.trainer - INFO - evaluating now!
2026-05-16 12:01:29,079 - src.base.trainer - INFO - Epoch [25/250] (4134) train_mae: 2.2569, val_mae: 3.0771, lr: 0.001000, 6.0s
2026-05-16 12:01:34,518 - src.base.trainer - INFO - epoch complete
2026-05-16 12:01:34,518 - src.base.trainer - INFO - evaluating now!
2026-05-16 12:01:35,118 - src.base.trainer - INFO - Epoch [26/250] (4293) train_mae: 2.2784, val_mae: 3.1244, lr: 0.001000, 5.4s
2026-05-16 12:01:39,366 - src.base.trainer - INFO - Epoch [27/250] (4400) train_mae: 2.2839, val_mae: 3.1354 
2026-05-16 12:01:41,137 - src.base.trainer - INFO - epoch complete
2026-05-16 12:01:41,137 - src.base.trainer - INFO - evaluating now!
2026-05-16 12:01:41,735 - src.base.trainer - INFO - Epoch [27/250] (4452) train_mae: 2.2642, val_mae: 3.1555, lr: 0.001000, 6.0s
2026-05-16 12:01:47,188 - src.base.trainer - INFO - epoch complete
2026-05-16 12:01:47,190 - src.base.trainer - INFO - evaluating now!
2026-05-16 12:01:47,788 - src.base.trainer - INFO - Epoch [28/250] (4611) train_mae: 2.2727, val_mae: 3.1285, lr: 0.001000, 5.5s
2026-05-16 12:01:53,230 - src.base.trainer - INFO - epoch complete
2026-05-16 12:01:53,230 - src.base.trainer - INFO - evaluating now!
2026-05-16 12:01:53,827 - src.base.trainer - INFO - Epoch [29/250] (4770) train_mae: 2.2484, val_mae: 3.1453, lr: 0.001000, 5.4s
2026-05-16 12:01:55,446 - src.base.trainer - INFO - Epoch [30/250] (4800) train_mae: 2.2421, val_mae: 3.0621 
2026-05-16 12:01:59,843 - src.base.trainer - INFO - epoch complete
2026-05-16 12:01:59,843 - src.base.trainer - INFO - evaluating now!
2026-05-16 12:02:00,441 - src.base.trainer - INFO - Epoch [30/250] (4929) train_mae: 2.2316, val_mae: 3.1645, lr: 0.001000, 6.0s
2026-05-16 12:02:05,944 - src.base.trainer - INFO - epoch complete
2026-05-16 12:02:05,944 - src.base.trainer - INFO - evaluating now!
2026-05-16 12:02:06,545 - src.base.trainer - INFO - Epoch [31/250] (5088) train_mae: 2.2378, val_mae: 3.1168, lr: 0.001000, 5.5s
2026-05-16 12:02:11,005 - src.base.trainer - INFO - Epoch [32/250] (5200) train_mae: 2.1873, val_mae: 3.2889 
2026-05-16 12:02:12,597 - src.base.trainer - INFO - epoch complete
2026-05-16 12:02:12,597 - src.base.trainer - INFO - evaluating now!
2026-05-16 12:02:13,194 - src.base.trainer - INFO - Epoch [32/250] (5247) train_mae: 2.2147, val_mae: 3.1913, lr: 0.001000, 6.1s
2026-05-16 12:02:18,617 - src.base.trainer - INFO - epoch complete
2026-05-16 12:02:18,617 - src.base.trainer - INFO - evaluating now!
2026-05-16 12:02:19,214 - src.base.trainer - INFO - Epoch [33/250] (5406) train_mae: 2.2159, val_mae: 3.1672, lr: 0.001000, 5.4s
2026-05-16 12:02:24,669 - src.base.trainer - INFO - epoch complete
2026-05-16 12:02:24,670 - src.base.trainer - INFO - evaluating now!
2026-05-16 12:02:25,268 - src.base.trainer - INFO - Epoch [34/250] (5565) train_mae: 2.2198, val_mae: 3.1899, lr: 0.001000, 5.5s
2026-05-16 12:02:27,066 - src.base.trainer - INFO - Epoch [35/250] (5600) train_mae: 2.1850, val_mae: 3.2051 
2026-05-16 12:02:31,307 - src.base.trainer - INFO - epoch complete
2026-05-16 12:02:31,308 - src.base.trainer - INFO - evaluating now!
2026-05-16 12:02:31,903 - src.base.trainer - INFO - Epoch [35/250] (5724) train_mae: 2.2057, val_mae: 3.1577, lr: 0.001000, 6.0s
2026-05-16 12:02:37,314 - src.base.trainer - INFO - epoch complete
2026-05-16 12:02:37,314 - src.base.trainer - INFO - evaluating now!
2026-05-16 12:02:37,912 - src.base.trainer - INFO - Epoch [36/250] (5883) train_mae: 2.1781, val_mae: 3.2123, lr: 0.001000, 5.4s
2026-05-16 12:02:42,528 - src.base.trainer - INFO - Epoch [37/250] (6000) train_mae: 2.1711, val_mae: 3.1362 
2026-05-16 12:02:43,957 - src.base.trainer - INFO - epoch complete
2026-05-16 12:02:43,957 - src.base.trainer - INFO - evaluating now!
2026-05-16 12:02:44,553 - src.base.trainer - INFO - Epoch [37/250] (6042) train_mae: 2.1809, val_mae: 3.1695, lr: 0.001000, 6.0s
2026-05-16 12:02:50,006 - src.base.trainer - INFO - epoch complete
2026-05-16 12:02:50,006 - src.base.trainer - INFO - evaluating now!
2026-05-16 12:02:50,603 - src.base.trainer - INFO - Epoch [38/250] (6201) train_mae: 2.1691, val_mae: 3.2455, lr: 0.001000, 5.5s
2026-05-16 12:02:56,020 - src.base.trainer - INFO - epoch complete
2026-05-16 12:02:56,020 - src.base.trainer - INFO - evaluating now!
2026-05-16 12:02:56,617 - src.base.trainer - INFO - Epoch [39/250] (6360) train_mae: 2.1909, val_mae: 3.3674, lr: 0.001000, 5.4s
2026-05-16 12:02:58,578 - src.base.trainer - INFO - Epoch [40/250] (6400) train_mae: 2.2653, val_mae: 3.3236 
2026-05-16 12:03:02,645 - src.base.trainer - INFO - epoch complete
2026-05-16 12:03:02,645 - src.base.trainer - INFO - evaluating now!
2026-05-16 12:03:03,257 - src.base.trainer - INFO - Epoch [40/250] (6519) train_mae: 2.1729, val_mae: 3.2620, lr: 0.001000, 6.0s
2026-05-16 12:03:08,727 - src.base.trainer - INFO - epoch complete
2026-05-16 12:03:08,727 - src.base.trainer - INFO - evaluating now!
2026-05-16 12:03:09,324 - src.base.trainer - INFO - Epoch [41/250] (6678) train_mae: 2.1632, val_mae: 3.3077, lr: 0.001000, 5.5s
2026-05-16 12:03:14,092 - src.base.trainer - INFO - Epoch [42/250] (6800) train_mae: 2.1332, val_mae: 3.2067 
2026-05-16 12:03:15,348 - src.base.trainer - INFO - epoch complete
2026-05-16 12:03:15,349 - src.base.trainer - INFO - evaluating now!
2026-05-16 12:03:15,945 - src.base.trainer - INFO - Epoch [42/250] (6837) train_mae: 2.1377, val_mae: 3.2383, lr: 0.001000, 6.0s
2026-05-16 12:03:21,373 - src.base.trainer - INFO - epoch complete
2026-05-16 12:03:21,373 - src.base.trainer - INFO - evaluating now!
2026-05-16 12:03:21,969 - src.base.trainer - INFO - Epoch [43/250] (6996) train_mae: 2.1511, val_mae: 3.2520, lr: 0.001000, 5.4s
2026-05-16 12:03:27,406 - src.base.trainer - INFO - epoch complete
2026-05-16 12:03:27,406 - src.base.trainer - INFO - evaluating now!
2026-05-16 12:03:28,010 - src.base.trainer - INFO - Epoch [44/250] (7155) train_mae: 2.1354, val_mae: 3.3570, lr: 0.001000, 5.4s
2026-05-16 12:03:30,152 - src.base.trainer - INFO - Epoch [45/250] (7200) train_mae: 2.1058, val_mae: 3.3429 
2026-05-16 12:03:34,037 - src.base.trainer - INFO - epoch complete
2026-05-16 12:03:34,037 - src.base.trainer - INFO - evaluating now!
2026-05-16 12:03:34,637 - src.base.trainer - INFO - Epoch [45/250] (7314) train_mae: 2.1501, val_mae: 3.3021, lr: 0.001000, 6.0s
2026-05-16 12:03:40,080 - src.base.trainer - INFO - epoch complete
2026-05-16 12:03:40,080 - src.base.trainer - INFO - evaluating now!
2026-05-16 12:03:40,679 - src.base.trainer - INFO - Epoch [46/250] (7473) train_mae: 2.1240, val_mae: 3.2417, lr: 0.001000, 5.4s
2026-05-16 12:03:45,619 - src.base.trainer - INFO - Epoch [47/250] (7600) train_mae: 2.1011, val_mae: 3.2362 
2026-05-16 12:03:46,704 - src.base.trainer - INFO - epoch complete
2026-05-16 12:03:46,705 - src.base.trainer - INFO - evaluating now!
2026-05-16 12:03:47,300 - src.base.trainer - INFO - Epoch [47/250] (7632) train_mae: 2.1104, val_mae: 3.3003, lr: 0.001000, 6.0s
2026-05-16 12:03:52,821 - src.base.trainer - INFO - epoch complete
2026-05-16 12:03:52,822 - src.base.trainer - INFO - evaluating now!
2026-05-16 12:03:53,420 - src.base.trainer - INFO - Epoch [48/250] (7791) train_mae: 2.1027, val_mae: 3.2319, lr: 0.001000, 5.5s
2026-05-16 12:03:58,878 - src.base.trainer - INFO - epoch complete
2026-05-16 12:03:58,878 - src.base.trainer - INFO - evaluating now!
2026-05-16 12:03:59,475 - src.base.trainer - INFO - Epoch [49/250] (7950) train_mae: 2.0982, val_mae: 3.2508, lr: 0.001000, 5.5s
2026-05-16 12:04:01,828 - src.base.trainer - INFO - Epoch [50/250] (8000) train_mae: 2.1789, val_mae: 3.2929 
2026-05-16 12:04:05,596 - src.base.trainer - INFO - epoch complete
2026-05-16 12:04:05,596 - src.base.trainer - INFO - evaluating now!
2026-05-16 12:04:06,196 - src.base.trainer - INFO - Epoch [50/250] (8109) train_mae: 2.1199, val_mae: 3.2702, lr: 0.001000, 6.1s
2026-05-16 12:04:11,938 - src.base.trainer - INFO - epoch complete
2026-05-16 12:04:11,939 - src.base.trainer - INFO - evaluating now!
2026-05-16 12:04:12,542 - src.base.trainer - INFO - Epoch [51/250] (8268) train_mae: 2.1185, val_mae: 3.2212, lr: 0.001000, 5.7s
2026-05-16 12:04:17,671 - src.base.trainer - INFO - Epoch [52/250] (8400) train_mae: 2.1535, val_mae: 3.3802 
2026-05-16 12:04:18,582 - src.base.trainer - INFO - epoch complete
2026-05-16 12:04:18,582 - src.base.trainer - INFO - evaluating now!
2026-05-16 12:04:19,176 - src.base.trainer - INFO - Epoch [52/250] (8427) train_mae: 2.1405, val_mae: 3.2888, lr: 0.001000, 6.0s
2026-05-16 12:04:24,630 - src.base.trainer - INFO - epoch complete
2026-05-16 12:04:24,630 - src.base.trainer - INFO - evaluating now!
2026-05-16 12:04:25,233 - src.base.trainer - INFO - Epoch [53/250] (8586) train_mae: 2.1094, val_mae: 3.3371, lr: 0.001000, 5.5s
2026-05-16 12:04:30,688 - src.base.trainer - INFO - epoch complete
2026-05-16 12:04:30,688 - src.base.trainer - INFO - evaluating now!
2026-05-16 12:04:31,288 - src.base.trainer - INFO - Epoch [54/250] (8745) train_mae: 2.0870, val_mae: 3.2507, lr: 0.001000, 5.5s
2026-05-16 12:04:33,771 - src.base.trainer - INFO - Epoch [55/250] (8800) train_mae: 2.0623, val_mae: 3.2794 
2026-05-16 12:04:37,325 - src.base.trainer - INFO - epoch complete
2026-05-16 12:04:37,325 - src.base.trainer - INFO - evaluating now!
2026-05-16 12:04:37,925 - src.base.trainer - INFO - Epoch [55/250] (8904) train_mae: 2.0706, val_mae: 3.3319, lr: 0.001000, 6.0s
2026-05-16 12:04:43,391 - src.base.trainer - INFO - epoch complete
2026-05-16 12:04:43,394 - src.base.trainer - INFO - evaluating now!
2026-05-16 12:04:43,990 - src.base.trainer - INFO - Epoch [56/250] (9063) train_mae: 2.1053, val_mae: 3.3286, lr: 0.001000, 5.5s
2026-05-16 12:04:49,315 - src.base.trainer - INFO - Epoch [57/250] (9200) train_mae: 2.0967, val_mae: 3.2838 
2026-05-16 12:04:50,060 - src.base.trainer - INFO - epoch complete
2026-05-16 12:04:50,060 - src.base.trainer - INFO - evaluating now!
2026-05-16 12:04:50,657 - src.base.trainer - INFO - Epoch [57/250] (9222) train_mae: 2.0998, val_mae: 3.2813, lr: 0.001000, 6.1s
2026-05-16 12:04:56,095 - src.base.trainer - INFO - epoch complete
2026-05-16 12:04:56,095 - src.base.trainer - INFO - evaluating now!
2026-05-16 12:04:56,693 - src.base.trainer - INFO - Epoch [58/250] (9381) train_mae: 2.0660, val_mae: 3.3639, lr: 0.001000, 5.4s
2026-05-16 12:05:02,156 - src.base.trainer - INFO - epoch complete
2026-05-16 12:05:02,158 - src.base.trainer - INFO - evaluating now!
2026-05-16 12:05:02,770 - src.base.trainer - INFO - Epoch [59/250] (9540) train_mae: 2.0887, val_mae: 3.3249, lr: 0.001000, 5.5s
2026-05-16 12:05:05,447 - src.base.trainer - INFO - Epoch [60/250] (9600) train_mae: 2.0479, val_mae: 3.4023 
2026-05-16 12:05:08,822 - src.base.trainer - INFO - epoch complete
2026-05-16 12:05:08,822 - src.base.trainer - INFO - evaluating now!
2026-05-16 12:05:09,418 - src.base.trainer - INFO - Epoch [60/250] (9699) train_mae: 2.0702, val_mae: 3.3821, lr: 0.001000, 6.1s
2026-05-16 12:05:14,868 - src.base.trainer - INFO - epoch complete
2026-05-16 12:05:14,871 - src.base.trainer - INFO - evaluating now!
2026-05-16 12:05:15,476 - src.base.trainer - INFO - Epoch [61/250] (9858) train_mae: 2.0706, val_mae: 3.3757, lr: 0.001000, 5.4s
2026-05-16 12:05:21,128 - src.base.trainer - INFO - Epoch [62/250] (10000) train_mae: 2.0505, val_mae: 3.3668 
2026-05-16 12:05:21,707 - src.base.trainer - INFO - epoch complete
2026-05-16 12:05:21,707 - src.base.trainer - INFO - evaluating now!
2026-05-16 12:05:22,300 - src.base.trainer - INFO - Epoch [62/250] (10017) train_mae: 2.0415, val_mae: 3.3993, lr: 0.001000, 6.2s
2026-05-16 12:05:22,300 - src.base.trainer - INFO - Early stop at epoch 63, loss = 2.929557
2026-05-16 12:08:13,145 - src.base.trainer - INFO - the number of parameters: 59305
2026-05-16 12:08:13,146 - src.base.trainer - INFO - start training !!!!!
2026-05-16 12:08:18,888 - src.base.trainer - INFO - epoch complete
2026-05-16 12:08:18,888 - src.base.trainer - INFO - evaluating now!
2026-05-16 12:08:19,519 - src.base.trainer - INFO - Epoch [0/250] (159) train_mae: 5.6540, val_mae: 4.0348, lr: 0.001000, 5.7s
2026-05-16 12:08:19,526 - src.base.trainer - INFO - Val loss decrease from inf to 4.0348, saving to True
2026-05-16 12:08:25,254 - src.base.trainer - INFO - epoch complete
2026-05-16 12:08:25,254 - src.base.trainer - INFO - evaluating now!
2026-05-16 12:08:25,883 - src.base.trainer - INFO - Epoch [1/250] (318) train_mae: 3.0870, val_mae: 3.4272, lr: 0.001000, 5.7s
2026-05-16 12:08:25,885 - src.base.trainer - INFO - Val loss decrease from 4.0348 to 3.4272, saving to True
2026-05-16 12:08:29,461 - src.base.trainer - INFO - Epoch [2/250] (400) train_mae: 2.8386, val_mae: 3.3019 
2026-05-16 12:08:29,465 - src.base.trainer - INFO - Val loss decrease from 3.4272 to 3.3019, saving to True
2026-05-16 12:08:32,237 - src.base.trainer - INFO - epoch complete
2026-05-16 12:08:32,237 - src.base.trainer - INFO - evaluating now!
2026-05-16 12:08:32,868 - src.base.trainer - INFO - Epoch [2/250] (477) train_mae: 2.7961, val_mae: 3.2126, lr: 0.001000, 6.4s
2026-05-16 12:08:32,870 - src.base.trainer - INFO - Val loss decrease from 3.3019 to 3.2126, saving to True
2026-05-16 12:08:38,609 - src.base.trainer - INFO - epoch complete
2026-05-16 12:08:38,610 - src.base.trainer - INFO - evaluating now!
2026-05-16 12:08:39,236 - src.base.trainer - INFO - Epoch [3/250] (636) train_mae: 2.6707, val_mae: 3.1783, lr: 0.001000, 5.7s
2026-05-16 12:08:39,238 - src.base.trainer - INFO - Val loss decrease from 3.2126 to 3.1783, saving to True
2026-05-16 12:08:44,957 - src.base.trainer - INFO - epoch complete
2026-05-16 12:08:44,957 - src.base.trainer - INFO - evaluating now!
2026-05-16 12:08:45,586 - src.base.trainer - INFO - Epoch [4/250] (795) train_mae: 2.6300, val_mae: 3.0798, lr: 0.001000, 5.7s
2026-05-16 12:08:45,588 - src.base.trainer - INFO - Val loss decrease from 3.1783 to 3.0798, saving to True
2026-05-16 12:08:46,386 - src.base.trainer - INFO - Epoch [5/250] (800) train_mae: 2.7016, val_mae: 3.1087 
2026-05-16 12:08:51,943 - src.base.trainer - INFO - epoch complete
2026-05-16 12:08:51,943 - src.base.trainer - INFO - evaluating now!
2026-05-16 12:08:52,580 - src.base.trainer - INFO - Epoch [5/250] (954) train_mae: 2.5919, val_mae: 3.0950, lr: 0.001000, 6.4s
2026-05-16 12:08:58,684 - src.base.trainer - INFO - epoch complete
2026-05-16 12:08:58,684 - src.base.trainer - INFO - evaluating now!
2026-05-16 12:08:59,315 - src.base.trainer - INFO - Epoch [6/250] (1113) train_mae: 2.5594, val_mae: 3.0463, lr: 0.001000, 6.1s
2026-05-16 12:08:59,317 - src.base.trainer - INFO - Val loss decrease from 3.0798 to 3.0463, saving to True
2026-05-16 12:09:03,198 - src.base.trainer - INFO - Epoch [7/250] (1200) train_mae: 2.5701, val_mae: 3.0243 
2026-05-16 12:09:03,200 - src.base.trainer - INFO - Val loss decrease from 3.0463 to 3.0243, saving to True
2026-05-16 12:09:05,846 - src.base.trainer - INFO - epoch complete
2026-05-16 12:09:05,846 - src.base.trainer - INFO - evaluating now!
2026-05-16 12:09:06,487 - src.base.trainer - INFO - Epoch [7/250] (1272) train_mae: 2.5503, val_mae: 3.0671, lr: 0.001000, 6.5s
2026-05-16 12:09:12,841 - src.base.trainer - INFO - epoch complete
2026-05-16 12:09:12,842 - src.base.trainer - INFO - evaluating now!
2026-05-16 12:09:13,485 - src.base.trainer - INFO - Epoch [8/250] (1431) train_mae: 2.5262, val_mae: 3.0420, lr: 0.001000, 6.4s
2026-05-16 12:09:19,278 - src.base.trainer - INFO - epoch complete
2026-05-16 12:09:19,278 - src.base.trainer - INFO - evaluating now!
2026-05-16 12:09:19,906 - src.base.trainer - INFO - Epoch [9/250] (1590) train_mae: 2.5211, val_mae: 2.9614, lr: 0.001000, 5.8s
2026-05-16 12:09:19,912 - src.base.trainer - INFO - Val loss decrease from 3.0243 to 2.9614, saving to True
2026-05-16 12:09:20,896 - src.base.trainer - INFO - Epoch [10/250] (1600) train_mae: 2.7891, val_mae: 2.9734 
2026-05-16 12:09:26,423 - src.base.trainer - INFO - epoch complete
2026-05-16 12:09:26,424 - src.base.trainer - INFO - evaluating now!
2026-05-16 12:09:27,063 - src.base.trainer - INFO - Epoch [10/250] (1749) train_mae: 2.5024, val_mae: 2.9833, lr: 0.001000, 6.5s
2026-05-16 12:09:32,834 - src.base.trainer - INFO - epoch complete
2026-05-16 12:09:32,834 - src.base.trainer - INFO - evaluating now!
2026-05-16 12:09:33,469 - src.base.trainer - INFO - Epoch [11/250] (1908) train_mae: 2.4698, val_mae: 2.9319, lr: 0.001000, 5.8s
2026-05-16 12:09:33,470 - src.base.trainer - INFO - Val loss decrease from 2.9614 to 2.9319, saving to True
2026-05-16 12:09:37,468 - src.base.trainer - INFO - Epoch [12/250] (2000) train_mae: 2.4643, val_mae: 3.0037 
2026-05-16 12:09:39,891 - src.base.trainer - INFO - epoch complete
2026-05-16 12:09:39,891 - src.base.trainer - INFO - evaluating now!
2026-05-16 12:09:40,519 - src.base.trainer - INFO - Epoch [12/250] (2067) train_mae: 2.4718, val_mae: 2.9358, lr: 0.001000, 6.4s
2026-05-16 12:09:46,327 - src.base.trainer - INFO - epoch complete
2026-05-16 12:09:46,327 - src.base.trainer - INFO - evaluating now!
2026-05-16 12:09:46,956 - src.base.trainer - INFO - Epoch [13/250] (2226) train_mae: 2.4513, val_mae: 2.9407, lr: 0.001000, 5.8s
2026-05-16 12:09:52,782 - src.base.trainer - INFO - epoch complete
2026-05-16 12:09:52,782 - src.base.trainer - INFO - evaluating now!
2026-05-16 12:09:53,409 - src.base.trainer - INFO - Epoch [14/250] (2385) train_mae: 2.4485, val_mae: 2.9683, lr: 0.001000, 5.8s
2026-05-16 12:09:54,573 - src.base.trainer - INFO - Epoch [15/250] (2400) train_mae: 2.3059, val_mae: 3.0042 
2026-05-16 12:09:59,814 - src.base.trainer - INFO - epoch complete
2026-05-16 12:09:59,814 - src.base.trainer - INFO - evaluating now!
2026-05-16 12:10:00,444 - src.base.trainer - INFO - Epoch [15/250] (2544) train_mae: 2.4366, val_mae: 2.9459, lr: 0.001000, 6.4s
2026-05-16 12:10:06,290 - src.base.trainer - INFO - epoch complete
2026-05-16 12:10:06,291 - src.base.trainer - INFO - evaluating now!
2026-05-16 12:10:06,922 - src.base.trainer - INFO - Epoch [16/250] (2703) train_mae: 2.4615, val_mae: 2.9572, lr: 0.001000, 5.8s
2026-05-16 12:10:11,065 - src.base.trainer - INFO - Epoch [17/250] (2800) train_mae: 2.4017, val_mae: 2.9660 
2026-05-16 12:10:13,317 - src.base.trainer - INFO - epoch complete
2026-05-16 12:10:13,317 - src.base.trainer - INFO - evaluating now!
2026-05-16 12:10:13,973 - src.base.trainer - INFO - Epoch [17/250] (2862) train_mae: 2.4359, val_mae: 2.9705, lr: 0.001000, 6.4s
2026-05-16 12:10:19,773 - src.base.trainer - INFO - epoch complete
2026-05-16 12:10:19,773 - src.base.trainer - INFO - evaluating now!
2026-05-16 12:10:20,401 - src.base.trainer - INFO - Epoch [18/250] (3021) train_mae: 2.4191, val_mae: 2.9207, lr: 0.001000, 5.8s
2026-05-16 12:10:20,403 - src.base.trainer - INFO - Val loss decrease from 2.9319 to 2.9207, saving to True
2026-05-16 12:10:26,221 - src.base.trainer - INFO - epoch complete
2026-05-16 12:10:26,221 - src.base.trainer - INFO - evaluating now!
2026-05-16 12:10:26,852 - src.base.trainer - INFO - Epoch [19/250] (3180) train_mae: 2.4113, val_mae: 2.9309, lr: 0.001000, 5.8s
2026-05-16 12:10:28,201 - src.base.trainer - INFO - Epoch [20/250] (3200) train_mae: 2.4521, val_mae: 2.9430 
2026-05-16 12:10:33,258 - src.base.trainer - INFO - epoch complete
2026-05-16 12:10:33,258 - src.base.trainer - INFO - evaluating now!
2026-05-16 12:10:33,889 - src.base.trainer - INFO - Epoch [20/250] (3339) train_mae: 2.3993, val_mae: 3.0008, lr: 0.001000, 6.4s
2026-05-16 12:10:39,667 - src.base.trainer - INFO - epoch complete
2026-05-16 12:10:39,667 - src.base.trainer - INFO - evaluating now!
2026-05-16 12:10:40,294 - src.base.trainer - INFO - Epoch [21/250] (3498) train_mae: 2.4047, val_mae: 2.9329, lr: 0.001000, 5.8s
2026-05-16 12:10:44,633 - src.base.trainer - INFO - Epoch [22/250] (3600) train_mae: 2.4102, val_mae: 2.9596 
2026-05-16 12:10:46,749 - src.base.trainer - INFO - epoch complete
2026-05-16 12:10:46,749 - src.base.trainer - INFO - evaluating now!
2026-05-16 12:10:47,404 - src.base.trainer - INFO - Epoch [22/250] (3657) train_mae: 2.3848, val_mae: 2.9787, lr: 0.001000, 6.5s
2026-05-16 12:10:53,457 - src.base.trainer - INFO - epoch complete
2026-05-16 12:10:53,457 - src.base.trainer - INFO - evaluating now!
2026-05-16 12:10:54,084 - src.base.trainer - INFO - Epoch [23/250] (3816) train_mae: 2.3898, val_mae: 2.9739, lr: 0.001000, 6.1s
2026-05-16 12:10:59,827 - src.base.trainer - INFO - epoch complete
2026-05-16 12:10:59,827 - src.base.trainer - INFO - evaluating now!
2026-05-16 12:11:00,454 - src.base.trainer - INFO - Epoch [24/250] (3975) train_mae: 2.3748, val_mae: 2.9209, lr: 0.001000, 5.7s
2026-05-16 12:11:01,979 - src.base.trainer - INFO - Epoch [25/250] (4000) train_mae: 2.4187, val_mae: 2.9427 
2026-05-16 12:11:07,115 - src.base.trainer - INFO - epoch complete
2026-05-16 12:11:07,115 - src.base.trainer - INFO - evaluating now!
2026-05-16 12:11:07,753 - src.base.trainer - INFO - Epoch [25/250] (4134) train_mae: 2.3633, val_mae: 2.9985, lr: 0.001000, 6.7s
2026-05-16 12:11:13,495 - src.base.trainer - INFO - epoch complete
2026-05-16 12:11:13,495 - src.base.trainer - INFO - evaluating now!
2026-05-16 12:11:14,123 - src.base.trainer - INFO - Epoch [26/250] (4293) train_mae: 2.3458, val_mae: 3.0069, lr: 0.001000, 5.7s
2026-05-16 12:11:18,633 - src.base.trainer - INFO - Epoch [27/250] (4400) train_mae: 2.3207, val_mae: 3.0066 
2026-05-16 12:11:20,502 - src.base.trainer - INFO - epoch complete
2026-05-16 12:11:20,502 - src.base.trainer - INFO - evaluating now!
2026-05-16 12:11:21,127 - src.base.trainer - INFO - Epoch [27/250] (4452) train_mae: 2.3438, val_mae: 3.0168, lr: 0.001000, 6.4s
2026-05-16 12:11:26,923 - src.base.trainer - INFO - epoch complete
2026-05-16 12:11:26,923 - src.base.trainer - INFO - evaluating now!
2026-05-16 12:11:27,561 - src.base.trainer - INFO - Epoch [28/250] (4611) train_mae: 2.3511, val_mae: 3.0105, lr: 0.001000, 5.8s
2026-05-16 12:11:33,308 - src.base.trainer - INFO - epoch complete
2026-05-16 12:11:33,308 - src.base.trainer - INFO - evaluating now!
2026-05-16 12:11:33,938 - src.base.trainer - INFO - Epoch [29/250] (4770) train_mae: 2.3404, val_mae: 2.9270, lr: 0.001000, 5.7s
2026-05-16 12:11:35,650 - src.base.trainer - INFO - Epoch [30/250] (4800) train_mae: 2.3894, val_mae: 2.9772 
2026-05-16 12:11:40,294 - src.base.trainer - INFO - epoch complete
2026-05-16 12:11:40,294 - src.base.trainer - INFO - evaluating now!
2026-05-16 12:11:40,920 - src.base.trainer - INFO - Epoch [30/250] (4929) train_mae: 2.3206, val_mae: 2.9771, lr: 0.001000, 6.4s
2026-05-16 12:11:46,682 - src.base.trainer - INFO - epoch complete
2026-05-16 12:11:46,682 - src.base.trainer - INFO - evaluating now!
2026-05-16 12:11:47,314 - src.base.trainer - INFO - Epoch [31/250] (5088) train_mae: 2.3027, val_mae: 2.9077, lr: 0.001000, 5.8s
2026-05-16 12:11:47,318 - src.base.trainer - INFO - Val loss decrease from 2.9207 to 2.9077, saving to True
2026-05-16 12:11:52,032 - src.base.trainer - INFO - Epoch [32/250] (5200) train_mae: 2.2738, val_mae: 2.9293 
2026-05-16 12:11:53,726 - src.base.trainer - INFO - epoch complete
2026-05-16 12:11:53,726 - src.base.trainer - INFO - evaluating now!
2026-05-16 12:11:54,352 - src.base.trainer - INFO - Epoch [32/250] (5247) train_mae: 2.2794, val_mae: 2.9483, lr: 0.001000, 6.4s
2026-05-16 12:12:00,085 - src.base.trainer - INFO - epoch complete
2026-05-16 12:12:00,086 - src.base.trainer - INFO - evaluating now!
2026-05-16 12:12:00,715 - src.base.trainer - INFO - Epoch [33/250] (5406) train_mae: 2.3160, val_mae: 2.9371, lr: 0.001000, 5.7s
2026-05-16 12:12:06,488 - src.base.trainer - INFO - epoch complete
2026-05-16 12:12:06,488 - src.base.trainer - INFO - evaluating now!
2026-05-16 12:12:07,114 - src.base.trainer - INFO - Epoch [34/250] (5565) train_mae: 2.2969, val_mae: 2.9658, lr: 0.001000, 5.8s
2026-05-16 12:12:09,026 - src.base.trainer - INFO - Epoch [35/250] (5600) train_mae: 2.3358, val_mae: 2.9350 
2026-05-16 12:12:13,493 - src.base.trainer - INFO - epoch complete
2026-05-16 12:12:13,493 - src.base.trainer - INFO - evaluating now!
2026-05-16 12:12:14,123 - src.base.trainer - INFO - Epoch [35/250] (5724) train_mae: 2.2771, val_mae: 2.9573, lr: 0.001000, 6.4s
2026-05-16 12:12:19,881 - src.base.trainer - INFO - epoch complete
2026-05-16 12:12:19,881 - src.base.trainer - INFO - evaluating now!
2026-05-16 12:12:20,510 - src.base.trainer - INFO - Epoch [36/250] (5883) train_mae: 2.2889, val_mae: 3.0166, lr: 0.001000, 5.8s
2026-05-16 12:12:25,388 - src.base.trainer - INFO - Epoch [37/250] (6000) train_mae: 2.2930, val_mae: 2.9644 
2026-05-16 12:12:26,896 - src.base.trainer - INFO - epoch complete
2026-05-16 12:12:26,896 - src.base.trainer - INFO - evaluating now!
2026-05-16 12:12:27,525 - src.base.trainer - INFO - Epoch [37/250] (6042) train_mae: 2.2833, val_mae: 3.0308, lr: 0.001000, 6.4s
2026-05-16 12:12:33,294 - src.base.trainer - INFO - epoch complete
2026-05-16 12:12:33,294 - src.base.trainer - INFO - evaluating now!
2026-05-16 12:12:33,924 - src.base.trainer - INFO - Epoch [38/250] (6201) train_mae: 2.2862, val_mae: 3.0037, lr: 0.001000, 5.8s
2026-05-16 12:12:39,744 - src.base.trainer - INFO - epoch complete
2026-05-16 12:12:39,744 - src.base.trainer - INFO - evaluating now!
2026-05-16 12:12:40,374 - src.base.trainer - INFO - Epoch [39/250] (6360) train_mae: 2.2854, val_mae: 2.9990, lr: 0.001000, 5.8s
2026-05-16 12:12:42,438 - src.base.trainer - INFO - Epoch [40/250] (6400) train_mae: 2.2643, val_mae: 3.0478 
2026-05-16 12:12:46,782 - src.base.trainer - INFO - epoch complete
2026-05-16 12:12:46,782 - src.base.trainer - INFO - evaluating now!
2026-05-16 12:12:47,430 - src.base.trainer - INFO - Epoch [40/250] (6519) train_mae: 2.2697, val_mae: 3.0259, lr: 0.001000, 6.4s
2026-05-16 12:12:53,212 - src.base.trainer - INFO - epoch complete
2026-05-16 12:12:53,212 - src.base.trainer - INFO - evaluating now!
2026-05-16 12:12:53,841 - src.base.trainer - INFO - Epoch [41/250] (6678) train_mae: 2.2610, val_mae: 2.9802, lr: 0.001000, 5.8s
2026-05-16 12:12:58,902 - src.base.trainer - INFO - Epoch [42/250] (6800) train_mae: 2.2592, val_mae: 3.0698 
2026-05-16 12:13:00,220 - src.base.trainer - INFO - epoch complete
2026-05-16 12:13:00,220 - src.base.trainer - INFO - evaluating now!
2026-05-16 12:13:00,848 - src.base.trainer - INFO - Epoch [42/250] (6837) train_mae: 2.2732, val_mae: 3.0056, lr: 0.001000, 6.4s
2026-05-16 12:13:06,628 - src.base.trainer - INFO - epoch complete
2026-05-16 12:13:06,628 - src.base.trainer - INFO - evaluating now!
2026-05-16 12:13:07,258 - src.base.trainer - INFO - Epoch [43/250] (6996) train_mae: 2.2538, val_mae: 3.0873, lr: 0.001000, 5.8s
2026-05-16 12:13:12,999 - src.base.trainer - INFO - epoch complete
2026-05-16 12:13:12,999 - src.base.trainer - INFO - evaluating now!
2026-05-16 12:13:13,630 - src.base.trainer - INFO - Epoch [44/250] (7155) train_mae: 2.2631, val_mae: 3.0130, lr: 0.001000, 5.7s
2026-05-16 12:13:15,887 - src.base.trainer - INFO - Epoch [45/250] (7200) train_mae: 2.2208, val_mae: 3.0547 
2026-05-16 12:13:20,005 - src.base.trainer - INFO - epoch complete
2026-05-16 12:13:20,005 - src.base.trainer - INFO - evaluating now!
2026-05-16 12:13:20,634 - src.base.trainer - INFO - Epoch [45/250] (7314) train_mae: 2.2222, val_mae: 3.0905, lr: 0.001000, 6.4s
2026-05-16 12:13:26,398 - src.base.trainer - INFO - epoch complete
2026-05-16 12:13:26,398 - src.base.trainer - INFO - evaluating now!
2026-05-16 12:13:27,028 - src.base.trainer - INFO - Epoch [46/250] (7473) train_mae: 2.2188, val_mae: 3.0707, lr: 0.001000, 5.8s
2026-05-16 12:13:32,257 - src.base.trainer - INFO - Epoch [47/250] (7600) train_mae: 2.2371, val_mae: 3.1303 
2026-05-16 12:13:33,428 - src.base.trainer - INFO - epoch complete
2026-05-16 12:13:33,430 - src.base.trainer - INFO - evaluating now!
2026-05-16 12:13:34,058 - src.base.trainer - INFO - Epoch [47/250] (7632) train_mae: 2.2435, val_mae: 3.0578, lr: 0.001000, 6.4s
2026-05-16 12:13:39,811 - src.base.trainer - INFO - epoch complete
2026-05-16 12:13:39,811 - src.base.trainer - INFO - evaluating now!
2026-05-16 12:13:40,436 - src.base.trainer - INFO - Epoch [48/250] (7791) train_mae: 2.2410, val_mae: 3.1374, lr: 0.001000, 5.8s
2026-05-16 12:13:46,193 - src.base.trainer - INFO - epoch complete
2026-05-16 12:13:46,193 - src.base.trainer - INFO - evaluating now!
2026-05-16 12:13:46,823 - src.base.trainer - INFO - Epoch [49/250] (7950) train_mae: 2.2132, val_mae: 3.1525, lr: 0.001000, 5.8s
2026-05-16 12:13:49,265 - src.base.trainer - INFO - Epoch [50/250] (8000) train_mae: 2.2728, val_mae: 3.1841 
2026-05-16 12:13:53,244 - src.base.trainer - INFO - epoch complete
2026-05-16 12:13:53,244 - src.base.trainer - INFO - evaluating now!
2026-05-16 12:13:53,883 - src.base.trainer - INFO - Epoch [50/250] (8109) train_mae: 2.2213, val_mae: 3.1214, lr: 0.001000, 6.4s
2026-05-16 12:13:59,654 - src.base.trainer - INFO - epoch complete
2026-05-16 12:13:59,654 - src.base.trainer - INFO - evaluating now!
2026-05-16 12:14:00,285 - src.base.trainer - INFO - Epoch [51/250] (8268) train_mae: 2.1788, val_mae: 3.1973, lr: 0.001000, 5.8s
2026-05-16 12:14:05,728 - src.base.trainer - INFO - Epoch [52/250] (8400) train_mae: 2.1976, val_mae: 3.1887 
2026-05-16 12:14:06,690 - src.base.trainer - INFO - epoch complete
2026-05-16 12:14:06,690 - src.base.trainer - INFO - evaluating now!
2026-05-16 12:14:07,327 - src.base.trainer - INFO - Epoch [52/250] (8427) train_mae: 2.2274, val_mae: 3.2136, lr: 0.001000, 6.4s
2026-05-16 12:14:13,509 - src.base.trainer - INFO - epoch complete
2026-05-16 12:14:13,512 - src.base.trainer - INFO - evaluating now!
2026-05-16 12:14:14,145 - src.base.trainer - INFO - Epoch [53/250] (8586) train_mae: 2.1980, val_mae: 3.1206, lr: 0.001000, 6.2s
2026-05-16 12:14:19,898 - src.base.trainer - INFO - epoch complete
2026-05-16 12:14:19,898 - src.base.trainer - INFO - evaluating now!
2026-05-16 12:14:20,528 - src.base.trainer - INFO - Epoch [54/250] (8745) train_mae: 2.2103, val_mae: 3.2299, lr: 0.001000, 5.8s
2026-05-16 12:14:23,128 - src.base.trainer - INFO - Epoch [55/250] (8800) train_mae: 2.2074, val_mae: 3.2102 
2026-05-16 12:14:26,884 - src.base.trainer - INFO - epoch complete
2026-05-16 12:14:26,884 - src.base.trainer - INFO - evaluating now!
2026-05-16 12:14:27,514 - src.base.trainer - INFO - Epoch [55/250] (8904) train_mae: 2.1687, val_mae: 3.1656, lr: 0.001000, 6.4s
2026-05-16 12:14:33,341 - src.base.trainer - INFO - epoch complete
2026-05-16 12:14:33,342 - src.base.trainer - INFO - evaluating now!
2026-05-16 12:14:33,974 - src.base.trainer - INFO - Epoch [56/250] (9063) train_mae: 2.1868, val_mae: 3.2532, lr: 0.001000, 5.8s
2026-05-16 12:14:39,581 - src.base.trainer - INFO - Epoch [57/250] (9200) train_mae: 2.1956, val_mae: 3.2404 
2026-05-16 12:14:40,369 - src.base.trainer - INFO - epoch complete
2026-05-16 12:14:40,370 - src.base.trainer - INFO - evaluating now!
2026-05-16 12:14:40,998 - src.base.trainer - INFO - Epoch [57/250] (9222) train_mae: 2.1928, val_mae: 3.2030, lr: 0.001000, 6.4s
2026-05-16 12:14:46,740 - src.base.trainer - INFO - epoch complete
2026-05-16 12:14:46,740 - src.base.trainer - INFO - evaluating now!
2026-05-16 12:14:47,369 - src.base.trainer - INFO - Epoch [58/250] (9381) train_mae: 2.1560, val_mae: 3.2558, lr: 0.001000, 5.7s
2026-05-16 12:14:53,126 - src.base.trainer - INFO - epoch complete
2026-05-16 12:14:53,126 - src.base.trainer - INFO - evaluating now!
2026-05-16 12:14:53,765 - src.base.trainer - INFO - Epoch [59/250] (9540) train_mae: 2.1850, val_mae: 3.3195, lr: 0.001000, 5.8s
2026-05-16 12:14:56,561 - src.base.trainer - INFO - Epoch [60/250] (9600) train_mae: 2.2351, val_mae: 3.2556 
2026-05-16 12:15:00,132 - src.base.trainer - INFO - epoch complete
2026-05-16 12:15:00,132 - src.base.trainer - INFO - evaluating now!
2026-05-16 12:15:00,762 - src.base.trainer - INFO - Epoch [60/250] (9699) train_mae: 2.1626, val_mae: 3.2354, lr: 0.001000, 6.4s
2026-05-16 12:15:06,572 - src.base.trainer - INFO - epoch complete
2026-05-16 12:15:06,572 - src.base.trainer - INFO - evaluating now!
2026-05-16 12:15:07,205 - src.base.trainer - INFO - Epoch [61/250] (9858) train_mae: 2.1612, val_mae: 3.4366, lr: 0.001000, 5.8s
2026-05-16 12:15:12,994 - src.base.trainer - INFO - Epoch [62/250] (10000) train_mae: 2.1836, val_mae: 3.2766 
2026-05-16 12:15:13,617 - src.base.trainer - INFO - epoch complete
2026-05-16 12:15:13,617 - src.base.trainer - INFO - evaluating now!
2026-05-16 12:15:14,251 - src.base.trainer - INFO - Epoch [62/250] (10017) train_mae: 2.1979, val_mae: 3.3278, lr: 0.001000, 6.4s
2026-05-16 12:15:20,016 - src.base.trainer - INFO - epoch complete
2026-05-16 12:15:20,016 - src.base.trainer - INFO - evaluating now!
2026-05-16 12:15:20,645 - src.base.trainer - INFO - Epoch [63/250] (10176) train_mae: 2.1806, val_mae: 3.2629, lr: 0.001000, 5.8s
2026-05-16 12:15:26,387 - src.base.trainer - INFO - epoch complete
2026-05-16 12:15:26,387 - src.base.trainer - INFO - evaluating now!
2026-05-16 12:15:27,029 - src.base.trainer - INFO - Epoch [64/250] (10335) train_mae: 2.1651, val_mae: 3.3060, lr: 0.001000, 5.7s
2026-05-16 12:15:30,018 - src.base.trainer - INFO - Epoch [65/250] (10400) train_mae: 2.1695, val_mae: 3.3673 
2026-05-16 12:15:33,407 - src.base.trainer - INFO - epoch complete
2026-05-16 12:15:33,407 - src.base.trainer - INFO - evaluating now!
2026-05-16 12:15:34,038 - src.base.trainer - INFO - Epoch [65/250] (10494) train_mae: 2.1569, val_mae: 3.3250, lr: 0.001000, 6.4s
2026-05-16 12:15:39,792 - src.base.trainer - INFO - epoch complete
2026-05-16 12:15:39,792 - src.base.trainer - INFO - evaluating now!
2026-05-16 12:15:40,419 - src.base.trainer - INFO - Epoch [66/250] (10653) train_mae: 2.1273, val_mae: 3.3527, lr: 0.001000, 5.8s
2026-05-16 12:15:46,400 - src.base.trainer - INFO - Epoch [67/250] (10800) train_mae: 2.1376, val_mae: 3.4134 
2026-05-16 12:15:46,824 - src.base.trainer - INFO - epoch complete
2026-05-16 12:15:46,824 - src.base.trainer - INFO - evaluating now!
2026-05-16 12:15:47,453 - src.base.trainer - INFO - Epoch [67/250] (10812) train_mae: 2.1411, val_mae: 3.4748, lr: 0.001000, 6.4s
2026-05-16 12:15:53,213 - src.base.trainer - INFO - epoch complete
2026-05-16 12:15:53,213 - src.base.trainer - INFO - evaluating now!
2026-05-16 12:15:53,842 - src.base.trainer - INFO - Epoch [68/250] (10971) train_mae: 2.1447, val_mae: 3.3483, lr: 0.001000, 5.8s
2026-05-16 12:15:59,602 - src.base.trainer - INFO - epoch complete
2026-05-16 12:15:59,602 - src.base.trainer - INFO - evaluating now!
2026-05-16 12:16:00,231 - src.base.trainer - INFO - Epoch [69/250] (11130) train_mae: 2.1311, val_mae: 3.2887, lr: 0.001000, 5.8s
2026-05-16 12:16:03,391 - src.base.trainer - INFO - Epoch [70/250] (11200) train_mae: 2.0974, val_mae: 3.3638 
2026-05-16 12:16:06,614 - src.base.trainer - INFO - epoch complete
2026-05-16 12:16:06,615 - src.base.trainer - INFO - evaluating now!
2026-05-16 12:16:07,245 - src.base.trainer - INFO - Epoch [70/250] (11289) train_mae: 2.1071, val_mae: 3.3533, lr: 0.001000, 6.4s
2026-05-16 12:16:12,995 - src.base.trainer - INFO - epoch complete
2026-05-16 12:16:12,996 - src.base.trainer - INFO - evaluating now!
2026-05-16 12:16:13,624 - src.base.trainer - INFO - Epoch [71/250] (11448) train_mae: 2.1326, val_mae: 3.5161, lr: 0.001000, 5.8s
2026-05-16 12:16:19,857 - src.base.trainer - INFO - Epoch [72/250] (11600) train_mae: 2.1229, val_mae: 3.4073 
2026-05-16 12:16:20,098 - src.base.trainer - INFO - epoch complete
2026-05-16 12:16:20,099 - src.base.trainer - INFO - evaluating now!
2026-05-16 12:16:20,725 - src.base.trainer - INFO - Epoch [72/250] (11607) train_mae: 2.1205, val_mae: 3.3177, lr: 0.001000, 6.5s
2026-05-16 12:16:26,485 - src.base.trainer - INFO - epoch complete
2026-05-16 12:16:26,485 - src.base.trainer - INFO - evaluating now!
2026-05-16 12:16:27,115 - src.base.trainer - INFO - Epoch [73/250] (11766) train_mae: 2.1011, val_mae: 3.3711, lr: 0.001000, 5.8s
2026-05-16 12:16:32,857 - src.base.trainer - INFO - epoch complete
2026-05-16 12:16:32,857 - src.base.trainer - INFO - evaluating now!
2026-05-16 12:16:33,486 - src.base.trainer - INFO - Epoch [74/250] (11925) train_mae: 2.1124, val_mae: 3.3423, lr: 0.001000, 5.7s
2026-05-16 12:16:36,865 - src.base.trainer - INFO - Epoch [75/250] (12000) train_mae: 2.1049, val_mae: 3.4376 
2026-05-16 12:16:39,888 - src.base.trainer - INFO - epoch complete
2026-05-16 12:16:39,889 - src.base.trainer - INFO - evaluating now!
2026-05-16 12:16:40,517 - src.base.trainer - INFO - Epoch [75/250] (12084) train_mae: 2.1067, val_mae: 3.5218, lr: 0.001000, 6.4s
2026-05-16 12:16:46,273 - src.base.trainer - INFO - epoch complete
2026-05-16 12:16:46,277 - src.base.trainer - INFO - evaluating now!
2026-05-16 12:16:46,908 - src.base.trainer - INFO - Epoch [76/250] (12243) train_mae: 2.1300, val_mae: 3.4369, lr: 0.001000, 5.8s
2026-05-16 12:16:53,205 - src.base.trainer - INFO - Epoch [77/250] (12400) train_mae: 2.1302, val_mae: 3.4524 
2026-05-16 12:16:53,265 - src.base.trainer - INFO - epoch complete
2026-05-16 12:16:53,266 - src.base.trainer - INFO - evaluating now!
2026-05-16 12:16:53,883 - src.base.trainer - INFO - Epoch [77/250] (12402) train_mae: 2.1294, val_mae: 3.4496, lr: 0.001000, 6.4s
2026-05-16 12:16:59,644 - src.base.trainer - INFO - epoch complete
2026-05-16 12:16:59,644 - src.base.trainer - INFO - evaluating now!
2026-05-16 12:17:00,274 - src.base.trainer - INFO - Epoch [78/250] (12561) train_mae: 2.0984, val_mae: 3.4437, lr: 0.001000, 5.8s
2026-05-16 12:17:06,182 - src.base.trainer - INFO - epoch complete
2026-05-16 12:17:06,182 - src.base.trainer - INFO - evaluating now!
2026-05-16 12:17:06,815 - src.base.trainer - INFO - Epoch [79/250] (12720) train_mae: 2.1034, val_mae: 3.3831, lr: 0.001000, 5.9s
2026-05-16 12:17:10,377 - src.base.trainer - INFO - Epoch [80/250] (12800) train_mae: 2.1017, val_mae: 3.4223 
2026-05-16 12:17:13,243 - src.base.trainer - INFO - epoch complete
2026-05-16 12:17:13,243 - src.base.trainer - INFO - evaluating now!
2026-05-16 12:17:13,898 - src.base.trainer - INFO - Epoch [80/250] (12879) train_mae: 2.1051, val_mae: 3.3642, lr: 0.001000, 6.4s
2026-05-16 12:17:19,837 - src.base.trainer - INFO - epoch complete
2026-05-16 12:17:19,840 - src.base.trainer - INFO - evaluating now!
2026-05-16 12:17:20,486 - src.base.trainer - INFO - Epoch [81/250] (13038) train_mae: 2.1153, val_mae: 3.4397, lr: 0.001000, 5.9s
2026-05-16 12:17:20,486 - src.base.trainer - INFO - Early stop at epoch 82, loss = 2.907665
2026-05-16 13:00:38,363 - src.base.trainer - INFO - the number of parameters: 68251
2026-05-16 13:00:38,364 - src.base.trainer - INFO - start training !!!!!
2026-05-16 13:00:44,432 - src.base.trainer - INFO - epoch complete
2026-05-16 13:00:44,432 - src.base.trainer - INFO - evaluating now!
2026-05-16 13:00:45,090 - src.base.trainer - INFO - Epoch [0/250] (159) train_mae: 5.2773, val_mae: 3.8641, lr: 0.001000, 6.1s
2026-05-16 13:00:45,097 - src.base.trainer - INFO - Val loss decrease from inf to 3.8641, saving to True
2026-05-16 13:00:51,123 - src.base.trainer - INFO - epoch complete
2026-05-16 13:00:51,123 - src.base.trainer - INFO - evaluating now!
2026-05-16 13:00:51,778 - src.base.trainer - INFO - Epoch [1/250] (318) train_mae: 3.0357, val_mae: 3.3424, lr: 0.001000, 6.0s
2026-05-16 13:00:51,780 - src.base.trainer - INFO - Val loss decrease from 3.8641 to 3.3424, saving to True
2026-05-16 13:00:55,549 - src.base.trainer - INFO - Epoch [2/250] (400) train_mae: 2.7004, val_mae: 3.2304 
2026-05-16 13:00:55,551 - src.base.trainer - INFO - Val loss decrease from 3.3424 to 3.2304, saving to True
2026-05-16 13:00:58,472 - src.base.trainer - INFO - epoch complete
2026-05-16 13:00:58,472 - src.base.trainer - INFO - evaluating now!
2026-05-16 13:00:59,126 - src.base.trainer - INFO - Epoch [2/250] (477) train_mae: 2.7543, val_mae: 3.2145, lr: 0.001000, 6.7s
2026-05-16 13:00:59,128 - src.base.trainer - INFO - Val loss decrease from 3.2304 to 3.2145, saving to True
2026-05-16 13:01:05,165 - src.base.trainer - INFO - epoch complete
2026-05-16 13:01:05,168 - src.base.trainer - INFO - evaluating now!
2026-05-16 13:01:05,818 - src.base.trainer - INFO - Epoch [3/250] (636) train_mae: 2.6472, val_mae: 3.1300, lr: 0.001000, 6.0s
2026-05-16 13:01:05,820 - src.base.trainer - INFO - Val loss decrease from 3.2145 to 3.1300, saving to True
2026-05-16 13:01:11,879 - src.base.trainer - INFO - epoch complete
2026-05-16 13:01:11,879 - src.base.trainer - INFO - evaluating now!
2026-05-16 13:01:12,571 - src.base.trainer - INFO - Epoch [4/250] (795) train_mae: 2.5909, val_mae: 3.1190, lr: 0.001000, 6.1s
2026-05-16 13:01:12,573 - src.base.trainer - INFO - Val loss decrease from 3.1300 to 3.1190, saving to True
2026-05-16 13:01:13,546 - src.base.trainer - INFO - Epoch [5/250] (800) train_mae: 2.4484, val_mae: 3.0894 
2026-05-16 13:01:13,548 - src.base.trainer - INFO - Val loss decrease from 3.1190 to 3.0894, saving to True
2026-05-16 13:01:20,181 - src.base.trainer - INFO - epoch complete
2026-05-16 13:01:20,183 - src.base.trainer - INFO - evaluating now!
2026-05-16 13:01:20,935 - src.base.trainer - INFO - Epoch [5/250] (954) train_mae: 2.5652, val_mae: 3.0541, lr: 0.001000, 7.6s
2026-05-16 13:01:20,937 - src.base.trainer - INFO - Val loss decrease from 3.0894 to 3.0541, saving to True
2026-05-16 13:01:27,445 - src.base.trainer - INFO - epoch complete
2026-05-16 13:01:27,445 - src.base.trainer - INFO - evaluating now!
2026-05-16 13:01:28,288 - src.base.trainer - INFO - Epoch [6/250] (1113) train_mae: 2.5246, val_mae: 3.0903, lr: 0.001000, 6.5s
2026-05-16 13:01:32,412 - src.base.trainer - INFO - Epoch [7/250] (1200) train_mae: 2.5065, val_mae: 3.0498 
2026-05-16 13:01:32,414 - src.base.trainer - INFO - Val loss decrease from 3.0541 to 3.0498, saving to True
2026-05-16 13:01:35,210 - src.base.trainer - INFO - epoch complete
2026-05-16 13:01:35,212 - src.base.trainer - INFO - evaluating now!
2026-05-16 13:01:35,880 - src.base.trainer - INFO - Epoch [7/250] (1272) train_mae: 2.4922, val_mae: 3.0706, lr: 0.001000, 6.9s
2026-05-16 13:01:42,210 - src.base.trainer - INFO - epoch complete
2026-05-16 13:01:42,211 - src.base.trainer - INFO - evaluating now!
2026-05-16 13:01:42,864 - src.base.trainer - INFO - Epoch [8/250] (1431) train_mae: 2.4754, val_mae: 3.0469, lr: 0.001000, 6.3s
2026-05-16 13:01:42,865 - src.base.trainer - INFO - Val loss decrease from 3.0498 to 3.0469, saving to True
2026-05-16 13:01:48,869 - src.base.trainer - INFO - epoch complete
2026-05-16 13:01:48,869 - src.base.trainer - INFO - evaluating now!
2026-05-16 13:01:49,547 - src.base.trainer - INFO - Epoch [9/250] (1590) train_mae: 2.4611, val_mae: 3.0651, lr: 0.001000, 6.0s
2026-05-16 13:01:50,567 - src.base.trainer - INFO - Epoch [10/250] (1600) train_mae: 2.3316, val_mae: 3.0464 
2026-05-16 13:01:50,568 - src.base.trainer - INFO - Val loss decrease from 3.0469 to 3.0464, saving to True
2026-05-16 13:01:56,250 - src.base.trainer - INFO - epoch complete
2026-05-16 13:01:56,250 - src.base.trainer - INFO - evaluating now!
2026-05-16 13:01:56,903 - src.base.trainer - INFO - Epoch [10/250] (1749) train_mae: 2.4397, val_mae: 2.9964, lr: 0.001000, 6.7s
2026-05-16 13:01:56,905 - src.base.trainer - INFO - Val loss decrease from 3.0464 to 2.9964, saving to True
2026-05-16 13:02:02,945 - src.base.trainer - INFO - epoch complete
2026-05-16 13:02:02,947 - src.base.trainer - INFO - evaluating now!
2026-05-16 13:02:03,601 - src.base.trainer - INFO - Epoch [11/250] (1908) train_mae: 2.4153, val_mae: 3.0446, lr: 0.001000, 6.0s
2026-05-16 13:02:07,873 - src.base.trainer - INFO - Epoch [12/250] (2000) train_mae: 2.3988, val_mae: 2.9816 
2026-05-16 13:02:07,877 - src.base.trainer - INFO - Val loss decrease from 2.9964 to 2.9816, saving to True
2026-05-16 13:02:10,950 - src.base.trainer - INFO - epoch complete
2026-05-16 13:02:10,952 - src.base.trainer - INFO - evaluating now!
2026-05-16 13:02:11,606 - src.base.trainer - INFO - Epoch [12/250] (2067) train_mae: 2.3972, val_mae: 3.0877, lr: 0.001000, 7.3s
2026-05-16 13:02:17,810 - src.base.trainer - INFO - epoch complete
2026-05-16 13:02:17,811 - src.base.trainer - INFO - evaluating now!
2026-05-16 13:02:18,463 - src.base.trainer - INFO - Epoch [13/250] (2226) train_mae: 2.3953, val_mae: 3.0035, lr: 0.001000, 6.2s
2026-05-16 13:02:24,592 - src.base.trainer - INFO - epoch complete
2026-05-16 13:02:24,593 - src.base.trainer - INFO - evaluating now!
2026-05-16 13:02:25,321 - src.base.trainer - INFO - Epoch [14/250] (2385) train_mae: 2.3752, val_mae: 3.0794, lr: 0.001000, 6.1s
2026-05-16 13:02:26,546 - src.base.trainer - INFO - Epoch [15/250] (2400) train_mae: 2.4636, val_mae: 2.9869 
2026-05-16 13:02:32,139 - src.base.trainer - INFO - epoch complete
2026-05-16 13:02:32,139 - src.base.trainer - INFO - evaluating now!
2026-05-16 13:02:32,816 - src.base.trainer - INFO - Epoch [15/250] (2544) train_mae: 2.3639, val_mae: 3.0177, lr: 0.001000, 6.8s
2026-05-16 13:02:39,148 - src.base.trainer - INFO - epoch complete
2026-05-16 13:02:39,148 - src.base.trainer - INFO - evaluating now!
2026-05-16 13:02:39,803 - src.base.trainer - INFO - Epoch [16/250] (2703) train_mae: 2.3565, val_mae: 3.1481, lr: 0.001000, 6.3s
2026-05-16 13:02:44,319 - src.base.trainer - INFO - Epoch [17/250] (2800) train_mae: 2.3684, val_mae: 3.0303 
2026-05-16 13:02:47,109 - src.base.trainer - INFO - epoch complete
2026-05-16 13:02:47,110 - src.base.trainer - INFO - evaluating now!
2026-05-16 13:02:47,764 - src.base.trainer - INFO - Epoch [17/250] (2862) train_mae: 2.3409, val_mae: 3.0420, lr: 0.001000, 7.3s
2026-05-16 13:02:54,370 - src.base.trainer - INFO - epoch complete
2026-05-16 13:02:54,374 - src.base.trainer - INFO - evaluating now!
2026-05-16 13:02:55,048 - src.base.trainer - INFO - Epoch [18/250] (3021) train_mae: 2.3139, val_mae: 3.0772, lr: 0.001000, 6.6s
2026-05-16 13:03:01,493 - src.base.trainer - INFO - epoch complete
2026-05-16 13:03:01,493 - src.base.trainer - INFO - evaluating now!
2026-05-16 13:03:02,148 - src.base.trainer - INFO - Epoch [19/250] (3180) train_mae: 2.3295, val_mae: 3.1135, lr: 0.001000, 6.4s
2026-05-16 13:03:03,556 - src.base.trainer - INFO - Epoch [20/250] (3200) train_mae: 2.3502, val_mae: 3.1114 
2026-05-16 13:03:09,052 - src.base.trainer - INFO - epoch complete
2026-05-16 13:03:09,052 - src.base.trainer - INFO - evaluating now!
2026-05-16 13:03:09,822 - src.base.trainer - INFO - Epoch [20/250] (3339) train_mae: 2.3151, val_mae: 3.2500, lr: 0.001000, 6.9s
2026-05-16 13:03:16,540 - src.base.trainer - INFO - epoch complete
2026-05-16 13:03:16,540 - src.base.trainer - INFO - evaluating now!
2026-05-16 13:03:17,232 - src.base.trainer - INFO - Epoch [21/250] (3498) train_mae: 2.3027, val_mae: 3.0864, lr: 0.001000, 6.7s
2026-05-16 13:03:21,816 - src.base.trainer - INFO - Epoch [22/250] (3600) train_mae: 2.3176, val_mae: 3.0668 
2026-05-16 13:03:24,011 - src.base.trainer - INFO - epoch complete
2026-05-16 13:03:24,011 - src.base.trainer - INFO - evaluating now!
2026-05-16 13:03:24,665 - src.base.trainer - INFO - Epoch [22/250] (3657) train_mae: 2.2835, val_mae: 3.0516, lr: 0.001000, 6.8s
2026-05-16 13:03:30,705 - src.base.trainer - INFO - epoch complete
2026-05-16 13:03:30,705 - src.base.trainer - INFO - evaluating now!
2026-05-16 13:03:31,363 - src.base.trainer - INFO - Epoch [23/250] (3816) train_mae: 2.2567, val_mae: 3.0387, lr: 0.001000, 6.0s
2026-05-16 13:03:37,382 - src.base.trainer - INFO - epoch complete
2026-05-16 13:03:37,385 - src.base.trainer - INFO - evaluating now!
2026-05-16 13:03:38,039 - src.base.trainer - INFO - Epoch [24/250] (3975) train_mae: 2.2567, val_mae: 3.0729, lr: 0.001000, 6.0s
2026-05-16 13:03:39,631 - src.base.trainer - INFO - Epoch [25/250] (4000) train_mae: 2.2542, val_mae: 3.1737 
2026-05-16 13:03:44,696 - src.base.trainer - INFO - epoch complete
2026-05-16 13:03:44,696 - src.base.trainer - INFO - evaluating now!
2026-05-16 13:03:45,346 - src.base.trainer - INFO - Epoch [25/250] (4134) train_mae: 2.2456, val_mae: 3.0306, lr: 0.001000, 6.7s
2026-05-16 13:03:51,504 - src.base.trainer - INFO - epoch complete
2026-05-16 13:03:51,506 - src.base.trainer - INFO - evaluating now!
2026-05-16 13:03:52,158 - src.base.trainer - INFO - Epoch [26/250] (4293) train_mae: 2.2521, val_mae: 3.2444, lr: 0.001000, 6.2s
2026-05-16 13:03:56,868 - src.base.trainer - INFO - Epoch [27/250] (4400) train_mae: 2.2177, val_mae: 3.1375 
2026-05-16 13:03:58,823 - src.base.trainer - INFO - epoch complete
2026-05-16 13:03:58,823 - src.base.trainer - INFO - evaluating now!
2026-05-16 13:03:59,472 - src.base.trainer - INFO - Epoch [27/250] (4452) train_mae: 2.2206, val_mae: 3.1394, lr: 0.001000, 6.7s
2026-05-16 13:04:05,562 - src.base.trainer - INFO - epoch complete
2026-05-16 13:04:05,564 - src.base.trainer - INFO - evaluating now!
2026-05-16 13:04:06,228 - src.base.trainer - INFO - Epoch [28/250] (4611) train_mae: 2.2312, val_mae: 3.1800, lr: 0.001000, 6.1s
2026-05-16 13:04:12,227 - src.base.trainer - INFO - epoch complete
2026-05-16 13:04:12,227 - src.base.trainer - INFO - evaluating now!
2026-05-16 13:04:12,878 - src.base.trainer - INFO - Epoch [29/250] (4770) train_mae: 2.2319, val_mae: 3.1315, lr: 0.001000, 6.0s
2026-05-16 13:04:14,654 - src.base.trainer - INFO - Epoch [30/250] (4800) train_mae: 2.1850, val_mae: 3.1711 
2026-05-16 13:04:19,641 - src.base.trainer - INFO - epoch complete
2026-05-16 13:04:19,641 - src.base.trainer - INFO - evaluating now!
2026-05-16 13:04:20,290 - src.base.trainer - INFO - Epoch [30/250] (4929) train_mae: 2.2178, val_mae: 3.2656, lr: 0.001000, 6.8s
2026-05-16 13:04:26,356 - src.base.trainer - INFO - epoch complete
2026-05-16 13:04:26,356 - src.base.trainer - INFO - evaluating now!
2026-05-16 13:04:27,012 - src.base.trainer - INFO - Epoch [31/250] (5088) train_mae: 2.2049, val_mae: 3.0830, lr: 0.001000, 6.1s
2026-05-16 13:04:31,908 - src.base.trainer - INFO - Epoch [32/250] (5200) train_mae: 2.2103, val_mae: 3.1539 
2026-05-16 13:04:33,671 - src.base.trainer - INFO - epoch complete
2026-05-16 13:04:33,671 - src.base.trainer - INFO - evaluating now!
2026-05-16 13:04:34,324 - src.base.trainer - INFO - Epoch [32/250] (5247) train_mae: 2.2039, val_mae: 3.2205, lr: 0.001000, 6.7s
2026-05-16 13:04:40,333 - src.base.trainer - INFO - epoch complete
2026-05-16 13:04:40,333 - src.base.trainer - INFO - evaluating now!
2026-05-16 13:04:40,986 - src.base.trainer - INFO - Epoch [33/250] (5406) train_mae: 2.1816, val_mae: 3.1932, lr: 0.001000, 6.0s
2026-05-16 13:04:47,027 - src.base.trainer - INFO - epoch complete
2026-05-16 13:04:47,027 - src.base.trainer - INFO - evaluating now!
2026-05-16 13:04:47,689 - src.base.trainer - INFO - Epoch [34/250] (5565) train_mae: 2.1622, val_mae: 3.1798, lr: 0.001000, 6.0s
2026-05-16 13:04:49,669 - src.base.trainer - INFO - Epoch [35/250] (5600) train_mae: 2.1505, val_mae: 3.2194 
2026-05-16 13:04:54,426 - src.base.trainer - INFO - epoch complete
2026-05-16 13:04:54,427 - src.base.trainer - INFO - evaluating now!
2026-05-16 13:04:55,077 - src.base.trainer - INFO - Epoch [35/250] (5724) train_mae: 2.1756, val_mae: 3.1215, lr: 0.001000, 6.7s
2026-05-16 13:05:01,086 - src.base.trainer - INFO - epoch complete
2026-05-16 13:05:01,086 - src.base.trainer - INFO - evaluating now!
2026-05-16 13:05:01,737 - src.base.trainer - INFO - Epoch [36/250] (5883) train_mae: 2.1666, val_mae: 3.2578, lr: 0.001000, 6.0s
2026-05-16 13:05:06,822 - src.base.trainer - INFO - Epoch [37/250] (6000) train_mae: 2.1482, val_mae: 3.1815 
2026-05-16 13:05:08,402 - src.base.trainer - INFO - epoch complete
2026-05-16 13:05:08,403 - src.base.trainer - INFO - evaluating now!
2026-05-16 13:05:09,055 - src.base.trainer - INFO - Epoch [37/250] (6042) train_mae: 2.1545, val_mae: 3.2281, lr: 0.001000, 6.7s
2026-05-16 13:05:15,167 - src.base.trainer - INFO - epoch complete
2026-05-16 13:05:15,167 - src.base.trainer - INFO - evaluating now!
2026-05-16 13:05:15,828 - src.base.trainer - INFO - Epoch [38/250] (6201) train_mae: 2.1479, val_mae: 3.2392, lr: 0.001000, 6.1s
2026-05-16 13:05:21,889 - src.base.trainer - INFO - epoch complete
2026-05-16 13:05:21,889 - src.base.trainer - INFO - evaluating now!
2026-05-16 13:05:22,542 - src.base.trainer - INFO - Epoch [39/250] (6360) train_mae: 2.1343, val_mae: 3.1872, lr: 0.001000, 6.1s
2026-05-16 13:05:24,794 - src.base.trainer - INFO - Epoch [40/250] (6400) train_mae: 2.1639, val_mae: 3.2242 
2026-05-16 13:05:29,289 - src.base.trainer - INFO - epoch complete
2026-05-16 13:05:29,289 - src.base.trainer - INFO - evaluating now!
2026-05-16 13:05:29,938 - src.base.trainer - INFO - Epoch [40/250] (6519) train_mae: 2.1374, val_mae: 3.1383, lr: 0.001000, 6.7s
2026-05-16 13:05:35,948 - src.base.trainer - INFO - epoch complete
2026-05-16 13:05:35,948 - src.base.trainer - INFO - evaluating now!
2026-05-16 13:05:36,601 - src.base.trainer - INFO - Epoch [41/250] (6678) train_mae: 2.1465, val_mae: 3.2171, lr: 0.001000, 6.0s
2026-05-16 13:05:41,879 - src.base.trainer - INFO - Epoch [42/250] (6800) train_mae: 2.1229, val_mae: 3.3100 
2026-05-16 13:05:43,269 - src.base.trainer - INFO - epoch complete
2026-05-16 13:05:43,269 - src.base.trainer - INFO - evaluating now!
2026-05-16 13:05:43,943 - src.base.trainer - INFO - Epoch [42/250] (6837) train_mae: 2.1288, val_mae: 3.2158, lr: 0.001000, 6.7s
2026-05-16 13:05:49,974 - src.base.trainer - INFO - epoch complete
2026-05-16 13:05:49,975 - src.base.trainer - INFO - evaluating now!
2026-05-16 13:05:50,626 - src.base.trainer - INFO - Epoch [43/250] (6996) train_mae: 2.1226, val_mae: 3.2415, lr: 0.001000, 6.0s
2026-05-16 13:05:56,661 - src.base.trainer - INFO - epoch complete
2026-05-16 13:05:56,661 - src.base.trainer - INFO - evaluating now!
2026-05-16 13:05:57,314 - src.base.trainer - INFO - Epoch [44/250] (7155) train_mae: 2.1377, val_mae: 3.2704, lr: 0.001000, 6.0s
2026-05-16 13:05:59,697 - src.base.trainer - INFO - Epoch [45/250] (7200) train_mae: 2.1644, val_mae: 3.2957 
2026-05-16 13:06:04,011 - src.base.trainer - INFO - epoch complete
2026-05-16 13:06:04,011 - src.base.trainer - INFO - evaluating now!
2026-05-16 13:06:04,664 - src.base.trainer - INFO - Epoch [45/250] (7314) train_mae: 2.1262, val_mae: 3.2637, lr: 0.001000, 6.7s
2026-05-16 13:06:10,662 - src.base.trainer - INFO - epoch complete
2026-05-16 13:06:10,662 - src.base.trainer - INFO - evaluating now!
2026-05-16 13:06:11,316 - src.base.trainer - INFO - Epoch [46/250] (7473) train_mae: 2.1180, val_mae: 3.2600, lr: 0.001000, 6.0s
2026-05-16 13:06:16,790 - src.base.trainer - INFO - Epoch [47/250] (7600) train_mae: 2.1009, val_mae: 3.2127 
2026-05-16 13:06:17,990 - src.base.trainer - INFO - epoch complete
2026-05-16 13:06:17,991 - src.base.trainer - INFO - evaluating now!
2026-05-16 13:06:18,643 - src.base.trainer - INFO - Epoch [47/250] (7632) train_mae: 2.0918, val_mae: 3.2654, lr: 0.001000, 6.7s
2026-05-16 13:06:24,689 - src.base.trainer - INFO - epoch complete
2026-05-16 13:06:24,689 - src.base.trainer - INFO - evaluating now!
2026-05-16 13:06:25,343 - src.base.trainer - INFO - Epoch [48/250] (7791) train_mae: 2.0973, val_mae: 3.3193, lr: 0.001000, 6.0s
2026-05-16 13:06:31,582 - src.base.trainer - INFO - epoch complete
2026-05-16 13:06:31,582 - src.base.trainer - INFO - evaluating now!
2026-05-16 13:06:32,234 - src.base.trainer - INFO - Epoch [49/250] (7950) train_mae: 2.1069, val_mae: 3.2778, lr: 0.001000, 6.2s
2026-05-16 13:06:34,783 - src.base.trainer - INFO - Epoch [50/250] (8000) train_mae: 2.1074, val_mae: 3.2555 
2026-05-16 13:06:38,914 - src.base.trainer - INFO - epoch complete
2026-05-16 13:06:38,915 - src.base.trainer - INFO - evaluating now!
2026-05-16 13:06:39,566 - src.base.trainer - INFO - Epoch [50/250] (8109) train_mae: 2.0970, val_mae: 3.2434, lr: 0.001000, 6.7s
2026-05-16 13:06:45,600 - src.base.trainer - INFO - epoch complete
2026-05-16 13:06:45,600 - src.base.trainer - INFO - evaluating now!
2026-05-16 13:06:46,255 - src.base.trainer - INFO - Epoch [51/250] (8268) train_mae: 2.0677, val_mae: 3.2762, lr: 0.001000, 6.0s
2026-05-16 13:06:51,924 - src.base.trainer - INFO - Epoch [52/250] (8400) train_mae: 2.0796, val_mae: 3.2945 
2026-05-16 13:06:52,935 - src.base.trainer - INFO - epoch complete
2026-05-16 13:06:52,935 - src.base.trainer - INFO - evaluating now!
2026-05-16 13:06:53,599 - src.base.trainer - INFO - Epoch [52/250] (8427) train_mae: 2.0842, val_mae: 3.1850, lr: 0.001000, 6.7s
2026-05-16 13:06:59,627 - src.base.trainer - INFO - epoch complete
2026-05-16 13:06:59,627 - src.base.trainer - INFO - evaluating now!
2026-05-16 13:07:00,280 - src.base.trainer - INFO - Epoch [53/250] (8586) train_mae: 2.0801, val_mae: 3.1587, lr: 0.001000, 6.0s
2026-05-16 13:07:06,352 - src.base.trainer - INFO - epoch complete
2026-05-16 13:07:06,352 - src.base.trainer - INFO - evaluating now!
2026-05-16 13:07:07,005 - src.base.trainer - INFO - Epoch [54/250] (8745) train_mae: 2.0839, val_mae: 3.2892, lr: 0.001000, 6.1s
2026-05-16 13:07:09,736 - src.base.trainer - INFO - Epoch [55/250] (8800) train_mae: 2.0551, val_mae: 3.2624 
2026-05-16 13:07:13,680 - src.base.trainer - INFO - epoch complete
2026-05-16 13:07:13,680 - src.base.trainer - INFO - evaluating now!
2026-05-16 13:07:14,336 - src.base.trainer - INFO - Epoch [55/250] (8904) train_mae: 2.0468, val_mae: 3.2764, lr: 0.001000, 6.7s
2026-05-16 13:07:20,363 - src.base.trainer - INFO - epoch complete
2026-05-16 13:07:20,363 - src.base.trainer - INFO - evaluating now!
2026-05-16 13:07:21,013 - src.base.trainer - INFO - Epoch [56/250] (9063) train_mae: 2.0588, val_mae: 3.2769, lr: 0.001000, 6.0s
2026-05-16 13:07:26,896 - src.base.trainer - INFO - Epoch [57/250] (9200) train_mae: 2.0101, val_mae: 3.2521 
2026-05-16 13:07:27,704 - src.base.trainer - INFO - epoch complete
2026-05-16 13:07:27,704 - src.base.trainer - INFO - evaluating now!
2026-05-16 13:07:28,358 - src.base.trainer - INFO - Epoch [57/250] (9222) train_mae: 2.0369, val_mae: 3.2677, lr: 0.001000, 6.7s
2026-05-16 13:07:34,366 - src.base.trainer - INFO - epoch complete
2026-05-16 13:07:34,366 - src.base.trainer - INFO - evaluating now!
2026-05-16 13:07:35,017 - src.base.trainer - INFO - Epoch [58/250] (9381) train_mae: 2.0515, val_mae: 3.2106, lr: 0.001000, 6.0s
2026-05-16 13:07:41,002 - src.base.trainer - INFO - epoch complete
2026-05-16 13:07:41,003 - src.base.trainer - INFO - evaluating now!
2026-05-16 13:07:41,655 - src.base.trainer - INFO - Epoch [59/250] (9540) train_mae: 2.0575, val_mae: 3.2039, lr: 0.001000, 6.0s
2026-05-16 13:07:44,591 - src.base.trainer - INFO - Epoch [60/250] (9600) train_mae: 2.0641, val_mae: 3.2850 
2026-05-16 13:07:48,323 - src.base.trainer - INFO - epoch complete
2026-05-16 13:07:48,324 - src.base.trainer - INFO - evaluating now!
2026-05-16 13:07:48,977 - src.base.trainer - INFO - Epoch [60/250] (9699) train_mae: 2.0497, val_mae: 3.2560, lr: 0.001000, 6.7s
2026-05-16 13:07:55,002 - src.base.trainer - INFO - epoch complete
2026-05-16 13:07:55,002 - src.base.trainer - INFO - evaluating now!
2026-05-16 13:07:55,653 - src.base.trainer - INFO - Epoch [61/250] (9858) train_mae: 2.0283, val_mae: 3.2503, lr: 0.001000, 6.0s
2026-05-16 13:08:01,676 - src.base.trainer - INFO - Epoch [62/250] (10000) train_mae: 2.0171, val_mae: 3.3289 
2026-05-16 13:08:02,308 - src.base.trainer - INFO - epoch complete
2026-05-16 13:08:02,308 - src.base.trainer - INFO - evaluating now!
2026-05-16 13:08:02,968 - src.base.trainer - INFO - Epoch [62/250] (10017) train_mae: 2.0220, val_mae: 3.3401, lr: 0.001000, 6.7s
2026-05-16 13:08:02,968 - src.base.trainer - INFO - Early stop at epoch 63, loss = 2.981645
2026-05-16 13:16:29,953 - src.base.trainer - INFO - the number of parameters: 77197
2026-05-16 13:16:29,954 - src.base.trainer - INFO - start training !!!!!
2026-05-16 13:16:36,299 - src.base.trainer - INFO - epoch complete
2026-05-16 13:16:36,299 - src.base.trainer - INFO - evaluating now!
2026-05-16 13:16:36,985 - src.base.trainer - INFO - Epoch [0/250] (159) train_mae: 5.7212, val_mae: 3.9447, lr: 0.001000, 6.3s
2026-05-16 13:16:36,989 - src.base.trainer - INFO - Val loss decrease from inf to 3.9447, saving to True
2026-05-16 13:16:43,249 - src.base.trainer - INFO - epoch complete
2026-05-16 13:16:43,249 - src.base.trainer - INFO - evaluating now!
2026-05-16 13:16:43,930 - src.base.trainer - INFO - Epoch [1/250] (318) train_mae: 3.0888, val_mae: 3.4258, lr: 0.001000, 6.3s
2026-05-16 13:16:43,934 - src.base.trainer - INFO - Val loss decrease from 3.9447 to 3.4258, saving to True
2026-05-16 13:16:47,898 - src.base.trainer - INFO - Epoch [2/250] (400) train_mae: 2.8868, val_mae: 3.3238 
2026-05-16 13:16:47,900 - src.base.trainer - INFO - Val loss decrease from 3.4258 to 3.3238, saving to True
2026-05-16 13:16:50,947 - src.base.trainer - INFO - epoch complete
2026-05-16 13:16:50,947 - src.base.trainer - INFO - evaluating now!
2026-05-16 13:16:51,629 - src.base.trainer - INFO - Epoch [2/250] (477) train_mae: 2.8018, val_mae: 3.3424, lr: 0.001000, 7.0s
2026-05-16 13:16:57,961 - src.base.trainer - INFO - epoch complete
2026-05-16 13:16:57,961 - src.base.trainer - INFO - evaluating now!
2026-05-16 13:16:58,642 - src.base.trainer - INFO - Epoch [3/250] (636) train_mae: 2.6798, val_mae: 3.1681, lr: 0.001000, 6.3s
2026-05-16 13:16:58,644 - src.base.trainer - INFO - Val loss decrease from 3.3238 to 3.1681, saving to True
2026-05-16 13:17:04,974 - src.base.trainer - INFO - epoch complete
2026-05-16 13:17:04,974 - src.base.trainer - INFO - evaluating now!
2026-05-16 13:17:05,658 - src.base.trainer - INFO - Epoch [4/250] (795) train_mae: 2.6224, val_mae: 3.1027, lr: 0.001000, 6.3s
2026-05-16 13:17:05,660 - src.base.trainer - INFO - Val loss decrease from 3.1681 to 3.1027, saving to True
2026-05-16 13:17:06,527 - src.base.trainer - INFO - Epoch [5/250] (800) train_mae: 2.8437, val_mae: 3.0789 
2026-05-16 13:17:06,529 - src.base.trainer - INFO - Val loss decrease from 3.1027 to 3.0789, saving to True
2026-05-16 13:17:12,613 - src.base.trainer - INFO - epoch complete
2026-05-16 13:17:12,613 - src.base.trainer - INFO - evaluating now!
2026-05-16 13:17:13,295 - src.base.trainer - INFO - Epoch [5/250] (954) train_mae: 2.5821, val_mae: 3.1560, lr: 0.001000, 7.0s
2026-05-16 13:17:19,608 - src.base.trainer - INFO - epoch complete
2026-05-16 13:17:19,608 - src.base.trainer - INFO - evaluating now!
2026-05-16 13:17:20,291 - src.base.trainer - INFO - Epoch [6/250] (1113) train_mae: 2.5650, val_mae: 3.0531, lr: 0.001000, 6.3s
2026-05-16 13:17:20,293 - src.base.trainer - INFO - Val loss decrease from 3.0789 to 3.0531, saving to True
2026-05-16 13:17:24,476 - src.base.trainer - INFO - Epoch [7/250] (1200) train_mae: 2.5290, val_mae: 3.0898 
2026-05-16 13:17:27,410 - src.base.trainer - INFO - epoch complete
2026-05-16 13:17:27,410 - src.base.trainer - INFO - evaluating now!
2026-05-16 13:17:28,095 - src.base.trainer - INFO - Epoch [7/250] (1272) train_mae: 2.5359, val_mae: 3.0764, lr: 0.001000, 7.1s
2026-05-16 13:17:34,410 - src.base.trainer - INFO - epoch complete
2026-05-16 13:17:34,412 - src.base.trainer - INFO - evaluating now!
2026-05-16 13:17:35,098 - src.base.trainer - INFO - Epoch [8/250] (1431) train_mae: 2.5160, val_mae: 2.9837, lr: 0.001000, 6.3s
2026-05-16 13:17:35,100 - src.base.trainer - INFO - Val loss decrease from 3.0531 to 2.9837, saving to True
2026-05-16 13:17:41,467 - src.base.trainer - INFO - epoch complete
2026-05-16 13:17:41,467 - src.base.trainer - INFO - evaluating now!
2026-05-16 13:17:42,241 - src.base.trainer - INFO - Epoch [9/250] (1590) train_mae: 2.5020, val_mae: 3.0216, lr: 0.001000, 6.4s
2026-05-16 13:17:43,340 - src.base.trainer - INFO - Epoch [10/250] (1600) train_mae: 2.6309, val_mae: 2.9922 
2026-05-16 13:17:49,299 - src.base.trainer - INFO - epoch complete
2026-05-16 13:17:49,299 - src.base.trainer - INFO - evaluating now!
2026-05-16 13:17:49,985 - src.base.trainer - INFO - Epoch [10/250] (1749) train_mae: 2.4850, val_mae: 3.0106, lr: 0.001000, 7.1s
2026-05-16 13:17:56,305 - src.base.trainer - INFO - epoch complete
2026-05-16 13:17:56,305 - src.base.trainer - INFO - evaluating now!
2026-05-16 13:17:56,999 - src.base.trainer - INFO - Epoch [11/250] (1908) train_mae: 2.5093, val_mae: 3.0916, lr: 0.001000, 6.3s
2026-05-16 13:18:01,332 - src.base.trainer - INFO - Epoch [12/250] (2000) train_mae: 2.4856, val_mae: 3.0272 
2026-05-16 13:18:03,973 - src.base.trainer - INFO - epoch complete
2026-05-16 13:18:03,973 - src.base.trainer - INFO - evaluating now!
2026-05-16 13:18:04,658 - src.base.trainer - INFO - Epoch [12/250] (2067) train_mae: 2.5014, val_mae: 2.9996, lr: 0.001000, 7.0s
2026-05-16 13:18:10,979 - src.base.trainer - INFO - epoch complete
2026-05-16 13:18:10,981 - src.base.trainer - INFO - evaluating now!
2026-05-16 13:18:11,663 - src.base.trainer - INFO - Epoch [13/250] (2226) train_mae: 2.4549, val_mae: 2.9860, lr: 0.001000, 6.3s
2026-05-16 13:18:17,957 - src.base.trainer - INFO - epoch complete
2026-05-16 13:18:17,957 - src.base.trainer - INFO - evaluating now!
2026-05-16 13:18:18,642 - src.base.trainer - INFO - Epoch [14/250] (2385) train_mae: 2.4442, val_mae: 2.9977, lr: 0.001000, 6.3s
2026-05-16 13:18:19,913 - src.base.trainer - INFO - Epoch [15/250] (2400) train_mae: 2.4685, val_mae: 2.9764 
2026-05-16 13:18:19,915 - src.base.trainer - INFO - Val loss decrease from 2.9837 to 2.9764, saving to True
2026-05-16 13:18:25,646 - src.base.trainer - INFO - epoch complete
2026-05-16 13:18:25,648 - src.base.trainer - INFO - evaluating now!
2026-05-16 13:18:26,331 - src.base.trainer - INFO - Epoch [15/250] (2544) train_mae: 2.4280, val_mae: 3.0663, lr: 0.001000, 7.0s
2026-05-16 13:18:32,616 - src.base.trainer - INFO - epoch complete
2026-05-16 13:18:32,616 - src.base.trainer - INFO - evaluating now!
2026-05-16 13:18:33,299 - src.base.trainer - INFO - Epoch [16/250] (2703) train_mae: 2.4326, val_mae: 2.9944, lr: 0.001000, 6.3s
2026-05-16 13:18:37,819 - src.base.trainer - INFO - Epoch [17/250] (2800) train_mae: 2.3671, val_mae: 3.0068 
2026-05-16 13:18:40,290 - src.base.trainer - INFO - epoch complete
2026-05-16 13:18:40,291 - src.base.trainer - INFO - evaluating now!
2026-05-16 13:18:40,992 - src.base.trainer - INFO - Epoch [17/250] (2862) train_mae: 2.4014, val_mae: 3.0612, lr: 0.001000, 7.0s
2026-05-16 13:18:47,309 - src.base.trainer - INFO - epoch complete
2026-05-16 13:18:47,309 - src.base.trainer - INFO - evaluating now!
2026-05-16 13:18:47,993 - src.base.trainer - INFO - Epoch [18/250] (3021) train_mae: 2.4097, val_mae: 3.0060, lr: 0.001000, 6.3s
2026-05-16 13:18:54,294 - src.base.trainer - INFO - epoch complete
2026-05-16 13:18:54,294 - src.base.trainer - INFO - evaluating now!
2026-05-16 13:18:54,978 - src.base.trainer - INFO - Epoch [19/250] (3180) train_mae: 2.3933, val_mae: 3.0041, lr: 0.001000, 6.3s
2026-05-16 13:18:56,447 - src.base.trainer - INFO - Epoch [20/250] (3200) train_mae: 2.3346, val_mae: 2.9757 
2026-05-16 13:18:56,449 - src.base.trainer - INFO - Val loss decrease from 2.9764 to 2.9757, saving to True
2026-05-16 13:19:01,970 - src.base.trainer - INFO - epoch complete
2026-05-16 13:19:01,970 - src.base.trainer - INFO - evaluating now!
2026-05-16 13:19:02,652 - src.base.trainer - INFO - Epoch [20/250] (3339) train_mae: 2.4015, val_mae: 3.0894, lr: 0.001000, 7.0s
2026-05-16 13:19:08,940 - src.base.trainer - INFO - epoch complete
2026-05-16 13:19:08,940 - src.base.trainer - INFO - evaluating now!
2026-05-16 13:19:09,624 - src.base.trainer - INFO - Epoch [21/250] (3498) train_mae: 2.3709, val_mae: 2.9534, lr: 0.001000, 6.3s
2026-05-16 13:19:09,626 - src.base.trainer - INFO - Val loss decrease from 2.9757 to 2.9534, saving to True
2026-05-16 13:19:14,392 - src.base.trainer - INFO - Epoch [22/250] (3600) train_mae: 2.3891, val_mae: 3.0106 
2026-05-16 13:19:16,640 - src.base.trainer - INFO - epoch complete
2026-05-16 13:19:16,640 - src.base.trainer - INFO - evaluating now!
2026-05-16 13:19:17,325 - src.base.trainer - INFO - Epoch [22/250] (3657) train_mae: 2.3734, val_mae: 3.0726, lr: 0.001000, 7.0s
2026-05-16 13:19:23,663 - src.base.trainer - INFO - epoch complete
2026-05-16 13:19:23,663 - src.base.trainer - INFO - evaluating now!
2026-05-16 13:19:24,351 - src.base.trainer - INFO - Epoch [23/250] (3816) train_mae: 2.3450, val_mae: 3.0771, lr: 0.001000, 6.3s
2026-05-16 13:19:30,658 - src.base.trainer - INFO - epoch complete
2026-05-16 13:19:30,658 - src.base.trainer - INFO - evaluating now!
2026-05-16 13:19:31,342 - src.base.trainer - INFO - Epoch [24/250] (3975) train_mae: 2.3280, val_mae: 3.0434, lr: 0.001000, 6.3s
2026-05-16 13:19:33,020 - src.base.trainer - INFO - Epoch [25/250] (4000) train_mae: 2.2321, val_mae: 3.0520 
2026-05-16 13:19:38,347 - src.base.trainer - INFO - epoch complete
2026-05-16 13:19:38,348 - src.base.trainer - INFO - evaluating now!
2026-05-16 13:19:39,035 - src.base.trainer - INFO - Epoch [25/250] (4134) train_mae: 2.3398, val_mae: 3.0285, lr: 0.001000, 7.0s
2026-05-16 13:19:45,341 - src.base.trainer - INFO - epoch complete
2026-05-16 13:19:45,343 - src.base.trainer - INFO - evaluating now!
2026-05-16 13:19:46,028 - src.base.trainer - INFO - Epoch [26/250] (4293) train_mae: 2.3495, val_mae: 3.0910, lr: 0.001000, 6.3s
2026-05-16 13:19:50,935 - src.base.trainer - INFO - Epoch [27/250] (4400) train_mae: 2.2893, val_mae: 3.0438 
2026-05-16 13:19:52,989 - src.base.trainer - INFO - epoch complete
2026-05-16 13:19:52,989 - src.base.trainer - INFO - evaluating now!
2026-05-16 13:19:53,672 - src.base.trainer - INFO - Epoch [27/250] (4452) train_mae: 2.3107, val_mae: 3.1048, lr: 0.001000, 7.0s
2026-05-16 13:19:59,969 - src.base.trainer - INFO - epoch complete
2026-05-16 13:19:59,969 - src.base.trainer - INFO - evaluating now!
2026-05-16 13:20:00,650 - src.base.trainer - INFO - Epoch [28/250] (4611) train_mae: 2.3128, val_mae: 3.1558, lr: 0.001000, 6.3s
2026-05-16 13:20:06,966 - src.base.trainer - INFO - epoch complete
2026-05-16 13:20:06,968 - src.base.trainer - INFO - evaluating now!
2026-05-16 13:20:07,655 - src.base.trainer - INFO - Epoch [29/250] (4770) train_mae: 2.3297, val_mae: 3.1616, lr: 0.001000, 6.3s
2026-05-16 13:20:09,532 - src.base.trainer - INFO - Epoch [30/250] (4800) train_mae: 2.4020, val_mae: 3.1697 
2026-05-16 13:20:14,666 - src.base.trainer - INFO - epoch complete
2026-05-16 13:20:14,667 - src.base.trainer - INFO - evaluating now!
2026-05-16 13:20:15,349 - src.base.trainer - INFO - Epoch [30/250] (4929) train_mae: 2.3371, val_mae: 3.1179, lr: 0.001000, 7.0s
2026-05-16 13:20:21,637 - src.base.trainer - INFO - epoch complete
2026-05-16 13:20:21,637 - src.base.trainer - INFO - evaluating now!
2026-05-16 13:20:22,325 - src.base.trainer - INFO - Epoch [31/250] (5088) train_mae: 2.2898, val_mae: 3.1039, lr: 0.001000, 6.3s
2026-05-16 13:20:27,482 - src.base.trainer - INFO - Epoch [32/250] (5200) train_mae: 2.2563, val_mae: 3.1048 
2026-05-16 13:20:29,328 - src.base.trainer - INFO - epoch complete
2026-05-16 13:20:29,329 - src.base.trainer - INFO - evaluating now!
2026-05-16 13:20:30,010 - src.base.trainer - INFO - Epoch [32/250] (5247) train_mae: 2.2784, val_mae: 3.1092, lr: 0.001000, 7.0s
2026-05-16 13:20:36,301 - src.base.trainer - INFO - epoch complete
2026-05-16 13:20:36,301 - src.base.trainer - INFO - evaluating now!
2026-05-16 13:20:36,981 - src.base.trainer - INFO - Epoch [33/250] (5406) train_mae: 2.2876, val_mae: 3.1913, lr: 0.001000, 6.3s
2026-05-16 13:20:43,283 - src.base.trainer - INFO - epoch complete
2026-05-16 13:20:43,283 - src.base.trainer - INFO - evaluating now!
2026-05-16 13:20:43,967 - src.base.trainer - INFO - Epoch [34/250] (5565) train_mae: 2.2678, val_mae: 3.1827, lr: 0.001000, 6.3s
2026-05-16 13:20:46,051 - src.base.trainer - INFO - Epoch [35/250] (5600) train_mae: 2.2956, val_mae: 3.1064 
2026-05-16 13:20:50,982 - src.base.trainer - INFO - epoch complete
2026-05-16 13:20:50,982 - src.base.trainer - INFO - evaluating now!
2026-05-16 13:20:51,667 - src.base.trainer - INFO - Epoch [35/250] (5724) train_mae: 2.2721, val_mae: 3.1685, lr: 0.001000, 7.0s
2026-05-16 13:20:58,022 - src.base.trainer - INFO - epoch complete
2026-05-16 13:20:58,022 - src.base.trainer - INFO - evaluating now!
2026-05-16 13:20:58,704 - src.base.trainer - INFO - Epoch [36/250] (5883) train_mae: 2.2529, val_mae: 3.0661, lr: 0.001000, 6.4s
2026-05-16 13:21:04,024 - src.base.trainer - INFO - Epoch [37/250] (6000) train_mae: 2.2196, val_mae: 3.1470 
2026-05-16 13:21:05,739 - src.base.trainer - INFO - epoch complete
2026-05-16 13:21:05,742 - src.base.trainer - INFO - evaluating now!
2026-05-16 13:21:06,422 - src.base.trainer - INFO - Epoch [37/250] (6042) train_mae: 2.2289, val_mae: 3.2000, lr: 0.001000, 7.0s
2026-05-16 13:21:12,726 - src.base.trainer - INFO - epoch complete
2026-05-16 13:21:12,726 - src.base.trainer - INFO - evaluating now!
2026-05-16 13:21:13,406 - src.base.trainer - INFO - Epoch [38/250] (6201) train_mae: 2.2428, val_mae: 3.0715, lr: 0.001000, 6.3s
2026-05-16 13:21:19,711 - src.base.trainer - INFO - epoch complete
2026-05-16 13:21:19,711 - src.base.trainer - INFO - evaluating now!
2026-05-16 13:21:20,396 - src.base.trainer - INFO - Epoch [39/250] (6360) train_mae: 2.2168, val_mae: 3.1034, lr: 0.001000, 6.3s
2026-05-16 13:21:22,668 - src.base.trainer - INFO - Epoch [40/250] (6400) train_mae: 2.2244, val_mae: 3.1227 
2026-05-16 13:21:27,676 - src.base.trainer - INFO - epoch complete
2026-05-16 13:21:27,676 - src.base.trainer - INFO - evaluating now!
2026-05-16 13:21:28,550 - src.base.trainer - INFO - Epoch [40/250] (6519) train_mae: 2.2160, val_mae: 3.1591, lr: 0.001000, 7.3s
2026-05-16 13:21:34,853 - src.base.trainer - INFO - epoch complete
2026-05-16 13:21:34,853 - src.base.trainer - INFO - evaluating now!
2026-05-16 13:21:35,538 - src.base.trainer - INFO - Epoch [41/250] (6678) train_mae: 2.2272, val_mae: 3.1788, lr: 0.001000, 6.3s
2026-05-16 13:21:41,055 - src.base.trainer - INFO - Epoch [42/250] (6800) train_mae: 2.1979, val_mae: 3.1454 
2026-05-16 13:21:42,499 - src.base.trainer - INFO - epoch complete
2026-05-16 13:21:42,499 - src.base.trainer - INFO - evaluating now!
2026-05-16 13:21:43,187 - src.base.trainer - INFO - Epoch [42/250] (6837) train_mae: 2.1849, val_mae: 3.1489, lr: 0.001000, 7.0s
2026-05-16 13:21:49,554 - src.base.trainer - INFO - epoch complete
2026-05-16 13:21:49,555 - src.base.trainer - INFO - evaluating now!
2026-05-16 13:21:50,237 - src.base.trainer - INFO - Epoch [43/250] (6996) train_mae: 2.1928, val_mae: 3.1415, lr: 0.001000, 6.4s
2026-05-16 13:21:56,537 - src.base.trainer - INFO - epoch complete
2026-05-16 13:21:56,537 - src.base.trainer - INFO - evaluating now!
2026-05-16 13:21:57,222 - src.base.trainer - INFO - Epoch [44/250] (7155) train_mae: 2.1972, val_mae: 3.0680, lr: 0.001000, 6.3s
2026-05-16 13:21:59,683 - src.base.trainer - INFO - Epoch [45/250] (7200) train_mae: 2.2523, val_mae: 3.1374 
2026-05-16 13:22:04,198 - src.base.trainer - INFO - epoch complete
2026-05-16 13:22:04,198 - src.base.trainer - INFO - evaluating now!
2026-05-16 13:22:04,884 - src.base.trainer - INFO - Epoch [45/250] (7314) train_mae: 2.1817, val_mae: 3.1065, lr: 0.001000, 7.0s
2026-05-16 13:22:11,200 - src.base.trainer - INFO - epoch complete
2026-05-16 13:22:11,200 - src.base.trainer - INFO - evaluating now!
2026-05-16 13:22:11,884 - src.base.trainer - INFO - Epoch [46/250] (7473) train_mae: 2.1572, val_mae: 3.0907, lr: 0.001000, 6.3s
2026-05-16 13:22:17,598 - src.base.trainer - INFO - Epoch [47/250] (7600) train_mae: 2.1856, val_mae: 3.0957 
2026-05-16 13:22:18,850 - src.base.trainer - INFO - epoch complete
2026-05-16 13:22:18,850 - src.base.trainer - INFO - evaluating now!
2026-05-16 13:22:19,533 - src.base.trainer - INFO - Epoch [47/250] (7632) train_mae: 2.1672, val_mae: 3.0989, lr: 0.001000, 7.0s
2026-05-16 13:22:25,855 - src.base.trainer - INFO - epoch complete
2026-05-16 13:22:25,855 - src.base.trainer - INFO - evaluating now!
2026-05-16 13:22:26,538 - src.base.trainer - INFO - Epoch [48/250] (7791) train_mae: 2.1757, val_mae: 3.2005, lr: 0.001000, 6.3s
2026-05-16 13:22:32,883 - src.base.trainer - INFO - epoch complete
2026-05-16 13:22:32,883 - src.base.trainer - INFO - evaluating now!
2026-05-16 13:22:33,563 - src.base.trainer - INFO - Epoch [49/250] (7950) train_mae: 2.1560, val_mae: 3.1281, lr: 0.001000, 6.3s
2026-05-16 13:22:36,218 - src.base.trainer - INFO - Epoch [50/250] (8000) train_mae: 2.1132, val_mae: 3.0921 
2026-05-16 13:22:40,527 - src.base.trainer - INFO - epoch complete
2026-05-16 13:22:40,527 - src.base.trainer - INFO - evaluating now!
2026-05-16 13:22:41,210 - src.base.trainer - INFO - Epoch [50/250] (8109) train_mae: 2.1545, val_mae: 3.0950, lr: 0.001000, 7.0s
2026-05-16 13:22:47,512 - src.base.trainer - INFO - epoch complete
2026-05-16 13:22:47,512 - src.base.trainer - INFO - evaluating now!
2026-05-16 13:22:48,194 - src.base.trainer - INFO - Epoch [51/250] (8268) train_mae: 2.1792, val_mae: 3.2028, lr: 0.001000, 6.3s
2026-05-16 13:22:54,139 - src.base.trainer - INFO - Epoch [52/250] (8400) train_mae: 2.1664, val_mae: 3.1388 
2026-05-16 13:22:55,208 - src.base.trainer - INFO - epoch complete
2026-05-16 13:22:55,208 - src.base.trainer - INFO - evaluating now!
2026-05-16 13:22:55,891 - src.base.trainer - INFO - Epoch [52/250] (8427) train_mae: 2.1691, val_mae: 3.1120, lr: 0.001000, 7.0s
2026-05-16 13:23:02,213 - src.base.trainer - INFO - epoch complete
2026-05-16 13:23:02,213 - src.base.trainer - INFO - evaluating now!
2026-05-16 13:23:02,898 - src.base.trainer - INFO - Epoch [53/250] (8586) train_mae: 2.1283, val_mae: 3.1567, lr: 0.001000, 6.3s
2026-05-16 13:23:09,190 - src.base.trainer - INFO - epoch complete
2026-05-16 13:23:09,190 - src.base.trainer - INFO - evaluating now!
2026-05-16 13:23:09,875 - src.base.trainer - INFO - Epoch [54/250] (8745) train_mae: 2.1338, val_mae: 3.1353, lr: 0.001000, 6.3s
2026-05-16 13:23:12,742 - src.base.trainer - INFO - Epoch [55/250] (8800) train_mae: 2.1172, val_mae: 3.1131 
2026-05-16 13:23:16,845 - src.base.trainer - INFO - epoch complete
2026-05-16 13:23:16,845 - src.base.trainer - INFO - evaluating now!
2026-05-16 13:23:17,549 - src.base.trainer - INFO - Epoch [55/250] (8904) train_mae: 2.1383, val_mae: 3.2058, lr: 0.001000, 7.0s
2026-05-16 13:23:23,921 - src.base.trainer - INFO - epoch complete
2026-05-16 13:23:23,924 - src.base.trainer - INFO - evaluating now!
2026-05-16 13:23:24,605 - src.base.trainer - INFO - Epoch [56/250] (9063) train_mae: 2.1638, val_mae: 3.0930, lr: 0.001000, 6.4s
2026-05-16 13:23:30,712 - src.base.trainer - INFO - Epoch [57/250] (9200) train_mae: 2.1456, val_mae: 3.1913 
2026-05-16 13:23:31,570 - src.base.trainer - INFO - epoch complete
2026-05-16 13:23:31,570 - src.base.trainer - INFO - evaluating now!
2026-05-16 13:23:32,264 - src.base.trainer - INFO - Epoch [57/250] (9222) train_mae: 2.1362, val_mae: 3.1471, lr: 0.001000, 7.0s
2026-05-16 13:23:38,534 - src.base.trainer - INFO - epoch complete
2026-05-16 13:23:38,536 - src.base.trainer - INFO - evaluating now!
2026-05-16 13:23:39,221 - src.base.trainer - INFO - Epoch [58/250] (9381) train_mae: 2.1306, val_mae: 3.2149, lr: 0.001000, 6.3s
2026-05-16 13:23:45,538 - src.base.trainer - INFO - epoch complete
2026-05-16 13:23:45,539 - src.base.trainer - INFO - evaluating now!
2026-05-16 13:23:46,222 - src.base.trainer - INFO - Epoch [59/250] (9540) train_mae: 2.1158, val_mae: 3.0987, lr: 0.001000, 6.3s
2026-05-16 13:23:49,298 - src.base.trainer - INFO - Epoch [60/250] (9600) train_mae: 2.1046, val_mae: 3.1577 
2026-05-16 13:23:53,218 - src.base.trainer - INFO - epoch complete
2026-05-16 13:23:53,218 - src.base.trainer - INFO - evaluating now!
2026-05-16 13:23:53,908 - src.base.trainer - INFO - Epoch [60/250] (9699) train_mae: 2.0900, val_mae: 3.1520, lr: 0.001000, 7.0s
2026-05-16 13:24:00,223 - src.base.trainer - INFO - epoch complete
2026-05-16 13:24:00,223 - src.base.trainer - INFO - evaluating now!
2026-05-16 13:24:00,907 - src.base.trainer - INFO - Epoch [61/250] (9858) train_mae: 2.0977, val_mae: 3.1713, lr: 0.001000, 6.3s
2026-05-16 13:24:07,220 - src.base.trainer - INFO - Epoch [62/250] (10000) train_mae: 2.0942, val_mae: 3.1215 
2026-05-16 13:24:07,882 - src.base.trainer - INFO - epoch complete
2026-05-16 13:24:07,882 - src.base.trainer - INFO - evaluating now!
2026-05-16 13:24:08,569 - src.base.trainer - INFO - Epoch [62/250] (10017) train_mae: 2.0993, val_mae: 3.0470, lr: 0.001000, 7.0s
2026-05-16 13:24:14,886 - src.base.trainer - INFO - epoch complete
2026-05-16 13:24:14,886 - src.base.trainer - INFO - evaluating now!
2026-05-16 13:24:15,569 - src.base.trainer - INFO - Epoch [63/250] (10176) train_mae: 2.0806, val_mae: 3.0870, lr: 0.001000, 6.3s
2026-05-16 13:24:21,907 - src.base.trainer - INFO - epoch complete
2026-05-16 13:24:21,907 - src.base.trainer - INFO - evaluating now!
2026-05-16 13:24:22,591 - src.base.trainer - INFO - Epoch [64/250] (10335) train_mae: 2.0915, val_mae: 3.1364, lr: 0.001000, 6.3s
2026-05-16 13:24:25,880 - src.base.trainer - INFO - Epoch [65/250] (10400) train_mae: 2.0852, val_mae: 3.0969 
2026-05-16 13:24:29,600 - src.base.trainer - INFO - epoch complete
2026-05-16 13:24:29,600 - src.base.trainer - INFO - evaluating now!
2026-05-16 13:24:30,281 - src.base.trainer - INFO - Epoch [65/250] (10494) train_mae: 2.0947, val_mae: 3.1024, lr: 0.001000, 7.0s
2026-05-16 13:24:36,603 - src.base.trainer - INFO - epoch complete
2026-05-16 13:24:36,603 - src.base.trainer - INFO - evaluating now!
2026-05-16 13:24:37,285 - src.base.trainer - INFO - Epoch [66/250] (10653) train_mae: 2.0647, val_mae: 3.1246, lr: 0.001000, 6.3s
2026-05-16 13:24:43,810 - src.base.trainer - INFO - Epoch [67/250] (10800) train_mae: 2.0825, val_mae: 3.1596 
2026-05-16 13:24:44,271 - src.base.trainer - INFO - epoch complete
2026-05-16 13:24:44,271 - src.base.trainer - INFO - evaluating now!
2026-05-16 13:24:44,953 - src.base.trainer - INFO - Epoch [67/250] (10812) train_mae: 2.0813, val_mae: 3.1743, lr: 0.001000, 7.0s
2026-05-16 13:24:51,250 - src.base.trainer - INFO - epoch complete
2026-05-16 13:24:51,250 - src.base.trainer - INFO - evaluating now!
2026-05-16 13:24:51,933 - src.base.trainer - INFO - Epoch [68/250] (10971) train_mae: 2.0951, val_mae: 3.0376, lr: 0.001000, 6.3s
2026-05-16 13:24:58,238 - src.base.trainer - INFO - epoch complete
2026-05-16 13:24:58,238 - src.base.trainer - INFO - evaluating now!
2026-05-16 13:24:58,921 - src.base.trainer - INFO - Epoch [69/250] (11130) train_mae: 2.0595, val_mae: 3.0793, lr: 0.001000, 6.3s
2026-05-16 13:25:02,390 - src.base.trainer - INFO - Epoch [70/250] (11200) train_mae: 2.0473, val_mae: 3.1558 
2026-05-16 13:25:05,930 - src.base.trainer - INFO - epoch complete
2026-05-16 13:25:05,930 - src.base.trainer - INFO - evaluating now!
2026-05-16 13:25:06,614 - src.base.trainer - INFO - Epoch [70/250] (11289) train_mae: 2.0699, val_mae: 3.1317, lr: 0.001000, 7.0s
2026-05-16 13:25:12,942 - src.base.trainer - INFO - epoch complete
2026-05-16 13:25:12,942 - src.base.trainer - INFO - evaluating now!
2026-05-16 13:25:13,626 - src.base.trainer - INFO - Epoch [71/250] (11448) train_mae: 2.0686, val_mae: 3.1079, lr: 0.001000, 6.3s
2026-05-16 13:25:13,626 - src.base.trainer - INFO - Early stop at epoch 72, loss = 2.953432
2026-05-16 22:29:58,286 - src.base.trainer - INFO - the number of parameters: 68251
2026-05-16 22:29:58,286 - src.base.trainer - INFO - start training !!!!!
2026-05-16 22:30:05,237 - src.base.trainer - INFO - epoch complete
2026-05-16 22:30:05,237 - src.base.trainer - INFO - evaluating now!
2026-05-16 22:30:05,892 - src.base.trainer - INFO - Epoch [0/250] (159) train_mae: 5.2773, val_mae: 3.8641, lr: 0.001000, 7.0s
2026-05-16 22:30:05,899 - src.base.trainer - INFO - Val loss decrease from inf to 3.8641, saving to True
2026-05-16 22:30:12,085 - src.base.trainer - INFO - epoch complete
2026-05-16 22:30:12,085 - src.base.trainer - INFO - evaluating now!
2026-05-16 22:30:12,740 - src.base.trainer - INFO - Epoch [1/250] (318) train_mae: 3.0357, val_mae: 3.3424, lr: 0.001000, 6.2s
2026-05-16 22:30:12,742 - src.base.trainer - INFO - Val loss decrease from 3.8641 to 3.3424, saving to True
2026-05-16 22:30:16,590 - src.base.trainer - INFO - Epoch [2/250] (400) train_mae: 2.7004, val_mae: 3.2304 
2026-05-16 22:30:16,591 - src.base.trainer - INFO - Val loss decrease from 3.3424 to 3.2304, saving to True
2026-05-16 22:30:19,557 - src.base.trainer - INFO - epoch complete
2026-05-16 22:30:19,557 - src.base.trainer - INFO - evaluating now!
2026-05-16 22:30:20,211 - src.base.trainer - INFO - Epoch [2/250] (477) train_mae: 2.7543, val_mae: 3.2145, lr: 0.001000, 6.8s
2026-05-16 22:30:20,213 - src.base.trainer - INFO - Val loss decrease from 3.2304 to 3.2145, saving to True
2026-05-16 22:30:26,286 - src.base.trainer - INFO - epoch complete
2026-05-16 22:30:26,287 - src.base.trainer - INFO - evaluating now!
2026-05-16 22:30:26,941 - src.base.trainer - INFO - Epoch [3/250] (636) train_mae: 2.6472, val_mae: 3.1300, lr: 0.001000, 6.1s
2026-05-16 22:30:26,943 - src.base.trainer - INFO - Val loss decrease from 3.2145 to 3.1300, saving to True
2026-05-16 22:30:33,073 - src.base.trainer - INFO - epoch complete
2026-05-16 22:30:33,073 - src.base.trainer - INFO - evaluating now!
2026-05-16 22:30:33,738 - src.base.trainer - INFO - Epoch [4/250] (795) train_mae: 2.5909, val_mae: 3.1190, lr: 0.001000, 6.1s
2026-05-16 22:30:33,740 - src.base.trainer - INFO - Val loss decrease from 3.1300 to 3.1190, saving to True
2026-05-16 22:30:34,572 - src.base.trainer - INFO - Epoch [5/250] (800) train_mae: 2.4484, val_mae: 3.0894 
2026-05-16 22:30:34,573 - src.base.trainer - INFO - Val loss decrease from 3.1190 to 3.0894, saving to True
2026-05-16 22:30:40,463 - src.base.trainer - INFO - epoch complete
2026-05-16 22:30:40,463 - src.base.trainer - INFO - evaluating now!
2026-05-16 22:30:41,122 - src.base.trainer - INFO - Epoch [5/250] (954) train_mae: 2.5652, val_mae: 3.0541, lr: 0.001000, 6.7s
2026-05-16 22:30:41,123 - src.base.trainer - INFO - Val loss decrease from 3.0894 to 3.0541, saving to True
2026-05-16 22:30:47,356 - src.base.trainer - INFO - epoch complete
2026-05-16 22:30:47,356 - src.base.trainer - INFO - evaluating now!
2026-05-16 22:30:48,011 - src.base.trainer - INFO - Epoch [6/250] (1113) train_mae: 2.5246, val_mae: 3.0903, lr: 0.001000, 6.2s
2026-05-16 22:30:52,050 - src.base.trainer - INFO - Epoch [7/250] (1200) train_mae: 2.5065, val_mae: 3.0498 
2026-05-16 22:30:52,052 - src.base.trainer - INFO - Val loss decrease from 3.0541 to 3.0498, saving to True
2026-05-16 22:30:54,884 - src.base.trainer - INFO - epoch complete
2026-05-16 22:30:54,884 - src.base.trainer - INFO - evaluating now!
2026-05-16 22:30:55,540 - src.base.trainer - INFO - Epoch [7/250] (1272) train_mae: 2.4922, val_mae: 3.0706, lr: 0.001000, 6.9s
2026-05-16 22:31:01,647 - src.base.trainer - INFO - epoch complete
2026-05-16 22:31:01,647 - src.base.trainer - INFO - evaluating now!
2026-05-16 22:31:02,303 - src.base.trainer - INFO - Epoch [8/250] (1431) train_mae: 2.4754, val_mae: 3.0469, lr: 0.001000, 6.1s
2026-05-16 22:31:02,306 - src.base.trainer - INFO - Val loss decrease from 3.0498 to 3.0469, saving to True
2026-05-16 22:31:08,416 - src.base.trainer - INFO - epoch complete
2026-05-16 22:31:08,416 - src.base.trainer - INFO - evaluating now!
2026-05-16 22:31:09,067 - src.base.trainer - INFO - Epoch [9/250] (1590) train_mae: 2.4611, val_mae: 3.0651, lr: 0.001000, 6.1s
2026-05-16 22:31:10,098 - src.base.trainer - INFO - Epoch [10/250] (1600) train_mae: 2.3316, val_mae: 3.0464 
2026-05-16 22:31:10,100 - src.base.trainer - INFO - Val loss decrease from 3.0469 to 3.0464, saving to True
2026-05-16 22:31:15,925 - src.base.trainer - INFO - epoch complete
2026-05-16 22:31:15,927 - src.base.trainer - INFO - evaluating now!
2026-05-16 22:31:16,587 - src.base.trainer - INFO - Epoch [10/250] (1749) train_mae: 2.4397, val_mae: 2.9964, lr: 0.001000, 6.9s
2026-05-16 22:31:16,589 - src.base.trainer - INFO - Val loss decrease from 3.0464 to 2.9964, saving to True
2026-05-16 22:31:22,636 - src.base.trainer - INFO - epoch complete
2026-05-16 22:31:22,636 - src.base.trainer - INFO - evaluating now!
2026-05-16 22:31:23,297 - src.base.trainer - INFO - Epoch [11/250] (1908) train_mae: 2.4153, val_mae: 3.0446, lr: 0.001000, 6.0s
2026-05-16 22:31:27,428 - src.base.trainer - INFO - Epoch [12/250] (2000) train_mae: 2.3988, val_mae: 2.9816 
2026-05-16 22:31:27,430 - src.base.trainer - INFO - Val loss decrease from 2.9964 to 2.9816, saving to True
2026-05-16 22:31:30,070 - src.base.trainer - INFO - epoch complete
2026-05-16 22:31:30,070 - src.base.trainer - INFO - evaluating now!
2026-05-16 22:31:30,762 - src.base.trainer - INFO - Epoch [12/250] (2067) train_mae: 2.3972, val_mae: 3.0877, lr: 0.001000, 6.8s
2026-05-16 22:31:37,079 - src.base.trainer - INFO - epoch complete
2026-05-16 22:31:37,079 - src.base.trainer - INFO - evaluating now!
2026-05-16 22:31:37,729 - src.base.trainer - INFO - Epoch [13/250] (2226) train_mae: 2.3953, val_mae: 3.0035, lr: 0.001000, 6.3s
2026-05-16 22:31:43,738 - src.base.trainer - INFO - epoch complete
2026-05-16 22:31:43,738 - src.base.trainer - INFO - evaluating now!
2026-05-16 22:31:44,393 - src.base.trainer - INFO - Epoch [14/250] (2385) train_mae: 2.3752, val_mae: 3.0794, lr: 0.001000, 6.0s
2026-05-16 22:31:45,612 - src.base.trainer - INFO - Epoch [15/250] (2400) train_mae: 2.4636, val_mae: 2.9869 
2026-05-16 22:31:51,075 - src.base.trainer - INFO - epoch complete
2026-05-16 22:31:51,076 - src.base.trainer - INFO - evaluating now!
2026-05-16 22:31:51,734 - src.base.trainer - INFO - Epoch [15/250] (2544) train_mae: 2.3639, val_mae: 3.0177, lr: 0.001000, 6.7s
2026-05-16 22:31:57,967 - src.base.trainer - INFO - epoch complete
2026-05-16 22:31:57,967 - src.base.trainer - INFO - evaluating now!
2026-05-16 22:31:58,637 - src.base.trainer - INFO - Epoch [16/250] (2703) train_mae: 2.3565, val_mae: 3.1481, lr: 0.001000, 6.2s
2026-05-16 22:32:03,035 - src.base.trainer - INFO - Epoch [17/250] (2800) train_mae: 2.3684, val_mae: 3.0303 
2026-05-16 22:32:05,429 - src.base.trainer - INFO - epoch complete
2026-05-16 22:32:05,429 - src.base.trainer - INFO - evaluating now!
2026-05-16 22:32:06,083 - src.base.trainer - INFO - Epoch [17/250] (2862) train_mae: 2.3409, val_mae: 3.0420, lr: 0.001000, 6.8s
2026-05-16 22:32:12,094 - src.base.trainer - INFO - epoch complete
2026-05-16 22:32:12,094 - src.base.trainer - INFO - evaluating now!
2026-05-16 22:32:12,756 - src.base.trainer - INFO - Epoch [18/250] (3021) train_mae: 2.3139, val_mae: 3.0772, lr: 0.001000, 6.0s
2026-05-16 22:32:19,135 - src.base.trainer - INFO - epoch complete
2026-05-16 22:32:19,135 - src.base.trainer - INFO - evaluating now!
2026-05-16 22:32:19,792 - src.base.trainer - INFO - Epoch [19/250] (3180) train_mae: 2.3295, val_mae: 3.1135, lr: 0.001000, 6.4s
2026-05-16 22:32:21,213 - src.base.trainer - INFO - Epoch [20/250] (3200) train_mae: 2.3502, val_mae: 3.1114 
2026-05-16 22:32:26,514 - src.base.trainer - INFO - epoch complete
2026-05-16 22:32:26,515 - src.base.trainer - INFO - evaluating now!
2026-05-16 22:32:27,171 - src.base.trainer - INFO - Epoch [20/250] (3339) train_mae: 2.3151, val_mae: 3.2500, lr: 0.001000, 6.7s
2026-05-16 22:32:33,284 - src.base.trainer - INFO - epoch complete
2026-05-16 22:32:33,284 - src.base.trainer - INFO - evaluating now!
2026-05-16 22:32:33,959 - src.base.trainer - INFO - Epoch [21/250] (3498) train_mae: 2.3027, val_mae: 3.0864, lr: 0.001000, 6.1s
2026-05-16 22:32:38,654 - src.base.trainer - INFO - Epoch [22/250] (3600) train_mae: 2.3176, val_mae: 3.0668 
2026-05-16 22:32:40,787 - src.base.trainer - INFO - epoch complete
2026-05-16 22:32:40,787 - src.base.trainer - INFO - evaluating now!
2026-05-16 22:32:41,437 - src.base.trainer - INFO - Epoch [22/250] (3657) train_mae: 2.2835, val_mae: 3.0516, lr: 0.001000, 6.8s
2026-05-16 22:32:41,437 - src.base.trainer - INFO - Early stop at epoch 23, loss = 2.981645
